sure	ayet	kelime_no	segment_no	form_buckwalter	form_arapca	lem	pos	features	ayet_osmani	ayet_harekesiz
1	1	3	2	r~aHoma`ni	رَّحْمَٰنِ	r~aHoma`n	ADJ	STEM|POS:ADJ|LEM:r~aHoma`n|ROOT:rHm|MS|GEN	بِسْمِ ٱللَّهِ ٱلرَّحْمَٰنِ ٱلرَّحِيمِ	بسم الله الرحمن الرحيم
1	1	4	2	r~aHiymi	رَّحِيمِ	r~aHiym	ADJ	STEM|POS:ADJ|LEM:r~aHiym|ROOT:rHm|MS|GEN	بِسْمِ ٱللَّهِ ٱلرَّحْمَٰنِ ٱلرَّحِيمِ	بسم الله الرحمن الرحيم
1	3	1	2	r~aHoma`ni	رَّحْمَٰنِ	r~aHoma`n	ADJ	STEM|POS:ADJ|LEM:r~aHoma`n|ROOT:rHm|MS|GEN	ٱلرَّحْمَٰنِ ٱلرَّحِيمِ	الرحمن الرحيم
1	3	2	2	r~aHiymi	رَّحِيمِ	r~aHiym	ADJ	STEM|POS:ADJ|LEM:r~aHiym|ROOT:rHm|MS|GEN	ٱلرَّحْمَٰنِ ٱلرَّحِيمِ	الرحمن الرحيم
2	37	11	2	r~aHiymu	رَّحِيمُ	r~aHiym	ADJ	STEM|POS:ADJ|LEM:r~aHiym|ROOT:rHm|MS|NOM	فَتَلَقَّىٰٓ ءَادَمُ مِن رَّبِّهِۦ كَلِمَٰتٍ فَتَابَ عَلَيْهِ إِنَّهُۥ هُوَ ٱلتَّوَّابُ ٱلرَّحِيمُ	فتلقى آدم من ربه كلمات فتاب عليه إنه هو التواب الرحيم
2	54	26	2	r~aHiymu	رَّحِيمُ	r~aHiym	ADJ	STEM|POS:ADJ|LEM:r~aHiym|ROOT:rHm|MS|NOM	وَإِذْ قَالَ مُوسَىٰ لِقَوْمِهِۦ يَٰقَوْمِ إِنَّكُمْ ظَلَمْتُمْ أَنفُسَكُم بِٱتِّخَاذِكُمُ ٱلْعِجْلَ فَتُوبُوٓا۟ إِلَىٰ بَارِئِكُمْ فَٱقْتُلُوٓا۟ أَنفُسَكُمْ ذَٰلِكُمْ خَيْرٌ لَّكُمْ عِندَ بَارِئِكُمْ فَتَابَ عَلَيْكُمْ إِنَّهُۥ هُوَ ٱلتَّوَّابُ ٱلرَّحِيمُ	وإذ قال موسى لقومه يا قوم إنكم ظلمتم أنفسكم باتخاذكم العجل فتوبوا إلى بارئكم فاقتلوا أنفسكم ذلكم خير لكم عند بارئكم فتاب عليكم إنه هو التواب الرحيم
2	64	10	2	raHomatu	رَحْمَتُ	raHomap	N	STEM|POS:N|LEM:raHomap|ROOT:rHm|F|NOM	ثُمَّ تَوَلَّيْتُم مِّنۢ بَعْدِ ذَٰلِكَ فَلَوْلَا فَضْلُ ٱللَّهِ عَلَيْكُمْ وَرَحْمَتُهُۥ لَكُنتُم مِّنَ ٱلْخَٰسِرِينَ	ثم توليتم من بعد ذلك فلولا فضل الله عليكم ورحمته لكنتم من الخاسرين
2	105	19	2	raHomati	رَحْمَتِ	raHomap	N	STEM|POS:N|LEM:raHomap|ROOT:rHm|F|GEN	مَّا يَوَدُّ ٱلَّذِينَ كَفَرُوا۟ مِنْ أَهْلِ ٱلْكِتَٰبِ وَلَا ٱلْمُشْرِكِينَ أَن يُنَزَّلَ عَلَيْكُم مِّنْ خَيْرٍ مِّن رَّبِّكُمْ وَٱللَّهُ يَخْتَصُّ بِرَحْمَتِهِۦ مَن يَشَآءُ وَٱللَّهُ ذُو ٱلْفَضْلِ ٱلْعَظِيمِ	ما يود الذين كفروا من أهل الكتاب ولا المشركين أن ينزل عليكم من خير من ربكم والله يختص برحمته من يشاء والله ذو الفضل العظيم
2	128	17	2	r~aHiymu	رَّحِيمُ	r~aHiym	ADJ	STEM|POS:ADJ|LEM:r~aHiym|ROOT:rHm|MS|NOM	رَبَّنَا وَٱجْعَلْنَا مُسْلِمَيْنِ لَكَ وَمِن ذُرِّيَّتِنَآ أُمَّةً مُّسْلِمَةً لَّكَ وَأَرِنَا مَنَاسِكَنَا وَتُبْ عَلَيْنَآ إِنَّكَ أَنتَ ٱلتَّوَّابُ ٱلرَّحِيمُ	ربنا واجعلنا مسلمين لك ومن ذريتنا أمة مسلمة لك وأرنا مناسكنا وتب علينا إنك أنت التواب الرحيم
2	143	45	1	r~aHiymN	رَّحِيمٌ	r~aHiym	ADJ	STEM|POS:ADJ|LEM:r~aHiym|ROOT:rHm|MS|INDEF|NOM	وَكَذَٰلِكَ جَعَلْنَٰكُمْ أُمَّةً وَسَطًا لِّتَكُونُوا۟ شُهَدَآءَ عَلَى ٱلنَّاسِ وَيَكُونَ ٱلرَّسُولُ عَلَيْكُمْ شَهِيدًا وَمَا جَعَلْنَا ٱلْقِبْلَةَ ٱلَّتِى كُنتَ عَلَيْهَآ إِلَّا لِنَعْلَمَ مَن يَتَّبِعُ ٱلرَّسُولَ مِمَّن يَنقَلِبُ عَلَىٰ عَقِبَيْهِ وَإِن كَانَتْ لَكَبِيرَةً إِلَّا عَلَى ٱلَّذِينَ هَدَى ٱللَّهُ وَمَا كَانَ ٱللَّهُ لِيُضِيعَ إِيمَٰنَكُمْ إِنَّ ٱللَّهَ بِٱلنَّاسِ لَرَءُوفٌ رَّحِيمٌ	وكذلك جعلناكم أمة وسطا لتكونوا شهداء على الناس ويكون الرسول عليكم شهيدا وما جعلنا القبلة التي كنت عليها إلا لنعلم من يتبع الرسول ممن ينقلب على عقبيه وإن كانت لكبيرة إلا على الذين هدى الله وما كان الله ليضيع إيمانكم إن الله بالناس لرءوف رحيم
2	157	6	2	raHomapN	رَحْمَةٌ	raHomap	N	STEM|POS:N|LEM:raHomap|ROOT:rHm|F|INDEF|NOM	أُو۟لَٰٓئِكَ عَلَيْهِمْ صَلَوَٰتٌ مِّن رَّبِّهِمْ وَرَحْمَةٌ وَأُو۟لَٰٓئِكَ هُمُ ٱلْمُهْتَدُونَ	أولئك عليهم صلوات من ربهم ورحمة وأولئك هم المهتدون
2	160	11	2	r~aHiymu	رَّحِيمُ	r~aHiym	ADJ	STEM|POS:ADJ|LEM:r~aHiym|ROOT:rHm|MS|NOM	إِلَّا ٱلَّذِينَ تَابُوا۟ وَأَصْلَحُوا۟ وَبَيَّنُوا۟ فَأُو۟لَٰٓئِكَ أَتُوبُ عَلَيْهِمْ وَأَنَا ٱلتَّوَّابُ ٱلرَّحِيمُ	إلا الذين تابوا وأصلحوا وبينوا فأولئك أتوب عليهم وأنا التواب الرحيم
2	163	8	2	r~aHoma`nu	رَّحْمَٰنُ	r~aHoma`n	N	STEM|POS:N|LEM:r~aHoma`n|ROOT:rHm|MS|NOM	وَإِلَٰهُكُمْ إِلَٰهٌ وَٰحِدٌ لَّآ إِلَٰهَ إِلَّا هُوَ ٱلرَّحْمَٰنُ ٱلرَّحِيمُ	وإلهكم إله واحد لا إله إلا هو الرحمن الرحيم
2	163	9	2	r~aHiymu	رَّحِيمُ	r~aHiym	ADJ	STEM|POS:ADJ|LEM:r~aHiym|ROOT:rHm|MS|NOM	وَإِلَٰهُكُمْ إِلَٰهٌ وَٰحِدٌ لَّآ إِلَٰهَ إِلَّا هُوَ ٱلرَّحْمَٰنُ ٱلرَّحِيمُ	وإلهكم إله واحد لا إله إلا هو الرحمن الرحيم
2	173	25	1	r~aHiymN	رَّحِيمٌ	r~aHiym	ADJ	STEM|POS:ADJ|LEM:r~aHiym|ROOT:rHm|MS|INDEF|NOM	إِنَّمَا حَرَّمَ عَلَيْكُمُ ٱلْمَيْتَةَ وَٱلدَّمَ وَلَحْمَ ٱلْخِنزِيرِ وَمَآ أُهِلَّ بِهِۦ لِغَيْرِ ٱللَّهِ فَمَنِ ٱضْطُرَّ غَيْرَ بَاغٍ وَلَا عَادٍ فَلَآ إِثْمَ عَلَيْهِ إِنَّ ٱللَّهَ غَفُورٌ رَّحِيمٌ	إنما حرم عليكم الميتة والدم ولحم الخنزير وما أهل به لغير الله فمن اضطر غير باغ ولا عاد فلا إثم عليه إن الله غفور رحيم
2	178	30	2	raHomapN	رَحْمَةٌ	raHomap	N	STEM|POS:N|LEM:raHomap|ROOT:rHm|F|INDEF|NOM	يَٰٓأَيُّهَا ٱلَّذِينَ ءَامَنُوا۟ كُتِبَ عَلَيْكُمُ ٱلْقِصَاصُ فِى ٱلْقَتْلَى ٱلْحُرُّ بِٱلْحُرِّ وَٱلْعَبْدُ بِٱلْعَبْدِ وَٱلْأُنثَىٰ بِٱلْأُنثَىٰ فَمَنْ عُفِىَ لَهُۥ مِنْ أَخِيهِ شَىْءٌ فَٱتِّبَاعٌۢ بِٱلْمَعْرُوفِ وَأَدَآءٌ إِلَيْهِ بِإِحْسَٰنٍ ذَٰلِكَ تَخْفِيفٌ مِّن رَّبِّكُمْ وَرَحْمَةٌ فَمَنِ ٱعْتَدَىٰ بَعْدَ ذَٰلِكَ فَلَهُۥ عَذَابٌ أَلِيمٌ	يا أيها الذين آمنوا كتب عليكم القصاص في القتلى الحر بالحر والعبد بالعبد والأنثى بالأنثى فمن عفي له من أخيه شيء فاتباع بالمعروف وأداء إليه بإحسان ذلك تخفيف من ربكم ورحمة فمن اعتدى بعد ذلك فله عذاب أليم
2	182	16	1	r~aHiymN	رَّحِيمٌ	r~aHiym	ADJ	STEM|POS:ADJ|LEM:r~aHiym|ROOT:rHm|MS|INDEF|NOM	فَمَنْ خَافَ مِن مُّوصٍ جَنَفًا أَوْ إِثْمًا فَأَصْلَحَ بَيْنَهُمْ فَلَآ إِثْمَ عَلَيْهِ إِنَّ ٱللَّهَ غَفُورٌ رَّحِيمٌ	فمن خاف من موص جنفا أو إثما فأصلح بينهم فلا إثم عليه إن الله غفور رحيم
2	192	6	1	r~aHiymN	رَّحِيمٌ	r~aHiym	ADJ	STEM|POS:ADJ|LEM:r~aHiym|ROOT:rHm|MS|INDEF|NOM	فَإِنِ ٱنتَهَوْا۟ فَإِنَّ ٱللَّهَ غَفُورٌ رَّحِيمٌ	فإن انتهوا فإن الله غفور رحيم
2	199	12	1	r~aHiymN	رَّحِيمٌ	r~aHiym	ADJ	STEM|POS:ADJ|LEM:r~aHiym|ROOT:rHm|MS|INDEF|NOM	ثُمَّ أَفِيضُوا۟ مِنْ حَيْثُ أَفَاضَ ٱلنَّاسُ وَٱسْتَغْفِرُوا۟ ٱللَّهَ إِنَّ ٱللَّهَ غَفُورٌ رَّحِيمٌ	ثم أفيضوا من حيث أفاض الناس واستغفروا الله إن الله غفور رحيم
2	218	12	1	raHomata	رَحْمَتَ	raHomap	N	STEM|POS:N|LEM:raHomap|ROOT:rHm|F|ACC	إِنَّ ٱلَّذِينَ ءَامَنُوا۟ وَٱلَّذِينَ هَاجَرُوا۟ وَجَٰهَدُوا۟ فِى سَبِيلِ ٱللَّهِ أُو۟لَٰٓئِكَ يَرْجُونَ رَحْمَتَ ٱللَّهِ وَٱللَّهُ غَفُورٌ رَّحِيمٌ	إن الذين آمنوا والذين هاجروا وجاهدوا في سبيل الله أولئك يرجون رحمت الله والله غفور رحيم
2	218	16	1	r~aHiymN	رَّحِيمٌ	r~aHiym	ADJ	STEM|POS:ADJ|LEM:r~aHiym|ROOT:rHm|MS|INDEF|NOM	إِنَّ ٱلَّذِينَ ءَامَنُوا۟ وَٱلَّذِينَ هَاجَرُوا۟ وَجَٰهَدُوا۟ فِى سَبِيلِ ٱللَّهِ أُو۟لَٰٓئِكَ يَرْجُونَ رَحْمَتَ ٱللَّهِ وَٱللَّهُ غَفُورٌ رَّحِيمٌ	إن الذين آمنوا والذين هاجروا وجاهدوا في سبيل الله أولئك يرجون رحمت الله والله غفور رحيم
2	226	13	1	r~aHiymN	رَّحِيمٌ	r~aHiym	ADJ	STEM|POS:ADJ|LEM:r~aHiym|ROOT:rHm|MS|INDEF|NOM	لِّلَّذِينَ يُؤْلُونَ مِن نِّسَآئِهِمْ تَرَبُّصُ أَرْبَعَةِ أَشْهُرٍ فَإِن فَآءُو فَإِنَّ ٱللَّهَ غَفُورٌ رَّحِيمٌ	للذين يؤلون من نسائهم تربص أربعة أشهر فإن فاءوا فإن الله غفور رحيم
2	228	15	1	>aroHaAmi	أَرْحَامِ	>aroHaAm	N	STEM|POS:N|LEM:>aroHaAm|ROOT:rHm|MP|GEN	وَٱلْمُطَلَّقَٰتُ يَتَرَبَّصْنَ بِأَنفُسِهِنَّ ثَلَٰثَةَ قُرُوٓءٍ وَلَا يَحِلُّ لَهُنَّ أَن يَكْتُمْنَ مَا خَلَقَ ٱللَّهُ فِىٓ أَرْحَامِهِنَّ إِن كُنَّ يُؤْمِنَّ بِٱللَّهِ وَٱلْيَوْمِ ٱلْـَٔاخِرِ وَبُعُولَتُهُنَّ أَحَقُّ بِرَدِّهِنَّ فِى ذَٰلِكَ إِنْ أَرَادُوٓا۟ إِصْلَٰحًا وَلَهُنَّ مِثْلُ ٱلَّذِى عَلَيْهِنَّ بِٱلْمَعْرُوفِ وَلِلرِّجَالِ عَلَيْهِنَّ دَرَجَةٌ وَٱللَّهُ عَزِيزٌ حَكِيمٌ	والمطلقات يتربصن بأنفسهن ثلاثة قروء ولا يحل لهن أن يكتمن ما خلق الله في أرحامهن إن كن يؤمن بالله واليوم الآخر وبعولتهن أحق بردهن في ذلك إن أرادوا إصلاحا ولهن مثل الذي عليهن بالمعروف وللرجال عليهن درجة والله عزيز حكيم
2	286	43	2	{roHamo	ٱرْحَمْ	r~aHima	V	STEM|POS:V|IMPV|LEM:r~aHima|ROOT:rHm|2MS	لَا يُكَلِّفُ ٱللَّهُ نَفْسًا إِلَّا وُسْعَهَا لَهَا مَا كَسَبَتْ وَعَلَيْهَا مَا ٱكْتَسَبَتْ رَبَّنَا لَا تُؤَاخِذْنَآ إِن نَّسِينَآ أَوْ أَخْطَأْنَا رَبَّنَا وَلَا تَحْمِلْ عَلَيْنَآ إِصْرًا كَمَا حَمَلْتَهُۥ عَلَى ٱلَّذِينَ مِن قَبْلِنَا رَبَّنَا وَلَا تُحَمِّلْنَا مَا لَا طَاقَةَ لَنَا بِهِۦ وَٱعْفُ عَنَّا وَٱغْفِرْ لَنَا وَٱرْحَمْنَآ أَنتَ مَوْلَىٰنَا فَٱنصُرْنَا عَلَى ٱلْقَوْمِ ٱلْكَٰفِرِينَ	لا يكلف الله نفسا إلا وسعها لها ما كسبت وعليها ما اكتسبت ربنا لا تؤاخذنا إن نسينا أو أخطأنا ربنا ولا تحمل علينا إصرا كما حملته على الذين من قبلنا ربنا ولا تحملنا ما لا طاقة لنا به واعف عنا واغفر لنا وارحمنا أنت مولانا فانصرنا على القوم الكافرين
3	6	5	2	>aroHaAmi	أَرْحَامِ	>aroHaAm	N	STEM|POS:N|LEM:>aroHaAm|ROOT:rHm|MP|GEN	هُوَ ٱلَّذِى يُصَوِّرُكُمْ فِى ٱلْأَرْحَامِ كَيْفَ يَشَآءُ لَآ إِلَٰهَ إِلَّا هُوَ ٱلْعَزِيزُ ٱلْحَكِيمُ	هو الذي يصوركم في الأرحام كيف يشاء لا إله إلا هو العزيز الحكيم
3	8	12	1	raHomapF	رَحْمَةً	raHomap	N	STEM|POS:N|LEM:raHomap|ROOT:rHm|F|INDEF|ACC	رَبَّنَا لَا تُزِغْ قُلُوبَنَا بَعْدَ إِذْ هَدَيْتَنَا وَهَبْ لَنَا مِن لَّدُنكَ رَحْمَةً إِنَّكَ أَنتَ ٱلْوَهَّابُ	ربنا لا تزغ قلوبنا بعد إذ هديتنا وهب لنا من لدنك رحمة إنك أنت الوهاب
3	31	14	1	r~aHiymN	رَّحِيمٌ	r~aHiym	ADJ	STEM|POS:ADJ|LEM:r~aHiym|ROOT:rHm|MS|INDEF|NOM	قُلْ إِن كُنتُمْ تُحِبُّونَ ٱللَّهَ فَٱتَّبِعُونِى يُحْبِبْكُمُ ٱللَّهُ وَيَغْفِرْ لَكُمْ ذُنُوبَكُمْ وَٱللَّهُ غَفُورٌ رَّحِيمٌ	قل إن كنتم تحبون الله فاتبعوني يحببكم الله ويغفر لكم ذنوبكم والله غفور رحيم
3	74	2	2	raHomati	رَحْمَتِ	raHomap	N	STEM|POS:N|LEM:raHomap|ROOT:rHm|F|GEN	يَخْتَصُّ بِرَحْمَتِهِۦ مَن يَشَآءُ وَٱللَّهُ ذُو ٱلْفَضْلِ ٱلْعَظِيمِ	يختص برحمته من يشاء والله ذو الفضل العظيم
3	89	11	1	r~aHiymN	رَّحِيمٌ	r~aHiym	ADJ	STEM|POS:ADJ|LEM:r~aHiym|ROOT:rHm|MS|INDEF|NOM	إِلَّا ٱلَّذِينَ تَابُوا۟ مِنۢ بَعْدِ ذَٰلِكَ وَأَصْلَحُوا۟ فَإِنَّ ٱللَّهَ غَفُورٌ رَّحِيمٌ	إلا الذين تابوا من بعد ذلك وأصلحوا فإن الله غفور رحيم
3	107	6	1	raHomapi	رَحْمَةِ	raHomap	N	STEM|POS:N|LEM:raHomap|ROOT:rHm|F|GEN	وَأَمَّا ٱلَّذِينَ ٱبْيَضَّتْ وُجُوهُهُمْ فَفِى رَحْمَةِ ٱللَّهِ هُمْ فِيهَا خَٰلِدُونَ	وأما الذين ابيضت وجوههم ففي رحمة الله هم فيها خالدون
3	129	16	1	r~aHiymN	رَّحِيمٌ	r~aHiym	ADJ	STEM|POS:ADJ|LEM:r~aHiym|ROOT:rHm|MS|INDEF|NOM	وَلِلَّهِ مَا فِى ٱلسَّمَٰوَٰتِ وَمَا فِى ٱلْأَرْضِ يَغْفِرُ لِمَن يَشَآءُ وَيُعَذِّبُ مَن يَشَآءُ وَٱللَّهُ غَفُورٌ رَّحِيمٌ	ولله ما في السماوات وما في الأرض يغفر لمن يشاء ويعذب من يشاء والله غفور رحيم
3	132	5	1	turoHamu	تُرْحَمُ	r~aHima	V	STEM|POS:V|IMPF|PASS|LEM:r~aHima|ROOT:rHm|2MP	وَأَطِيعُوا۟ ٱللَّهَ وَٱلرَّسُولَ لَعَلَّكُمْ تُرْحَمُونَ	وأطيعوا الله والرسول لعلكم ترحمون
3	157	11	2	raHomapN	رَحْمَةٌ	raHomap	N	STEM|POS:N|LEM:raHomap|ROOT:rHm|F|INDEF|NOM	وَلَئِن قُتِلْتُمْ فِى سَبِيلِ ٱللَّهِ أَوْ مُتُّمْ لَمَغْفِرَةٌ مِّنَ ٱللَّهِ وَرَحْمَةٌ خَيْرٌ مِّمَّا يَجْمَعُونَ	ولئن قتلتم في سبيل الله أو متم لمغفرة من الله ورحمة خير مما يجمعون
3	159	2	1	raHomapK	رَحْمَةٍ	raHomap	N	STEM|POS:N|LEM:raHomap|ROOT:rHm|F|INDEF|GEN	فَبِمَا رَحْمَةٍ مِّنَ ٱللَّهِ لِنتَ لَهُمْ وَلَوْ كُنتَ فَظًّا غَلِيظَ ٱلْقَلْبِ لَٱنفَضُّوا۟ مِنْ حَوْلِكَ فَٱعْفُ عَنْهُمْ وَٱسْتَغْفِرْ لَهُمْ وَشَاوِرْهُمْ فِى ٱلْأَمْرِ فَإِذَا عَزَمْتَ فَتَوَكَّلْ عَلَى ٱللَّهِ إِنَّ ٱللَّهَ يُحِبُّ ٱلْمُتَوَكِّلِينَ	فبما رحمة من الله لنت لهم ولو كنت فظا غليظ القلب لانفضوا من حولك فاعف عنهم واستغفر لهم وشاورهم في الأمر فإذا عزمت فتوكل على الله إن الله يحب المتوكلين
4	1	23	3	>aroHaAma	أَرْحَامَ	>aroHaAm	N	STEM|POS:N|LEM:>aroHaAm|ROOT:rHm|MP|ACC	بِسْمِ ٱللَّهِ ٱلرَّحْمَٰنِ ٱلرَّحِيمِ يَٰٓأَيُّهَا ٱلنَّاسُ ٱتَّقُوا۟ رَبَّكُمُ ٱلَّذِى خَلَقَكُم مِّن نَّفْسٍ وَٰحِدَةٍ وَخَلَقَ مِنْهَا زَوْجَهَا وَبَثَّ مِنْهُمَا رِجَالًا كَثِيرًا وَنِسَآءً وَٱتَّقُوا۟ ٱللَّهَ ٱلَّذِى تَسَآءَلُونَ بِهِۦ وَٱلْأَرْحَامَ إِنَّ ٱللَّهَ كَانَ عَلَيْكُمْ رَقِيبًا	بسم الله الرحمن الرحيم يا أيها الناس اتقوا ربكم الذي خلقكم من نفس واحدة وخلق منها زوجها وبث منهما رجالا كثيرا ونساء واتقوا الله الذي تساءلون به والأرحام إن الله كان عليكم رقيبا
4	16	14	1	r~aHiymFA	رَّحِيمًا	r~aHiym	ADJ	STEM|POS:ADJ|LEM:r~aHiym|ROOT:rHm|MS|INDEF|ACC	وَٱلَّذَانِ يَأْتِيَٰنِهَا مِنكُمْ فَـَٔاذُوهُمَا فَإِن تَابَا وَأَصْلَحَا فَأَعْرِضُوا۟ عَنْهُمَآ إِنَّ ٱللَّهَ كَانَ تَوَّابًا رَّحِيمًا	واللذان يأتيانها منكم فآذوهما فإن تابا وأصلحا فأعرضوا عنهما إن الله كان توابا رحيما
4	23	54	1	r~aHiymFA	رَّحِيمًا	r~aHiym	ADJ	STEM|POS:ADJ|LEM:r~aHiym|ROOT:rHm|MS|INDEF|ACC	حُرِّمَتْ عَلَيْكُمْ أُمَّهَٰتُكُمْ وَبَنَاتُكُمْ وَأَخَوَٰتُكُمْ وَعَمَّٰتُكُمْ وَخَٰلَٰتُكُمْ وَبَنَاتُ ٱلْأَخِ وَبَنَاتُ ٱلْأُخْتِ وَأُمَّهَٰتُكُمُ ٱلَّٰتِىٓ أَرْضَعْنَكُمْ وَأَخَوَٰتُكُم مِّنَ ٱلرَّضَٰعَةِ وَأُمَّهَٰتُ نِسَآئِكُمْ وَرَبَٰٓئِبُكُمُ ٱلَّٰتِى فِى حُجُورِكُم مِّن نِّسَآئِكُمُ ٱلَّٰتِى دَخَلْتُم بِهِنَّ فَإِن لَّمْ تَكُونُوا۟ دَخَلْتُم بِهِنَّ فَلَا جُنَاحَ عَلَيْكُمْ وَحَلَٰٓئِلُ أَبْنَآئِكُمُ ٱلَّذِينَ مِنْ أَصْلَٰبِكُمْ وَأَن تَجْمَعُوا۟ بَيْنَ ٱلْأُخْتَيْنِ إِلَّا مَا قَدْ سَلَفَ إِنَّ ٱللَّهَ كَانَ غَفُورًا رَّحِيمًا	حرمت عليكم أمهاتكم وبناتكم وأخواتكم وعماتكم وخالاتكم وبنات الأخ وبنات الأخت وأمهاتكم اللاتي أرضعنكم وأخواتكم من الرضاعة وأمهات نسائكم وربائبكم اللاتي في حجوركم من نسائكم اللاتي دخلتم بهن فإن لم تكونوا دخلتم بهن فلا جناح عليكم وحلائل أبنائكم الذين من أصلابكم وأن تجمعوا بين الأختين إلا ما قد سلف إن الله كان غفورا رحيما
4	25	58	1	r~aHiymN	رَّحِيمٌ	r~aHiym	ADJ	STEM|POS:ADJ|LEM:r~aHiym|ROOT:rHm|MS|INDEF|NOM	وَمَن لَّمْ يَسْتَطِعْ مِنكُمْ طَوْلًا أَن يَنكِحَ ٱلْمُحْصَنَٰتِ ٱلْمُؤْمِنَٰتِ فَمِن مَّا مَلَكَتْ أَيْمَٰنُكُم مِّن فَتَيَٰتِكُمُ ٱلْمُؤْمِنَٰتِ وَٱللَّهُ أَعْلَمُ بِإِيمَٰنِكُم بَعْضُكُم مِّنۢ بَعْضٍ فَٱنكِحُوهُنَّ بِإِذْنِ أَهْلِهِنَّ وَءَاتُوهُنَّ أُجُورَهُنَّ بِٱلْمَعْرُوفِ مُحْصَنَٰتٍ غَيْرَ مُسَٰفِحَٰتٍ وَلَا مُتَّخِذَٰتِ أَخْدَانٍ فَإِذَآ أُحْصِنَّ فَإِنْ أَتَيْنَ بِفَٰحِشَةٍ فَعَلَيْهِنَّ نِصْفُ مَا عَلَى ٱلْمُحْصَنَٰتِ مِنَ ٱلْعَذَابِ ذَٰلِكَ لِمَنْ خَشِىَ ٱلْعَنَتَ مِنكُمْ وَأَن تَصْبِرُوا۟ خَيْرٌ لَّكُمْ وَٱللَّهُ غَفُورٌ رَّحِيمٌ	ومن لم يستطع منكم طولا أن ينكح المحصنات المؤمنات فمن ما ملكت أيمانكم من فتياتكم المؤمنات والله أعلم بإيمانكم بعضكم من بعض فانكحوهن بإذن أهلهن وآتوهن أجورهن بالمعروف محصنات غير مسافحات ولا متخذات أخدان فإذا أحصن فإن أتين بفاحشة فعليهن نصف ما على المحصنات من العذاب ذلك لمن خشي العنت منكم وأن تصبروا خير لكم والله غفور رحيم
4	29	23	1	raHiymFA	رَحِيمًا	r~aHiym	N	STEM|POS:N|LEM:r~aHiym|ROOT:rHm|MS|INDEF|ACC	يَٰٓأَيُّهَا ٱلَّذِينَ ءَامَنُوا۟ لَا تَأْكُلُوٓا۟ أَمْوَٰلَكُم بَيْنَكُم بِٱلْبَٰطِلِ إِلَّآ أَن تَكُونَ تِجَٰرَةً عَن تَرَاضٍ مِّنكُمْ وَلَا تَقْتُلُوٓا۟ أَنفُسَكُمْ إِنَّ ٱللَّهَ كَانَ بِكُمْ رَحِيمًا	يا أيها الذين آمنوا لا تأكلوا أموالكم بينكم بالباطل إلا أن تكون تجارة عن تراض منكم ولا تقتلوا أنفسكم إن الله كان بكم رحيما
4	64	23	1	r~aHiymFA	رَّحِيمًا	r~aHiym	ADJ	STEM|POS:ADJ|LEM:r~aHiym|ROOT:rHm|MS|INDEF|ACC	وَمَآ أَرْسَلْنَا مِن رَّسُولٍ إِلَّا لِيُطَاعَ بِإِذْنِ ٱللَّهِ وَلَوْ أَنَّهُمْ إِذ ظَّلَمُوٓا۟ أَنفُسَهُمْ جَآءُوكَ فَٱسْتَغْفَرُوا۟ ٱللَّهَ وَٱسْتَغْفَرَ لَهُمُ ٱلرَّسُولُ لَوَجَدُوا۟ ٱللَّهَ تَوَّابًا رَّحِيمًا	وما أرسلنا من رسول إلا ليطاع بإذن الله ولو أنهم إذ ظلموا أنفسهم جاءوك فاستغفروا الله واستغفر لهم الرسول لوجدوا الله توابا رحيما
4	83	26	2	raHomatu	رَحْمَتُ	raHomap	N	STEM|POS:N|LEM:raHomap|ROOT:rHm|F|NOM	وَإِذَا جَآءَهُمْ أَمْرٌ مِّنَ ٱلْأَمْنِ أَوِ ٱلْخَوْفِ أَذَاعُوا۟ بِهِۦ وَلَوْ رَدُّوهُ إِلَى ٱلرَّسُولِ وَإِلَىٰٓ أُو۟لِى ٱلْأَمْرِ مِنْهُمْ لَعَلِمَهُ ٱلَّذِينَ يَسْتَنۢبِطُونَهُۥ مِنْهُمْ وَلَوْلَا فَضْلُ ٱللَّهِ عَلَيْكُمْ وَرَحْمَتُهُۥ لَٱتَّبَعْتُمُ ٱلشَّيْطَٰنَ إِلَّا قَلِيلًا	وإذا جاءهم أمر من الأمن أو الخوف أذاعوا به ولو ردوه إلى الرسول وإلى أولي الأمر منهم لعلمه الذين يستنبطونه منهم ولولا فضل الله عليكم ورحمته لاتبعتم الشيطان إلا قليلا
4	96	4	2	raHomapF	رَحْمَةً	raHomap	N	STEM|POS:N|LEM:raHomap|ROOT:rHm|F|INDEF|ACC	دَرَجَٰتٍ مِّنْهُ وَمَغْفِرَةً وَرَحْمَةً وَكَانَ ٱللَّهُ غَفُورًا رَّحِيمًا	درجات منه ومغفرة ورحمة وكان الله غفورا رحيما
4	96	8	1	r~aHiymFA	رَّحِيمًا	r~aHiym	ADJ	STEM|POS:ADJ|LEM:r~aHiym|ROOT:rHm|MS|INDEF|ACC	دَرَجَٰتٍ مِّنْهُ وَمَغْفِرَةً وَرَحْمَةً وَكَانَ ٱللَّهُ غَفُورًا رَّحِيمًا	درجات منه ومغفرة ورحمة وكان الله غفورا رحيما
4	100	31	1	r~aHiymFA	رَّحِيمًا	r~aHiym	ADJ	STEM|POS:ADJ|LEM:r~aHiym|ROOT:rHm|MS|INDEF|ACC	وَمَن يُهَاجِرْ فِى سَبِيلِ ٱللَّهِ يَجِدْ فِى ٱلْأَرْضِ مُرَٰغَمًا كَثِيرًا وَسَعَةً وَمَن يَخْرُجْ مِنۢ بَيْتِهِۦ مُهَاجِرًا إِلَى ٱللَّهِ وَرَسُولِهِۦ ثُمَّ يُدْرِكْهُ ٱلْمَوْتُ فَقَدْ وَقَعَ أَجْرُهُۥ عَلَى ٱللَّهِ وَكَانَ ٱللَّهُ غَفُورًا رَّحِيمًا	ومن يهاجر في سبيل الله يجد في الأرض مراغما كثيرا وسعة ومن يخرج من بيته مهاجرا إلى الله ورسوله ثم يدركه الموت فقد وقع أجره على الله وكان الله غفورا رحيما
4	106	7	1	r~aHiymFA	رَّحِيمًا	r~aHiym	ADJ	STEM|POS:ADJ|LEM:r~aHiym|ROOT:rHm|MS|INDEF|ACC	وَٱسْتَغْفِرِ ٱللَّهَ إِنَّ ٱللَّهَ كَانَ غَفُورًا رَّحِيمًا	واستغفر الله إن الله كان غفورا رحيما
4	110	13	1	r~aHiymFA	رَّحِيمًا	r~aHiym	ADJ	STEM|POS:ADJ|LEM:r~aHiym|ROOT:rHm|MS|INDEF|ACC	وَمَن يَعْمَلْ سُوٓءًا أَوْ يَظْلِمْ نَفْسَهُۥ ثُمَّ يَسْتَغْفِرِ ٱللَّهَ يَجِدِ ٱللَّهَ غَفُورًا رَّحِيمًا	ومن يعمل سوءا أو يظلم نفسه ثم يستغفر الله يجد الله غفورا رحيما
4	113	5	2	raHomatu	رَحْمَتُ	raHomap	N	STEM|POS:N|LEM:raHomap|ROOT:rHm|F|NOM	وَلَوْلَا فَضْلُ ٱللَّهِ عَلَيْكَ وَرَحْمَتُهُۥ لَهَمَّت طَّآئِفَةٌ مِّنْهُمْ أَن يُضِلُّوكَ وَمَا يُضِلُّونَ إِلَّآ أَنفُسَهُمْ وَمَا يَضُرُّونَكَ مِن شَىْءٍ وَأَنزَلَ ٱللَّهُ عَلَيْكَ ٱلْكِتَٰبَ وَٱلْحِكْمَةَ وَعَلَّمَكَ مَا لَمْ تَكُن تَعْلَمُ وَكَانَ فَضْلُ ٱللَّهِ عَلَيْكَ عَظِيمًا	ولولا فضل الله عليك ورحمته لهمت طائفة منهم أن يضلوك وما يضلون إلا أنفسهم وما يضرونك من شيء وأنزل الله عليك الكتاب والحكمة وعلمك ما لم تكن تعلم وكان فضل الله عليك عظيما
4	129	22	1	r~aHiymFA	رَّحِيمًا	r~aHiym	ADJ	STEM|POS:ADJ|LEM:r~aHiym|ROOT:rHm|MS|INDEF|ACC	وَلَن تَسْتَطِيعُوٓا۟ أَن تَعْدِلُوا۟ بَيْنَ ٱلنِّسَآءِ وَلَوْ حَرَصْتُمْ فَلَا تَمِيلُوا۟ كُلَّ ٱلْمَيْلِ فَتَذَرُوهَا كَٱلْمُعَلَّقَةِ وَإِن تُصْلِحُوا۟ وَتَتَّقُوا۟ فَإِنَّ ٱللَّهَ كَانَ غَفُورًا رَّحِيمًا	ولن تستطيعوا أن تعدلوا بين النساء ولو حرصتم فلا تميلوا كل الميل فتذروها كالمعلقة وإن تصلحوا وتتقوا فإن الله كان غفورا رحيما
4	152	17	1	r~aHiymFA	رَّحِيمًا	r~aHiym	ADJ	STEM|POS:ADJ|LEM:r~aHiym|ROOT:rHm|MS|INDEF|ACC	وَٱلَّذِينَ ءَامَنُوا۟ بِٱللَّهِ وَرُسُلِهِۦ وَلَمْ يُفَرِّقُوا۟ بَيْنَ أَحَدٍ مِّنْهُمْ أُو۟لَٰٓئِكَ سَوْفَ يُؤْتِيهِمْ أُجُورَهُمْ وَكَانَ ٱللَّهُ غَفُورًا رَّحِيمًا	والذين آمنوا بالله ورسله ولم يفرقوا بين أحد منهم أولئك سوف يؤتيهم أجورهم وكان الله غفورا رحيما
4	175	9	1	raHomapK	رَحْمَةٍ	raHomap	N	STEM|POS:N|LEM:raHomap|ROOT:rHm|F|INDEF|GEN	فَأَمَّا ٱلَّذِينَ ءَامَنُوا۟ بِٱللَّهِ وَٱعْتَصَمُوا۟ بِهِۦ فَسَيُدْخِلُهُمْ فِى رَحْمَةٍ مِّنْهُ وَفَضْلٍ وَيَهْدِيهِمْ إِلَيْهِ صِرَٰطًا مُّسْتَقِيمًا	فأما الذين آمنوا بالله واعتصموا به فسيدخلهم في رحمة منه وفضل ويهديهم إليه صراطا مستقيما
5	3	61	1	r~aHiymN	رَّحِيمٌ	r~aHiym	ADJ	STEM|POS:ADJ|LEM:r~aHiym|ROOT:rHm|MS|INDEF|NOM	حُرِّمَتْ عَلَيْكُمُ ٱلْمَيْتَةُ وَٱلدَّمُ وَلَحْمُ ٱلْخِنزِيرِ وَمَآ أُهِلَّ لِغَيْرِ ٱللَّهِ بِهِۦ وَٱلْمُنْخَنِقَةُ وَٱلْمَوْقُوذَةُ وَٱلْمُتَرَدِّيَةُ وَٱلنَّطِيحَةُ وَمَآ أَكَلَ ٱلسَّبُعُ إِلَّا مَا ذَكَّيْتُمْ وَمَا ذُبِحَ عَلَى ٱلنُّصُبِ وَأَن تَسْتَقْسِمُوا۟ بِٱلْأَزْلَٰمِ ذَٰلِكُمْ فِسْقٌ ٱلْيَوْمَ يَئِسَ ٱلَّذِينَ كَفَرُوا۟ مِن دِينِكُمْ فَلَا تَخْشَوْهُمْ وَٱخْشَوْنِ ٱلْيَوْمَ أَكْمَلْتُ لَكُمْ دِينَكُمْ وَأَتْمَمْتُ عَلَيْكُمْ نِعْمَتِى وَرَضِيتُ لَكُمُ ٱلْإِسْلَٰمَ دِينًا فَمَنِ ٱضْطُرَّ فِى مَخْمَصَةٍ غَيْرَ مُتَجَانِفٍ لِّإِثْمٍ فَإِنَّ ٱللَّهَ غَفُورٌ رَّحِيمٌ	حرمت عليكم الميتة والدم ولحم الخنزير وما أهل لغير الله به والمنخنقة والموقوذة والمتردية والنطيحة وما أكل السبع إلا ما ذكيتم وما ذبح على النصب وأن تستقسموا بالأزلام ذلكم فسق اليوم يئس الذين كفروا من دينكم فلا تخشوهم واخشون اليوم أكملت لكم دينكم وأتممت عليكم نعمتي ورضيت لكم الإسلام دينا فمن اضطر في مخمصة غير متجانف لإثم فإن الله غفور رحيم
5	34	13	1	r~aHiymN	رَّحِيمٌ	r~aHiym	ADJ	STEM|POS:ADJ|LEM:r~aHiym|ROOT:rHm|MS|INDEF|NOM	إِلَّا ٱلَّذِينَ تَابُوا۟ مِن قَبْلِ أَن تَقْدِرُوا۟ عَلَيْهِمْ فَٱعْلَمُوٓا۟ أَنَّ ٱللَّهَ غَفُورٌ رَّحِيمٌ	إلا الذين تابوا من قبل أن تقدروا عليهم فاعلموا أن الله غفور رحيم
5	39	14	1	r~aHiymN	رَّحِيمٌ	r~aHiym	ADJ	STEM|POS:ADJ|LEM:r~aHiym|ROOT:rHm|MS|INDEF|NOM	فَمَن تَابَ مِنۢ بَعْدِ ظُلْمِهِۦ وَأَصْلَحَ فَإِنَّ ٱللَّهَ يَتُوبُ عَلَيْهِ إِنَّ ٱللَّهَ غَفُورٌ رَّحِيمٌ	فمن تاب من بعد ظلمه وأصلح فإن الله يتوب عليه إن الله غفور رحيم
5	74	8	1	r~aHiymN	رَّحِيمٌ	r~aHiym	ADJ	STEM|POS:ADJ|LEM:r~aHiym|ROOT:rHm|MS|INDEF|NOM	أَفَلَا يَتُوبُونَ إِلَى ٱللَّهِ وَيَسْتَغْفِرُونَهُۥ وَٱللَّهُ غَفُورٌ رَّحِيمٌ	أفلا يتوبون إلى الله ويستغفرونه والله غفور رحيم
5	98	9	1	r~aHiymN	رَّحِيمٌ	r~aHiym	ADJ	STEM|POS:ADJ|LEM:r~aHiym|ROOT:rHm|MS|INDEF|NOM	ٱعْلَمُوٓا۟ أَنَّ ٱللَّهَ شَدِيدُ ٱلْعِقَابِ وَأَنَّ ٱللَّهَ غَفُورٌ رَّحِيمٌ	اعلموا أن الله شديد العقاب وأن الله غفور رحيم
6	12	12	2	r~aHomapa	رَّحْمَةَ	raHomap	N	STEM|POS:N|LEM:raHomap|ROOT:rHm|F|ACC	قُل لِّمَن مَّا فِى ٱلسَّمَٰوَٰتِ وَٱلْأَرْضِ قُل لِّلَّهِ كَتَبَ عَلَىٰ نَفْسِهِ ٱلرَّحْمَةَ لَيَجْمَعَنَّكُمْ إِلَىٰ يَوْمِ ٱلْقِيَٰمَةِ لَا رَيْبَ فِيهِ ٱلَّذِينَ خَسِرُوٓا۟ أَنفُسَهُمْ فَهُمْ لَا يُؤْمِنُونَ	قل لمن ما في السماوات والأرض قل لله كتب على نفسه الرحمة ليجمعنكم إلى يوم القيامة لا ريب فيه الذين خسروا أنفسهم فهم لا يؤمنون
6	16	6	1	raHima	رَحِمَ	r~aHima	V	STEM|POS:V|PERF|LEM:r~aHima|ROOT:rHm|3MS	مَّن يُصْرَفْ عَنْهُ يَوْمَئِذٍ فَقَدْ رَحِمَهُۥ وَذَٰلِكَ ٱلْفَوْزُ ٱلْمُبِينُ	من يصرف عنه يومئذ فقد رحمه وذلك الفوز المبين
6	54	13	2	r~aHomapa	رَّحْمَةَ	raHomap	N	STEM|POS:N|LEM:raHomap|ROOT:rHm|F|ACC	وَإِذَا جَآءَكَ ٱلَّذِينَ يُؤْمِنُونَ بِـَٔايَٰتِنَا فَقُلْ سَلَٰمٌ عَلَيْكُمْ كَتَبَ رَبُّكُمْ عَلَىٰ نَفْسِهِ ٱلرَّحْمَةَ أَنَّهُۥ مَنْ عَمِلَ مِنكُمْ سُوٓءًۢا بِجَهَٰلَةٍ ثُمَّ تَابَ مِنۢ بَعْدِهِۦ وَأَصْلَحَ فَأَنَّهُۥ غَفُورٌ رَّحِيمٌ	وإذا جاءك الذين يؤمنون بآياتنا فقل سلام عليكم كتب ربكم على نفسه الرحمة أنه من عمل منكم سوءا بجهالة ثم تاب من بعده وأصلح فأنه غفور رحيم
6	54	27	1	r~aHiymN	رَّحِيمٌ	r~aHiym	ADJ	STEM|POS:ADJ|LEM:r~aHiym|ROOT:rHm|MS|INDEF|NOM	وَإِذَا جَآءَكَ ٱلَّذِينَ يُؤْمِنُونَ بِـَٔايَٰتِنَا فَقُلْ سَلَٰمٌ عَلَيْكُمْ كَتَبَ رَبُّكُمْ عَلَىٰ نَفْسِهِ ٱلرَّحْمَةَ أَنَّهُۥ مَنْ عَمِلَ مِنكُمْ سُوٓءًۢا بِجَهَٰلَةٍ ثُمَّ تَابَ مِنۢ بَعْدِهِۦ وَأَصْلَحَ فَأَنَّهُۥ غَفُورٌ رَّحِيمٌ	وإذا جاءك الذين يؤمنون بآياتنا فقل سلام عليكم كتب ربكم على نفسه الرحمة أنه من عمل منكم سوءا بجهالة ثم تاب من بعده وأصلح فأنه غفور رحيم
6	133	4	2	r~aHomapi	رَّحْمَةِ	raHomap	N	STEM|POS:N|LEM:raHomap|ROOT:rHm|F|GEN	وَرَبُّكَ ٱلْغَنِىُّ ذُو ٱلرَّحْمَةِ إِن يَشَأْ يُذْهِبْكُمْ وَيَسْتَخْلِفْ مِنۢ بَعْدِكُم مَّا يَشَآءُ كَمَآ أَنشَأَكُم مِّن ذُرِّيَّةِ قَوْمٍ ءَاخَرِينَ	وربك الغني ذو الرحمة إن يشأ يذهبكم ويستخلف من بعدكم ما يشاء كما أنشأكم من ذرية قوم آخرين
6	143	17	1	>aroHaAmu	أَرْحَامُ	>aroHaAm	N	STEM|POS:N|LEM:>aroHaAm|ROOT:rHm|MP|NOM	ثَمَٰنِيَةَ أَزْوَٰجٍ مِّنَ ٱلضَّأْنِ ٱثْنَيْنِ وَمِنَ ٱلْمَعْزِ ٱثْنَيْنِ قُلْ ءَآلذَّكَرَيْنِ حَرَّمَ أَمِ ٱلْأُنثَيَيْنِ أَمَّا ٱشْتَمَلَتْ عَلَيْهِ أَرْحَامُ ٱلْأُنثَيَيْنِ نَبِّـُٔونِى بِعِلْمٍ إِن كُنتُمْ صَٰدِقِينَ	ثمانية أزواج من الضأن اثنين ومن المعز اثنين قل آلذكرين حرم أم الأنثيين أما اشتملت عليه أرحام الأنثيين نبئوني بعلم إن كنتم صادقين
6	144	15	1	>aroHaAmu	أَرْحَامُ	>aroHaAm	N	STEM|POS:N|LEM:>aroHaAm|ROOT:rHm|MP|NOM	وَمِنَ ٱلْإِبِلِ ٱثْنَيْنِ وَمِنَ ٱلْبَقَرِ ٱثْنَيْنِ قُلْ ءَآلذَّكَرَيْنِ حَرَّمَ أَمِ ٱلْأُنثَيَيْنِ أَمَّا ٱشْتَمَلَتْ عَلَيْهِ أَرْحَامُ ٱلْأُنثَيَيْنِ أَمْ كُنتُمْ شُهَدَآءَ إِذْ وَصَّىٰكُمُ ٱللَّهُ بِهَٰذَا فَمَنْ أَظْلَمُ مِمَّنِ ٱفْتَرَىٰ عَلَى ٱللَّهِ كَذِبًا لِّيُضِلَّ ٱلنَّاسَ بِغَيْرِ عِلْمٍ إِنَّ ٱللَّهَ لَا يَهْدِى ٱلْقَوْمَ ٱلظَّٰلِمِينَ	ومن الإبل اثنين ومن البقر اثنين قل آلذكرين حرم أم الأنثيين أما اشتملت عليه أرحام الأنثيين أم كنتم شهداء إذ وصاكم الله بهذا فمن أظلم ممن افترى على الله كذبا ليضل الناس بغير علم إن الله لا يهدي القوم الظالمين
6	145	39	1	r~aHiymN	رَّحِيمٌ	r~aHiym	ADJ	STEM|POS:ADJ|LEM:r~aHiym|ROOT:rHm|MS|INDEF|NOM	قُل لَّآ أَجِدُ فِى مَآ أُوحِىَ إِلَىَّ مُحَرَّمًا عَلَىٰ طَاعِمٍ يَطْعَمُهُۥٓ إِلَّآ أَن يَكُونَ مَيْتَةً أَوْ دَمًا مَّسْفُوحًا أَوْ لَحْمَ خِنزِيرٍ فَإِنَّهُۥ رِجْسٌ أَوْ فِسْقًا أُهِلَّ لِغَيْرِ ٱللَّهِ بِهِۦ فَمَنِ ٱضْطُرَّ غَيْرَ بَاغٍ وَلَا عَادٍ فَإِنَّ رَبَّكَ غَفُورٌ رَّحِيمٌ	قل لا أجد في ما أوحي إلي محرما على طاعم يطعمه إلا أن يكون ميتة أو دما مسفوحا أو لحم خنزير فإنه رجس أو فسقا أهل لغير الله به فمن اضطر غير باغ ولا عاد فإن ربك غفور رحيم
6	147	6	1	raHomapK	رَحْمَةٍ	raHomap	N	STEM|POS:N|LEM:raHomap|ROOT:rHm|F|INDEF|GEN	فَإِن كَذَّبُوكَ فَقُل رَّبُّكُمْ ذُو رَحْمَةٍ وَٰسِعَةٍ وَلَا يُرَدُّ بَأْسُهُۥ عَنِ ٱلْقَوْمِ ٱلْمُجْرِمِينَ	فإن كذبوك فقل ربكم ذو رحمة واسعة ولا يرد بأسه عن القوم المجرمين
6	154	13	2	raHomapF	رَحْمَةً	raHomap	N	STEM|POS:N|LEM:raHomap|ROOT:rHm|F|INDEF|ACC	ثُمَّ ءَاتَيْنَا مُوسَى ٱلْكِتَٰبَ تَمَامًا عَلَى ٱلَّذِىٓ أَحْسَنَ وَتَفْصِيلًا لِّكُلِّ شَىْءٍ وَهُدًى وَرَحْمَةً لَّعَلَّهُم بِلِقَآءِ رَبِّهِمْ يُؤْمِنُونَ	ثم آتينا موسى الكتاب تماما على الذي أحسن وتفصيلا لكل شيء وهدى ورحمة لعلهم بلقاء ربهم يؤمنون
6	155	8	1	turoHamu	تُرْحَمُ	r~aHima	V	STEM|POS:V|IMPF|PASS|LEM:r~aHima|ROOT:rHm|2MP	وَهَٰذَا كِتَٰبٌ أَنزَلْنَٰهُ مُبَارَكٌ فَٱتَّبِعُوهُ وَٱتَّقُوا۟ لَعَلَّكُمْ تُرْحَمُونَ	وهذا كتاب أنزلناه مبارك فاتبعوه واتقوا لعلكم ترحمون
6	157	17	2	raHomapN	رَحْمَةٌ	raHomap	N	STEM|POS:N|LEM:raHomap|ROOT:rHm|F|INDEF|NOM	أَوْ تَقُولُوا۟ لَوْ أَنَّآ أُنزِلَ عَلَيْنَا ٱلْكِتَٰبُ لَكُنَّآ أَهْدَىٰ مِنْهُمْ فَقَدْ جَآءَكُم بَيِّنَةٌ مِّن رَّبِّكُمْ وَهُدًى وَرَحْمَةٌ فَمَنْ أَظْلَمُ مِمَّن كَذَّبَ بِـَٔايَٰتِ ٱللَّهِ وَصَدَفَ عَنْهَا سَنَجْزِى ٱلَّذِينَ يَصْدِفُونَ عَنْ ءَايَٰتِنَا سُوٓءَ ٱلْعَذَابِ بِمَا كَانُوا۟ يَصْدِفُونَ	أو تقولوا لو أنا أنزل علينا الكتاب لكنا أهدى منهم فقد جاءكم بينة من ربكم وهدى ورحمة فمن أظلم ممن كذب بآيات الله وصدف عنها سنجزي الذين يصدفون عن آياتنا سوء العذاب بما كانوا يصدفون
6	165	21	1	r~aHiymN[	رَّحِيمٌ[	r~aHiym	ADJ	STEM|POS:ADJ|LEM:r~aHiym|ROOT:rHm|MS|INDEF|NOM	وَهُوَ ٱلَّذِى جَعَلَكُمْ خَلَٰٓئِفَ ٱلْأَرْضِ وَرَفَعَ بَعْضَكُمْ فَوْقَ بَعْضٍ دَرَجَٰتٍ لِّيَبْلُوَكُمْ فِى مَآ ءَاتَىٰكُمْ إِنَّ رَبَّكَ سَرِيعُ ٱلْعِقَابِ وَإِنَّهُۥ لَغَفُورٌ رَّحِيمٌۢ	وهو الذي جعلكم خلائف الأرض ورفع بعضكم فوق بعض درجات ليبلوكم في ما آتاكم إن ربك سريع العقاب وإنه لغفور رحيم
7	23	9	2	taroHamo	تَرْحَمْ	r~aHima	V	STEM|POS:V|IMPF|LEM:r~aHima|ROOT:rHm|3FS|MOOD:JUS	قَالَا رَبَّنَا ظَلَمْنَآ أَنفُسَنَا وَإِن لَّمْ تَغْفِرْ لَنَا وَتَرْحَمْنَا لَنَكُونَنَّ مِنَ ٱلْخَٰسِرِينَ	قالا ربنا ظلمنا أنفسنا وإن لم تغفر لنا وترحمنا لنكونن من الخاسرين
7	49	7	2	raHomapK	رَحْمَةٍ	raHomap	N	STEM|POS:N|LEM:raHomap|ROOT:rHm|F|INDEF|GEN	أَهَٰٓؤُلَآءِ ٱلَّذِينَ أَقْسَمْتُمْ لَا يَنَالُهُمُ ٱللَّهُ بِرَحْمَةٍ ٱدْخُلُوا۟ ٱلْجَنَّةَ لَا خَوْفٌ عَلَيْكُمْ وَلَآ أَنتُمْ تَحْزَنُونَ	أهؤلاء الذين أقسمتم لا ينالهم الله برحمة ادخلوا الجنة لا خوف عليكم ولا أنتم تحزنون
7	52	8	2	raHomapF	رَحْمَةً	raHomap	N	STEM|POS:N|LEM:raHomap|ROOT:rHm|F|INDEF|ACC	وَلَقَدْ جِئْنَٰهُم بِكِتَٰبٍ فَصَّلْنَٰهُ عَلَىٰ عِلْمٍ هُدًى وَرَحْمَةً لِّقَوْمٍ يُؤْمِنُونَ	ولقد جئناهم بكتاب فصلناه على علم هدى ورحمة لقوم يؤمنون
7	56	11	1	raHomata	رَحْمَتَ	raHomap	N	STEM|POS:N|LEM:raHomap|ROOT:rHm|F|ACC	وَلَا تُفْسِدُوا۟ فِى ٱلْأَرْضِ بَعْدَ إِصْلَٰحِهَا وَٱدْعُوهُ خَوْفًا وَطَمَعًا إِنَّ رَحْمَتَ ٱللَّهِ قَرِيبٌ مِّنَ ٱلْمُحْسِنِينَ	ولا تفسدوا في الأرض بعد إصلاحها وادعوه خوفا وطمعا إن رحمت الله قريب من المحسنين
7	57	8	1	raHomati	رَحْمَتِ	raHomap	N	STEM|POS:N|LEM:raHomap|ROOT:rHm|F|GEN	وَهُوَ ٱلَّذِى يُرْسِلُ ٱلرِّيَٰحَ بُشْرًۢا بَيْنَ يَدَىْ رَحْمَتِهِۦ حَتَّىٰٓ إِذَآ أَقَلَّتْ سَحَابًا ثِقَالًا سُقْنَٰهُ لِبَلَدٍ مَّيِّتٍ فَأَنزَلْنَا بِهِ ٱلْمَآءَ فَأَخْرَجْنَا بِهِۦ مِن كُلِّ ٱلثَّمَرَٰتِ كَذَٰلِكَ نُخْرِجُ ٱلْمَوْتَىٰ لَعَلَّكُمْ تَذَكَّرُونَ	وهو الذي يرسل الرياح بشرا بين يدي رحمته حتى إذا أقلت سحابا ثقالا سقناه لبلد ميت فأنزلنا به الماء فأخرجنا به من كل الثمرات كذلك نخرج الموتى لعلكم تذكرون
7	63	13	1	turoHamu	تُرْحَمُ	r~aHima	V	STEM|POS:V|IMPF|PASS|LEM:r~aHima|ROOT:rHm|2MP	أَوَعَجِبْتُمْ أَن جَآءَكُمْ ذِكْرٌ مِّن رَّبِّكُمْ عَلَىٰ رَجُلٍ مِّنكُمْ لِيُنذِرَكُمْ وَلِتَتَّقُوا۟ وَلَعَلَّكُمْ تُرْحَمُونَ	أوعجبتم أن جاءكم ذكر من ربكم على رجل منكم لينذركم ولتتقوا ولعلكم ترحمون
7	72	4	2	raHomapK	رَحْمَةٍ	raHomap	N	STEM|POS:N|LEM:raHomap|ROOT:rHm|F|INDEF|GEN	فَأَنجَيْنَٰهُ وَٱلَّذِينَ مَعَهُۥ بِرَحْمَةٍ مِّنَّا وَقَطَعْنَا دَابِرَ ٱلَّذِينَ كَذَّبُوا۟ بِـَٔايَٰتِنَا وَمَا كَانُوا۟ مُؤْمِنِينَ	فأنجيناه والذين معه برحمة منا وقطعنا دابر الذين كذبوا بآياتنا وما كانوا مؤمنين
7	149	12	1	yaroHamo	يَرْحَمْ	r~aHima	V	STEM|POS:V|IMPF|LEM:r~aHima|ROOT:rHm|3MS|MOOD:JUS	وَلَمَّا سُقِطَ فِىٓ أَيْدِيهِمْ وَرَأَوْا۟ أَنَّهُمْ قَدْ ضَلُّوا۟ قَالُوا۟ لَئِن لَّمْ يَرْحَمْنَا رَبُّنَا وَيَغْفِرْ لَنَا لَنَكُونَنَّ مِنَ ٱلْخَٰسِرِينَ	ولما سقط في أيديهم ورأوا أنهم قد ضلوا قالوا لئن لم يرحمنا ربنا ويغفر لنا لنكونن من الخاسرين
7	151	8	1	raHomati	رَحْمَتِ	raHomap	N	STEM|POS:N|LEM:raHomap|ROOT:rHm|F|GEN	قَالَ رَبِّ ٱغْفِرْ لِى وَلِأَخِى وَأَدْخِلْنَا فِى رَحْمَتِكَ وَأَنتَ أَرْحَمُ ٱلرَّٰحِمِينَ	قال رب اغفر لي ولأخي وأدخلنا في رحمتك وأنت أرحم الراحمين
7	151	10	1	>aroHamu	أَرْحَمُ	>aroHam	N	STEM|POS:N|LEM:>aroHam|ROOT:rHm|MS|NOM	قَالَ رَبِّ ٱغْفِرْ لِى وَلِأَخِى وَأَدْخِلْنَا فِى رَحْمَتِكَ وَأَنتَ أَرْحَمُ ٱلرَّٰحِمِينَ	قال رب اغفر لي ولأخي وأدخلنا في رحمتك وأنت أرحم الراحمين
7	151	11	2	r~a`Himiyna	رَّٰحِمِينَ	r~a`Himiyn	N	STEM|POS:N|ACT|PCPL|LEM:r~a`Himiyn|ROOT:rHm|MP|GEN	قَالَ رَبِّ ٱغْفِرْ لِى وَلِأَخِى وَأَدْخِلْنَا فِى رَحْمَتِكَ وَأَنتَ أَرْحَمُ ٱلرَّٰحِمِينَ	قال رب اغفر لي ولأخي وأدخلنا في رحمتك وأنت أرحم الراحمين
7	153	14	1	r~aHiymN	رَّحِيمٌ	r~aHiym	ADJ	STEM|POS:ADJ|LEM:r~aHiym|ROOT:rHm|MS|INDEF|NOM	وَٱلَّذِينَ عَمِلُوا۟ ٱلسَّيِّـَٔاتِ ثُمَّ تَابُوا۟ مِنۢ بَعْدِهَا وَءَامَنُوٓا۟ إِنَّ رَبَّكَ مِنۢ بَعْدِهَا لَغَفُورٌ رَّحِيمٌ	والذين عملوا السيئات ثم تابوا من بعدها وآمنوا إن ربك من بعدها لغفور رحيم
7	154	11	2	raHomapN	رَحْمَةٌ	raHomap	N	STEM|POS:N|LEM:raHomap|ROOT:rHm|F|INDEF|NOM	وَلَمَّا سَكَتَ عَن مُّوسَى ٱلْغَضَبُ أَخَذَ ٱلْأَلْوَاحَ وَفِى نُسْخَتِهَا هُدًى وَرَحْمَةٌ لِّلَّذِينَ هُمْ لِرَبِّهِمْ يَرْهَبُونَ	ولما سكت عن موسى الغضب أخذ الألواح وفي نسختها هدى ورحمة للذين هم لربهم يرهبون
7	155	38	2	{roHamo	ٱرْحَمْ	r~aHima	V	STEM|POS:V|IMPV|LEM:r~aHima|ROOT:rHm|2MS	وَٱخْتَارَ مُوسَىٰ قَوْمَهُۥ سَبْعِينَ رَجُلًا لِّمِيقَٰتِنَا فَلَمَّآ أَخَذَتْهُمُ ٱلرَّجْفَةُ قَالَ رَبِّ لَوْ شِئْتَ أَهْلَكْتَهُم مِّن قَبْلُ وَإِيَّٰىَ أَتُهْلِكُنَا بِمَا فَعَلَ ٱلسُّفَهَآءُ مِنَّآ إِنْ هِىَ إِلَّا فِتْنَتُكَ تُضِلُّ بِهَا مَن تَشَآءُ وَتَهْدِى مَن تَشَآءُ أَنتَ وَلِيُّنَا فَٱغْفِرْ لَنَا وَٱرْحَمْنَا وَأَنتَ خَيْرُ ٱلْغَٰفِرِينَ	واختار موسى قومه سبعين رجلا لميقاتنا فلما أخذتهم الرجفة قال رب لو شئت أهلكتهم من قبل وإياي أتهلكنا بما فعل السفهاء منا إن هي إلا فتنتك تضل بها من تشاء وتهدي من تشاء أنت ولينا فاغفر لنا وارحمنا وأنت خير الغافرين
7	156	18	2	raHomati	رَحْمَتِ	raHomap	N	STEM|POS:N|LEM:raHomap|ROOT:rHm|F|NOM	وَٱكْتُبْ لَنَا فِى هَٰذِهِ ٱلدُّنْيَا حَسَنَةً وَفِى ٱلْـَٔاخِرَةِ إِنَّا هُدْنَآ إِلَيْكَ قَالَ عَذَابِىٓ أُصِيبُ بِهِۦ مَنْ أَشَآءُ وَرَحْمَتِى وَسِعَتْ كُلَّ شَىْءٍ فَسَأَكْتُبُهَا لِلَّذِينَ يَتَّقُونَ وَيُؤْتُونَ ٱلزَّكَوٰةَ وَٱلَّذِينَ هُم بِـَٔايَٰتِنَا يُؤْمِنُونَ	واكتب لنا في هذه الدنيا حسنة وفي الآخرة إنا هدنا إليك قال عذابي أصيب به من أشاء ورحمتي وسعت كل شيء فسأكتبها للذين يتقون ويؤتون الزكاة والذين هم بآياتنا يؤمنون
7	167	19	1	r~aHiymN	رَّحِيمٌ	r~aHiym	ADJ	STEM|POS:ADJ|LEM:r~aHiym|ROOT:rHm|MS|INDEF|NOM	وَإِذْ تَأَذَّنَ رَبُّكَ لَيَبْعَثَنَّ عَلَيْهِمْ إِلَىٰ يَوْمِ ٱلْقِيَٰمَةِ مَن يَسُومُهُمْ سُوٓءَ ٱلْعَذَابِ إِنَّ رَبَّكَ لَسَرِيعُ ٱلْعِقَابِ وَإِنَّهُۥ لَغَفُورٌ رَّحِيمٌ	وإذ تأذن ربك ليبعثن عليهم إلى يوم القيامة من يسومهم سوء العذاب إن ربك لسريع العقاب وإنه لغفور رحيم
7	203	21	2	raHomapN	رَحْمَةٌ	raHomap	N	STEM|POS:N|LEM:raHomap|ROOT:rHm|F|INDEF|NOM	وَإِذَا لَمْ تَأْتِهِم بِـَٔايَةٍ قَالُوا۟ لَوْلَا ٱجْتَبَيْتَهَا قُلْ إِنَّمَآ أَتَّبِعُ مَا يُوحَىٰٓ إِلَىَّ مِن رَّبِّى هَٰذَا بَصَآئِرُ مِن رَّبِّكُمْ وَهُدًى وَرَحْمَةٌ لِّقَوْمٍ يُؤْمِنُونَ	وإذا لم تأتهم بآية قالوا لولا اجتبيتها قل إنما أتبع ما يوحى إلي من ربي هذا بصائر من ربكم وهدى ورحمة لقوم يؤمنون
7	204	8	1	turoHamu	تُرْحَمُ	r~aHima	V	STEM|POS:V|IMPF|PASS|LEM:r~aHima|ROOT:rHm|2MP	وَإِذَا قُرِئَ ٱلْقُرْءَانُ فَٱسْتَمِعُوا۟ لَهُۥ وَأَنصِتُوا۟ لَعَلَّكُمْ تُرْحَمُونَ	وإذا قرئ القرآن فاستمعوا له وأنصتوا لعلكم ترحمون
8	69	11	1	r~aHiymN	رَّحِيمٌ	r~aHiym	ADJ	STEM|POS:ADJ|LEM:r~aHiym|ROOT:rHm|MS|INDEF|NOM	فَكُلُوا۟ مِمَّا غَنِمْتُمْ حَلَٰلًا طَيِّبًا وَٱتَّقُوا۟ ٱللَّهَ إِنَّ ٱللَّهَ غَفُورٌ رَّحِيمٌ	فكلوا مما غنمتم حلالا طيبا واتقوا الله إن الله غفور رحيم
8	70	24	1	r~aHiymN	رَّحِيمٌ	r~aHiym	ADJ	STEM|POS:ADJ|LEM:r~aHiym|ROOT:rHm|MS|INDEF|NOM	يَٰٓأَيُّهَا ٱلنَّبِىُّ قُل لِّمَن فِىٓ أَيْدِيكُم مِّنَ ٱلْأَسْرَىٰٓ إِن يَعْلَمِ ٱللَّهُ فِى قُلُوبِكُمْ خَيْرًا يُؤْتِكُمْ خَيْرًا مِّمَّآ أُخِذَ مِنكُمْ وَيَغْفِرْ لَكُمْ وَٱللَّهُ غَفُورٌ رَّحِيمٌ	يا أيها النبي قل لمن في أيديكم من الأسرى إن يعلم الله في قلوبكم خيرا يؤتكم خيرا مما أخذ منكم ويغفر لكم والله غفور رحيم
8	75	11	2	>aroHaAmi	أَرْحَامِ	>aroHaAm	N	STEM|POS:N|LEM:>aroHaAm|ROOT:rHm|MP|GEN	وَٱلَّذِينَ ءَامَنُوا۟ مِنۢ بَعْدُ وَهَاجَرُوا۟ وَجَٰهَدُوا۟ مَعَكُمْ فَأُو۟لَٰٓئِكَ مِنكُمْ وَأُو۟لُوا۟ ٱلْأَرْحَامِ بَعْضُهُمْ أَوْلَىٰ بِبَعْضٍ فِى كِتَٰبِ ٱللَّهِ إِنَّ ٱللَّهَ بِكُلِّ شَىْءٍ عَلِيمٌۢ	والذين آمنوا من بعد وهاجروا وجاهدوا معكم فأولئك منكم وأولو الأرحام بعضهم أولى ببعض في كتاب الله إن الله بكل شيء عليم
9	5	26	1	r~aHiymN	رَّحِيمٌ	r~aHiym	ADJ	STEM|POS:ADJ|LEM:r~aHiym|ROOT:rHm|MS|INDEF|NOM	فَإِذَا ٱنسَلَخَ ٱلْأَشْهُرُ ٱلْحُرُمُ فَٱقْتُلُوا۟ ٱلْمُشْرِكِينَ حَيْثُ وَجَدتُّمُوهُمْ وَخُذُوهُمْ وَٱحْصُرُوهُمْ وَٱقْعُدُوا۟ لَهُمْ كُلَّ مَرْصَدٍ فَإِن تَابُوا۟ وَأَقَامُوا۟ ٱلصَّلَوٰةَ وَءَاتَوُا۟ ٱلزَّكَوٰةَ فَخَلُّوا۟ سَبِيلَهُمْ إِنَّ ٱللَّهَ غَفُورٌ رَّحِيمٌ	فإذا انسلخ الأشهر الحرم فاقتلوا المشركين حيث وجدتموهم وخذوهم واحصروهم واقعدوا لهم كل مرصد فإن تابوا وأقاموا الصلاة وآتوا الزكاة فخلوا سبيلهم إن الله غفور رحيم
9	21	3	2	raHomapK	رَحْمَةٍ	raHomap	N	STEM|POS:N|LEM:raHomap|ROOT:rHm|F|INDEF|GEN	يُبَشِّرُهُمْ رَبُّهُم بِرَحْمَةٍ مِّنْهُ وَرِضْوَٰنٍ وَجَنَّٰتٍ لَّهُمْ فِيهَا نَعِيمٌ مُّقِيمٌ	يبشرهم ربهم برحمة منه ورضوان وجنات لهم فيها نعيم مقيم
9	27	12	1	r~aHiymN	رَّحِيمٌ	r~aHiym	ADJ	STEM|POS:ADJ|LEM:r~aHiym|ROOT:rHm|MS|INDEF|NOM	ثُمَّ يَتُوبُ ٱللَّهُ مِنۢ بَعْدِ ذَٰلِكَ عَلَىٰ مَن يَشَآءُ وَٱللَّهُ غَفُورٌ رَّحِيمٌ	ثم يتوب الله من بعد ذلك على من يشاء والله غفور رحيم
9	61	16	2	raHomapN	رَحْمَةٌ	raHomap	N	STEM|POS:N|LEM:raHomap|ROOT:rHm|F|INDEF|NOM	وَمِنْهُمُ ٱلَّذِينَ يُؤْذُونَ ٱلنَّبِىَّ وَيَقُولُونَ هُوَ أُذُنٌ قُلْ أُذُنُ خَيْرٍ لَّكُمْ يُؤْمِنُ بِٱللَّهِ وَيُؤْمِنُ لِلْمُؤْمِنِينَ وَرَحْمَةٌ لِّلَّذِينَ ءَامَنُوا۟ مِنكُمْ وَٱلَّذِينَ يُؤْذُونَ رَسُولَ ٱللَّهِ لَهُمْ عَذَابٌ أَلِيمٌ	ومنهم الذين يؤذون النبي ويقولون هو أذن قل أذن خير لكم يؤمن بالله ويؤمن للمؤمنين ورحمة للذين آمنوا منكم والذين يؤذون رسول الله لهم عذاب أليم
9	71	19	2	yaroHamu	يَرْحَمُ	r~aHima	V	STEM|POS:V|IMPF|LEM:r~aHima|ROOT:rHm|3MS	وَٱلْمُؤْمِنُونَ وَٱلْمُؤْمِنَٰتُ بَعْضُهُمْ أَوْلِيَآءُ بَعْضٍ يَأْمُرُونَ بِٱلْمَعْرُوفِ وَيَنْهَوْنَ عَنِ ٱلْمُنكَرِ وَيُقِيمُونَ ٱلصَّلَوٰةَ وَيُؤْتُونَ ٱلزَّكَوٰةَ وَيُطِيعُونَ ٱللَّهَ وَرَسُولَهُۥٓ أُو۟لَٰٓئِكَ سَيَرْحَمُهُمُ ٱللَّهُ إِنَّ ٱللَّهَ عَزِيزٌ حَكِيمٌ	والمؤمنون والمؤمنات بعضهم أولياء بعض يأمرون بالمعروف وينهون عن المنكر ويقيمون الصلاة ويؤتون الزكاة ويطيعون الله ورسوله أولئك سيرحمهم الله إن الله عزيز حكيم
9	91	26	1	r~aHiymN	رَّحِيمٌ	r~aHiym	ADJ	STEM|POS:ADJ|LEM:r~aHiym|ROOT:rHm|MS|INDEF|NOM	لَّيْسَ عَلَى ٱلضُّعَفَآءِ وَلَا عَلَى ٱلْمَرْضَىٰ وَلَا عَلَى ٱلَّذِينَ لَا يَجِدُونَ مَا يُنفِقُونَ حَرَجٌ إِذَا نَصَحُوا۟ لِلَّهِ وَرَسُولِهِۦ مَا عَلَى ٱلْمُحْسِنِينَ مِن سَبِيلٍ وَٱللَّهُ غَفُورٌ رَّحِيمٌ	ليس على الضعفاء ولا على المرضى ولا على الذين لا يجدون ما ينفقون حرج إذا نصحوا لله ورسوله ما على المحسنين من سبيل والله غفور رحيم
9	99	23	1	raHomati	رَحْمَتِ	raHomap	N	STEM|POS:N|LEM:raHomap|ROOT:rHm|F|GEN	وَمِنَ ٱلْأَعْرَابِ مَن يُؤْمِنُ بِٱللَّهِ وَٱلْيَوْمِ ٱلْـَٔاخِرِ وَيَتَّخِذُ مَا يُنفِقُ قُرُبَٰتٍ عِندَ ٱللَّهِ وَصَلَوَٰتِ ٱلرَّسُولِ أَلَآ إِنَّهَا قُرْبَةٌ لَّهُمْ سَيُدْخِلُهُمُ ٱللَّهُ فِى رَحْمَتِهِۦٓ إِنَّ ٱللَّهَ غَفُورٌ رَّحِيمٌ	ومن الأعراب من يؤمن بالله واليوم الآخر ويتخذ ما ينفق قربات عند الله وصلوات الرسول ألا إنها قربة لهم سيدخلهم الله في رحمته إن الله غفور رحيم
9	99	27	1	r~aHiymN	رَّحِيمٌ	r~aHiym	ADJ	STEM|POS:ADJ|LEM:r~aHiym|ROOT:rHm|MS|INDEF|NOM	وَمِنَ ٱلْأَعْرَابِ مَن يُؤْمِنُ بِٱللَّهِ وَٱلْيَوْمِ ٱلْـَٔاخِرِ وَيَتَّخِذُ مَا يُنفِقُ قُرُبَٰتٍ عِندَ ٱللَّهِ وَصَلَوَٰتِ ٱلرَّسُولِ أَلَآ إِنَّهَا قُرْبَةٌ لَّهُمْ سَيُدْخِلُهُمُ ٱللَّهُ فِى رَحْمَتِهِۦٓ إِنَّ ٱللَّهَ غَفُورٌ رَّحِيمٌ	ومن الأعراب من يؤمن بالله واليوم الآخر ويتخذ ما ينفق قربات عند الله وصلوات الرسول ألا إنها قربة لهم سيدخلهم الله في رحمته إن الله غفور رحيم
9	102	17	1	r~aHiymN	رَّحِيمٌ	r~aHiym	ADJ	STEM|POS:ADJ|LEM:r~aHiym|ROOT:rHm|MS|INDEF|NOM	وَءَاخَرُونَ ٱعْتَرَفُوا۟ بِذُنُوبِهِمْ خَلَطُوا۟ عَمَلًا صَٰلِحًا وَءَاخَرَ سَيِّئًا عَسَى ٱللَّهُ أَن يَتُوبَ عَلَيْهِمْ إِنَّ ٱللَّهَ غَفُورٌ رَّحِيمٌ	وآخرون اعترفوا بذنوبهم خلطوا عملا صالحا وآخر سيئا عسى الله أن يتوب عليهم إن الله غفور رحيم
9	104	16	2	r~aHiymu	رَّحِيمُ	r~aHiym	ADJ	STEM|POS:ADJ|LEM:r~aHiym|ROOT:rHm|MS|NOM	أَلَمْ يَعْلَمُوٓا۟ أَنَّ ٱللَّهَ هُوَ يَقْبَلُ ٱلتَّوْبَةَ عَنْ عِبَادِهِۦ وَيَأْخُذُ ٱلصَّدَقَٰتِ وَأَنَّ ٱللَّهَ هُوَ ٱلتَّوَّابُ ٱلرَّحِيمُ	ألم يعلموا أن الله هو يقبل التوبة عن عباده ويأخذ الصدقات وأن الله هو التواب الرحيم
9	117	27	1	r~aHiymN	رَّحِيمٌ	r~aHiym	ADJ	STEM|POS:ADJ|LEM:r~aHiym|ROOT:rHm|MS|INDEF|NOM	لَّقَد تَّابَ ٱللَّهُ عَلَى ٱلنَّبِىِّ وَٱلْمُهَٰجِرِينَ وَٱلْأَنصَارِ ٱلَّذِينَ ٱتَّبَعُوهُ فِى سَاعَةِ ٱلْعُسْرَةِ مِنۢ بَعْدِ مَا كَادَ يَزِيغُ قُلُوبُ فَرِيقٍ مِّنْهُمْ ثُمَّ تَابَ عَلَيْهِمْ إِنَّهُۥ بِهِمْ رَءُوفٌ رَّحِيمٌ	لقد تاب الله على النبي والمهاجرين والأنصار الذين اتبعوه في ساعة العسرة من بعد ما كاد يزيغ قلوب فريق منهم ثم تاب عليهم إنه بهم رءوف رحيم
9	118	31	2	r~aHiymu	رَّحِيمُ	r~aHiym	ADJ	STEM|POS:ADJ|LEM:r~aHiym|ROOT:rHm|MS|NOM	وَعَلَى ٱلثَّلَٰثَةِ ٱلَّذِينَ خُلِّفُوا۟ حَتَّىٰٓ إِذَا ضَاقَتْ عَلَيْهِمُ ٱلْأَرْضُ بِمَا رَحُبَتْ وَضَاقَتْ عَلَيْهِمْ أَنفُسُهُمْ وَظَنُّوٓا۟ أَن لَّا مَلْجَأَ مِنَ ٱللَّهِ إِلَّآ إِلَيْهِ ثُمَّ تَابَ عَلَيْهِمْ لِيَتُوبُوٓا۟ إِنَّ ٱللَّهَ هُوَ ٱلتَّوَّابُ ٱلرَّحِيمُ	وعلى الثلاثة الذين خلفوا حتى إذا ضاقت عليهم الأرض بما رحبت وضاقت عليهم أنفسهم وظنوا أن لا ملجأ من الله إلا إليه ثم تاب عليهم ليتوبوا إن الله هو التواب الرحيم
9	128	14	1	r~aHiymN	رَّحِيمٌ	r~aHiym	ADJ	STEM|POS:ADJ|LEM:r~aHiym|ROOT:rHm|MS|INDEF|NOM	لَقَدْ جَآءَكُمْ رَسُولٌ مِّنْ أَنفُسِكُمْ عَزِيزٌ عَلَيْهِ مَا عَنِتُّمْ حَرِيصٌ عَلَيْكُم بِٱلْمُؤْمِنِينَ رَءُوفٌ رَّحِيمٌ	لقد جاءكم رسول من أنفسكم عزيز عليه ما عنتم حريص عليكم بالمؤمنين رءوف رحيم
10	21	4	1	raHomapF	رَحْمَةً	raHomap	N	STEM|POS:N|LEM:raHomap|ROOT:rHm|F|INDEF|ACC	وَإِذَآ أَذَقْنَا ٱلنَّاسَ رَحْمَةً مِّنۢ بَعْدِ ضَرَّآءَ مَسَّتْهُمْ إِذَا لَهُم مَّكْرٌ فِىٓ ءَايَاتِنَا قُلِ ٱللَّهُ أَسْرَعُ مَكْرًا إِنَّ رُسُلَنَا يَكْتُبُونَ مَا تَمْكُرُونَ	وإذا أذقنا الناس رحمة من بعد ضراء مستهم إذا لهم مكر في آياتنا قل الله أسرع مكرا إن رسلنا يكتبون ما تمكرون
10	57	13	2	raHomapN	رَحْمَةٌ	raHomap	N	STEM|POS:N|LEM:raHomap|ROOT:rHm|F|INDEF|NOM	يَٰٓأَيُّهَا ٱلنَّاسُ قَدْ جَآءَتْكُم مَّوْعِظَةٌ مِّن رَّبِّكُمْ وَشِفَآءٌ لِّمَا فِى ٱلصُّدُورِ وَهُدًى وَرَحْمَةٌ لِّلْمُؤْمِنِينَ	يا أيها الناس قد جاءتكم موعظة من ربكم وشفاء لما في الصدور وهدى ورحمة للمؤمنين
10	58	4	3	raHomati	رَحْمَتِ	raHomap	N	STEM|POS:N|LEM:raHomap|ROOT:rHm|F|GEN	قُلْ بِفَضْلِ ٱللَّهِ وَبِرَحْمَتِهِۦ فَبِذَٰلِكَ فَلْيَفْرَحُوا۟ هُوَ خَيْرٌ مِّمَّا يَجْمَعُونَ	قل بفضل الله وبرحمته فبذلك فليفرحوا هو خير مما يجمعون
10	86	2	2	raHomati	رَحْمَتِ	raHomap	N	STEM|POS:N|LEM:raHomap|ROOT:rHm|F|GEN	وَنَجِّنَا بِرَحْمَتِكَ مِنَ ٱلْقَوْمِ ٱلْكَٰفِرِينَ	ونجنا برحمتك من القوم الكافرين
10	107	24	2	r~aHiymu	رَّحِيمُ	r~aHiym	ADJ	STEM|POS:ADJ|LEM:r~aHiym|ROOT:rHm|MS|NOM	وَإِن يَمْسَسْكَ ٱللَّهُ بِضُرٍّ فَلَا كَاشِفَ لَهُۥٓ إِلَّا هُوَ وَإِن يُرِدْكَ بِخَيْرٍ فَلَا رَآدَّ لِفَضْلِهِۦ يُصِيبُ بِهِۦ مَن يَشَآءُ مِنْ عِبَادِهِۦ وَهُوَ ٱلْغَفُورُ ٱلرَّحِيمُ	وإن يمسسك الله بضر فلا كاشف له إلا هو وإن يردك بخير فلا راد لفضله يصيب به من يشاء من عباده وهو الغفور الرحيم
11	9	5	1	raHomapF	رَحْمَةً	raHomap	N	STEM|POS:N|LEM:raHomap|ROOT:rHm|F|INDEF|ACC	وَلَئِنْ أَذَقْنَا ٱلْإِنسَٰنَ مِنَّا رَحْمَةً ثُمَّ نَزَعْنَٰهَا مِنْهُ إِنَّهُۥ لَيَـُٔوسٌ كَفُورٌ	ولئن أذقنا الإنسان منا رحمة ثم نزعناها منه إنه ليئوس كفور
11	17	15	2	raHomapF	رَحْمَةً	raHomap	N	STEM|POS:N|LEM:raHomap|ROOT:rHm|F|INDEF|ACC	أَفَمَن كَانَ عَلَىٰ بَيِّنَةٍ مِّن رَّبِّهِۦ وَيَتْلُوهُ شَاهِدٌ مِّنْهُ وَمِن قَبْلِهِۦ كِتَٰبُ مُوسَىٰٓ إِمَامًا وَرَحْمَةً أُو۟لَٰٓئِكَ يُؤْمِنُونَ بِهِۦ وَمَن يَكْفُرْ بِهِۦ مِنَ ٱلْأَحْزَابِ فَٱلنَّارُ مَوْعِدُهُۥ فَلَا تَكُ فِى مِرْيَةٍ مِّنْهُ إِنَّهُ ٱلْحَقُّ مِن رَّبِّكَ وَلَٰكِنَّ أَكْثَرَ ٱلنَّاسِ لَا يُؤْمِنُونَ	أفمن كان على بينة من ربه ويتلوه شاهد منه ومن قبله كتاب موسى إماما ورحمة أولئك يؤمنون به ومن يكفر به من الأحزاب فالنار موعده فلا تك في مرية منه إنه الحق من ربك ولكن أكثر الناس لا يؤمنون
11	28	11	1	raHomapF	رَحْمَةً	raHomap	N	STEM|POS:N|LEM:raHomap|ROOT:rHm|F|INDEF|ACC	قَالَ يَٰقَوْمِ أَرَءَيْتُمْ إِن كُنتُ عَلَىٰ بَيِّنَةٍ مِّن رَّبِّى وَءَاتَىٰنِى رَحْمَةً مِّنْ عِندِهِۦ فَعُمِّيَتْ عَلَيْكُمْ أَنُلْزِمُكُمُوهَا وَأَنتُمْ لَهَا كَٰرِهُونَ	قال يا قوم أرأيتم إن كنت على بينة من ربي وآتاني رحمة من عنده فعميت عليكم أنلزمكموها وأنتم لها كارهون
11	41	11	1	r~aHiymN	رَّحِيمٌ	r~aHiym	ADJ	STEM|POS:ADJ|LEM:r~aHiym|ROOT:rHm|MS|INDEF|NOM	وَقَالَ ٱرْكَبُوا۟ فِيهَا بِسْمِ ٱللَّهِ مَجْر۪ىٰهَا وَمُرْسَىٰهَآ إِنَّ رَبِّى لَغَفُورٌ رَّحِيمٌ	وقال اركبوا فيها بسم الله مجراها ومرساها إن ربي لغفور رحيم
11	43	17	1	r~aHima	رَّحِمَ	r~aHima	V	STEM|POS:V|PERF|LEM:r~aHima|ROOT:rHm|3MS	قَالَ سَـَٔاوِىٓ إِلَىٰ جَبَلٍ يَعْصِمُنِى مِنَ ٱلْمَآءِ قَالَ لَا عَاصِمَ ٱلْيَوْمَ مِنْ أَمْرِ ٱللَّهِ إِلَّا مَن رَّحِمَ وَحَالَ بَيْنَهُمَا ٱلْمَوْجُ فَكَانَ مِنَ ٱلْمُغْرَقِينَ	قال سآوي إلى جبل يعصمني من الماء قال لا عاصم اليوم من أمر الله إلا من رحم وحال بينهما الموج فكان من المغرقين
11	47	16	2	taroHamo	تَرْحَمْ	r~aHima	V	STEM|POS:V|IMPF|LEM:r~aHima|ROOT:rHm|2MS|MOOD:JUS	قَالَ رَبِّ إِنِّىٓ أَعُوذُ بِكَ أَنْ أَسْـَٔلَكَ مَا لَيْسَ لِى بِهِۦ عِلْمٌ وَإِلَّا تَغْفِرْ لِى وَتَرْحَمْنِىٓ أَكُن مِّنَ ٱلْخَٰسِرِينَ	قال رب إني أعوذ بك أن أسألك ما ليس لي به علم وإلا تغفر لي وترحمني أكن من الخاسرين
11	58	9	2	raHomapK	رَحْمَةٍ	raHomap	N	STEM|POS:N|LEM:raHomap|ROOT:rHm|F|INDEF|GEN	وَلَمَّا جَآءَ أَمْرُنَا نَجَّيْنَا هُودًا وَٱلَّذِينَ ءَامَنُوا۟ مَعَهُۥ بِرَحْمَةٍ مِّنَّا وَنَجَّيْنَٰهُم مِّنْ عَذَابٍ غَلِيظٍ	ولما جاء أمرنا نجينا هودا والذين آمنوا معه برحمة منا ونجيناهم من عذاب غليظ
11	63	12	1	raHomapF	رَحْمَةً	raHomap	N	STEM|POS:N|LEM:raHomap|ROOT:rHm|F|INDEF|ACC	قَالَ يَٰقَوْمِ أَرَءَيْتُمْ إِن كُنتُ عَلَىٰ بَيِّنَةٍ مِّن رَّبِّى وَءَاتَىٰنِى مِنْهُ رَحْمَةً فَمَن يَنصُرُنِى مِنَ ٱللَّهِ إِنْ عَصَيْتُهُۥ فَمَا تَزِيدُونَنِى غَيْرَ تَخْسِيرٍ	قال يا قوم أرأيتم إن كنت على بينة من ربي وآتاني منه رحمة فمن ينصرني من الله إن عصيته فما تزيدونني غير تخسير
11	66	9	2	raHomapK	رَحْمَةٍ	raHomap	N	STEM|POS:N|LEM:raHomap|ROOT:rHm|F|INDEF|GEN	فَلَمَّا جَآءَ أَمْرُنَا نَجَّيْنَا صَٰلِحًا وَٱلَّذِينَ ءَامَنُوا۟ مَعَهُۥ بِرَحْمَةٍ مِّنَّا وَمِنْ خِزْىِ يَوْمِئِذٍ إِنَّ رَبَّكَ هُوَ ٱلْقَوِىُّ ٱلْعَزِيزُ	فلما جاء أمرنا نجينا صالحا والذين آمنوا معه برحمة منا ومن خزي يومئذ إن ربك هو القوي العزيز
11	73	6	1	raHomatu	رَحْمَتُ	raHomap	N	STEM|POS:N|LEM:raHomap|ROOT:rHm|F|NOM	قَالُوٓا۟ أَتَعْجَبِينَ مِنْ أَمْرِ ٱللَّهِ رَحْمَتُ ٱللَّهِ وَبَرَكَٰتُهُۥ عَلَيْكُمْ أَهْلَ ٱلْبَيْتِ إِنَّهُۥ حَمِيدٌ مَّجِيدٌ	قالوا أتعجبين من أمر الله رحمت الله وبركاته عليكم أهل البيت إنه حميد مجيد
11	90	8	1	raHiymN	رَحِيمٌ	r~aHiym	ADJ	STEM|POS:ADJ|LEM:r~aHiym|ROOT:rHm|MS|INDEF|NOM	وَٱسْتَغْفِرُوا۟ رَبَّكُمْ ثُمَّ تُوبُوٓا۟ إِلَيْهِ إِنَّ رَبِّى رَحِيمٌ وَدُودٌ	واستغفروا ربكم ثم توبوا إليه إن ربي رحيم ودود
11	94	9	2	raHomapK	رَحْمَةٍ	raHomap	N	STEM|POS:N|LEM:raHomap|ROOT:rHm|F|INDEF|GEN	وَلَمَّا جَآءَ أَمْرُنَا نَجَّيْنَا شُعَيْبًا وَٱلَّذِينَ ءَامَنُوا۟ مَعَهُۥ بِرَحْمَةٍ مِّنَّا وَأَخَذَتِ ٱلَّذِينَ ظَلَمُوا۟ ٱلصَّيْحَةُ فَأَصْبَحُوا۟ فِى دِيَٰرِهِمْ جَٰثِمِينَ	ولما جاء أمرنا نجينا شعيبا والذين آمنوا معه برحمة منا وأخذت الذين ظلموا الصيحة فأصبحوا في ديارهم جاثمين
11	119	3	1	r~aHima	رَّحِمَ	r~aHima	V	STEM|POS:V|PERF|LEM:r~aHima|ROOT:rHm|3MS	إِلَّا مَن رَّحِمَ رَبُّكَ وَلِذَٰلِكَ خَلَقَهُمْ وَتَمَّتْ كَلِمَةُ رَبِّكَ لَأَمْلَأَنَّ جَهَنَّمَ مِنَ ٱلْجِنَّةِ وَٱلنَّاسِ أَجْمَعِينَ	إلا من رحم ربك ولذلك خلقهم وتمت كلمة ربك لأملأن جهنم من الجنة والناس أجمعين
12	53	10	1	raHima	رَحِمَ	r~aHima	V	STEM|POS:V|PERF|LEM:r~aHima|ROOT:rHm|3MS	وَمَآ أُبَرِّئُ نَفْسِىٓ إِنَّ ٱلنَّفْسَ لَأَمَّارَةٌۢ بِٱلسُّوٓءِ إِلَّا مَا رَحِمَ رَبِّىٓ إِنَّ رَبِّى غَفُورٌ رَّحِيمٌ	وما أبرئ نفسي إن النفس لأمارة بالسوء إلا ما رحم ربي إن ربي غفور رحيم
12	53	15	1	r~aHiymN	رَّحِيمٌ	r~aHiym	ADJ	STEM|POS:ADJ|LEM:r~aHiym|ROOT:rHm|MS|INDEF|NOM	وَمَآ أُبَرِّئُ نَفْسِىٓ إِنَّ ٱلنَّفْسَ لَأَمَّارَةٌۢ بِٱلسُّوٓءِ إِلَّا مَا رَحِمَ رَبِّىٓ إِنَّ رَبِّى غَفُورٌ رَّحِيمٌ	وما أبرئ نفسي إن النفس لأمارة بالسوء إلا ما رحم ربي إن ربي غفور رحيم
12	56	11	2	raHomati	رَحْمَتِ	raHomap	N	STEM|POS:N|LEM:raHomap|ROOT:rHm|F|GEN	وَكَذَٰلِكَ مَكَّنَّا لِيُوسُفَ فِى ٱلْأَرْضِ يَتَبَوَّأُ مِنْهَا حَيْثُ يَشَآءُ نُصِيبُ بِرَحْمَتِنَا مَن نَّشَآءُ وَلَا نُضِيعُ أَجْرَ ٱلْمُحْسِنِينَ	وكذلك مكنا ليوسف في الأرض يتبوأ منها حيث يشاء نصيب برحمتنا من نشاء ولا نضيع أجر المحسنين
12	64	16	1	>aroHamu	أَرْحَمُ	>aroHam	N	STEM|POS:N|LEM:>aroHam|ROOT:rHm|MS|NOM	قَالَ هَلْ ءَامَنُكُمْ عَلَيْهِ إِلَّا كَمَآ أَمِنتُكُمْ عَلَىٰٓ أَخِيهِ مِن قَبْلُ فَٱللَّهُ خَيْرٌ حَٰفِظًا وَهُوَ أَرْحَمُ ٱلرَّٰحِمِينَ	قال هل آمنكم عليه إلا كما أمنتكم على أخيه من قبل فالله خير حافظا وهو أرحم الراحمين
12	64	17	2	r~a`Himiyna	رَّٰحِمِينَ	r~a`Himiyn	N	STEM|POS:N|ACT|PCPL|LEM:r~a`Himiyn|ROOT:rHm|MP|GEN	قَالَ هَلْ ءَامَنُكُمْ عَلَيْهِ إِلَّا كَمَآ أَمِنتُكُمْ عَلَىٰٓ أَخِيهِ مِن قَبْلُ فَٱللَّهُ خَيْرٌ حَٰفِظًا وَهُوَ أَرْحَمُ ٱلرَّٰحِمِينَ	قال هل آمنكم عليه إلا كما أمنتكم على أخيه من قبل فالله خير حافظا وهو أرحم الراحمين
12	92	10	1	>aroHamu	أَرْحَمُ	>aroHam	N	STEM|POS:N|LEM:>aroHam|ROOT:rHm|MS|NOM	قَالَ لَا تَثْرِيبَ عَلَيْكُمُ ٱلْيَوْمَ يَغْفِرُ ٱللَّهُ لَكُمْ وَهُوَ أَرْحَمُ ٱلرَّٰحِمِينَ	قال لا تثريب عليكم اليوم يغفر الله لكم وهو أرحم الراحمين
12	92	11	2	r~a`Himiyna	رَّٰحِمِينَ	r~a`Himiyn	N	STEM|POS:N|ACT|PCPL|LEM:r~a`Himiyn|ROOT:rHm|MP|GEN	قَالَ لَا تَثْرِيبَ عَلَيْكُمُ ٱلْيَوْمَ يَغْفِرُ ٱللَّهُ لَكُمْ وَهُوَ أَرْحَمُ ٱلرَّٰحِمِينَ	قال لا تثريب عليكم اليوم يغفر الله لكم وهو أرحم الراحمين
12	98	9	2	r~aHiymu	رَّحِيمُ	r~aHiym	ADJ	STEM|POS:ADJ|LEM:r~aHiym|ROOT:rHm|MS|NOM	قَالَ سَوْفَ أَسْتَغْفِرُ لَكُمْ رَبِّىٓ إِنَّهُۥ هُوَ ٱلْغَفُورُ ٱلرَّحِيمُ	قال سوف أستغفر لكم ربي إنه هو الغفور الرحيم
12	111	21	2	raHomapF	رَحْمَةً	raHomap	N	STEM|POS:N|LEM:raHomap|ROOT:rHm|F|INDEF|ACC	لَقَدْ كَانَ فِى قَصَصِهِمْ عِبْرَةٌ لِّأُو۟لِى ٱلْأَلْبَٰبِ مَا كَانَ حَدِيثًا يُفْتَرَىٰ وَلَٰكِن تَصْدِيقَ ٱلَّذِى بَيْنَ يَدَيْهِ وَتَفْصِيلَ كُلِّ شَىْءٍ وَهُدًى وَرَحْمَةً لِّقَوْمٍ يُؤْمِنُونَ	لقد كان في قصصهم عبرة لأولي الألباب ما كان حديثا يفترى ولكن تصديق الذي بين يديه وتفصيل كل شيء وهدى ورحمة لقوم يؤمنون
13	8	9	2	>aroHaAmu	أَرْحَامُ	>aroHaAm	N	STEM|POS:N|LEM:>aroHaAm|ROOT:rHm|MP|NOM	ٱللَّهُ يَعْلَمُ مَا تَحْمِلُ كُلُّ أُنثَىٰ وَمَا تَغِيضُ ٱلْأَرْحَامُ وَمَا تَزْدَادُ وَكُلُّ شَىْءٍ عِندَهُۥ بِمِقْدَارٍ	الله يعلم ما تحمل كل أنثى وما تغيض الأرحام وما تزداد وكل شيء عنده بمقدار
13	30	17	3	r~aHoma`ni	رَّحْمَٰنِ	r~aHoma`n	N	STEM|POS:N|LEM:r~aHoma`n|ROOT:rHm|MS|GEN	كَذَٰلِكَ أَرْسَلْنَٰكَ فِىٓ أُمَّةٍ قَدْ خَلَتْ مِن قَبْلِهَآ أُمَمٌ لِّتَتْلُوَا۟ عَلَيْهِمُ ٱلَّذِىٓ أَوْحَيْنَآ إِلَيْكَ وَهُمْ يَكْفُرُونَ بِٱلرَّحْمَٰنِ قُلْ هُوَ رَبِّى لَآ إِلَٰهَ إِلَّا هُوَ عَلَيْهِ تَوَكَّلْتُ وَإِلَيْهِ مَتَابِ	كذلك أرسلناك في أمة قد خلت من قبلها أمم لتتلو عليهم الذي أوحينا إليك وهم يكفرون بالرحمن قل هو ربي لا إله إلا هو عليه توكلت وإليه متاب
14	36	15	1	r~aHiymN	رَّحِيمٌ	r~aHiym	ADJ	STEM|POS:ADJ|LEM:r~aHiym|ROOT:rHm|MS|INDEF|NOM	رَبِّ إِنَّهُنَّ أَضْلَلْنَ كَثِيرًا مِّنَ ٱلنَّاسِ فَمَن تَبِعَنِى فَإِنَّهُۥ مِنِّى وَمَنْ عَصَانِى فَإِنَّكَ غَفُورٌ رَّحِيمٌ	رب إنهن أضللن كثيرا من الناس فمن تبعني فإنه مني ومن عصاني فإنك غفور رحيم
15	49	6	2	r~aHiymu	رَّحِيمُ	r~aHiym	ADJ	STEM|POS:ADJ|LEM:r~aHiym|ROOT:rHm|MS|NOM	نَبِّئْ عِبَادِىٓ أَنِّىٓ أَنَا ٱلْغَفُورُ ٱلرَّحِيمُ	نبئ عبادي أني أنا الغفور الرحيم
15	56	5	1	r~aHomapi	رَّحْمَةِ	raHomap	N	STEM|POS:N|LEM:raHomap|ROOT:rHm|F|GEN	قَالَ وَمَن يَقْنَطُ مِن رَّحْمَةِ رَبِّهِۦٓ إِلَّا ٱلضَّآلُّونَ	قال ومن يقنط من رحمة ربه إلا الضالون
16	7	14	1	r~aHiymN	رَّحِيمٌ	r~aHiym	ADJ	STEM|POS:ADJ|LEM:r~aHiym|ROOT:rHm|MS|INDEF|NOM	وَتَحْمِلُ أَثْقَالَكُمْ إِلَىٰ بَلَدٍ لَّمْ تَكُونُوا۟ بَٰلِغِيهِ إِلَّا بِشِقِّ ٱلْأَنفُسِ إِنَّ رَبَّكُمْ لَرَءُوفٌ رَّحِيمٌ	وتحمل أثقالكم إلى بلد لم تكونوا بالغيه إلا بشق الأنفس إن ربكم لرءوف رحيم
16	18	10	1	r~aHiymN	رَّحِيمٌ	r~aHiym	ADJ	STEM|POS:ADJ|LEM:r~aHiym|ROOT:rHm|MS|INDEF|NOM	وَإِن تَعُدُّوا۟ نِعْمَةَ ٱللَّهِ لَا تُحْصُوهَآ إِنَّ ٱللَّهَ لَغَفُورٌ رَّحِيمٌ	وإن تعدوا نعمة الله لا تحصوها إن الله لغفور رحيم
16	47	8	1	r~aHiymN	رَّحِيمٌ	r~aHiym	ADJ	STEM|POS:ADJ|LEM:r~aHiym|ROOT:rHm|MS|INDEF|NOM	أَوْ يَأْخُذَهُمْ عَلَىٰ تَخَوُّفٍ فَإِنَّ رَبَّكُمْ لَرَءُوفٌ رَّحِيمٌ	أو يأخذهم على تخوف فإن ربكم لرءوف رحيم
16	64	12	2	raHomapF	رَحْمَةً	raHomap	N	STEM|POS:N|LEM:raHomap|ROOT:rHm|F|INDEF|ACC	وَمَآ أَنزَلْنَا عَلَيْكَ ٱلْكِتَٰبَ إِلَّا لِتُبَيِّنَ لَهُمُ ٱلَّذِى ٱخْتَلَفُوا۟ فِيهِ وَهُدًى وَرَحْمَةً لِّقَوْمٍ يُؤْمِنُونَ	وما أنزلنا عليك الكتاب إلا لتبين لهم الذي اختلفوا فيه وهدى ورحمة لقوم يؤمنون
16	89	22	2	raHomapF	رَحْمَةً	raHomap	N	STEM|POS:N|LEM:raHomap|ROOT:rHm|F|INDEF|ACC	وَيَوْمَ نَبْعَثُ فِى كُلِّ أُمَّةٍ شَهِيدًا عَلَيْهِم مِّنْ أَنفُسِهِمْ وَجِئْنَا بِكَ شَهِيدًا عَلَىٰ هَٰٓؤُلَآءِ وَنَزَّلْنَا عَلَيْكَ ٱلْكِتَٰبَ تِبْيَٰنًا لِّكُلِّ شَىْءٍ وَهُدًى وَرَحْمَةً وَبُشْرَىٰ لِلْمُسْلِمِينَ	ويوم نبعث في كل أمة شهيدا عليهم من أنفسهم وجئنا بك شهيدا على هؤلاء ونزلنا عليك الكتاب تبيانا لكل شيء وهدى ورحمة وبشرى للمسلمين
16	110	18	1	r~aHiymN	رَّحِيمٌ	r~aHiym	ADJ	STEM|POS:ADJ|LEM:r~aHiym|ROOT:rHm|MS|INDEF|NOM	ثُمَّ إِنَّ رَبَّكَ لِلَّذِينَ هَاجَرُوا۟ مِنۢ بَعْدِ مَا فُتِنُوا۟ ثُمَّ جَٰهَدُوا۟ وَصَبَرُوٓا۟ إِنَّ رَبَّكَ مِنۢ بَعْدِهَا لَغَفُورٌ رَّحِيمٌ	ثم إن ربك للذين هاجروا من بعد ما فتنوا ثم جاهدوا وصبروا إن ربك من بعدها لغفور رحيم
16	115	22	1	r~aHiymN	رَّحِيمٌ	r~aHiym	ADJ	STEM|POS:ADJ|LEM:r~aHiym|ROOT:rHm|MS|INDEF|NOM	إِنَّمَا حَرَّمَ عَلَيْكُمُ ٱلْمَيْتَةَ وَٱلدَّمَ وَلَحْمَ ٱلْخِنزِيرِ وَمَآ أُهِلَّ لِغَيْرِ ٱللَّهِ بِهِۦ فَمَنِ ٱضْطُرَّ غَيْرَ بَاغٍ وَلَا عَادٍ فَإِنَّ ٱللَّهَ غَفُورٌ رَّحِيمٌ	إنما حرم عليكم الميتة والدم ولحم الخنزير وما أهل لغير الله به فمن اضطر غير باغ ولا عاد فإن الله غفور رحيم
16	119	19	1	r~aHiymN	رَّحِيمٌ	r~aHiym	ADJ	STEM|POS:ADJ|LEM:r~aHiym|ROOT:rHm|MS|INDEF|NOM	ثُمَّ إِنَّ رَبَّكَ لِلَّذِينَ عَمِلُوا۟ ٱلسُّوٓءَ بِجَهَٰلَةٍ ثُمَّ تَابُوا۟ مِنۢ بَعْدِ ذَٰلِكَ وَأَصْلَحُوٓا۟ إِنَّ رَبَّكَ مِنۢ بَعْدِهَا لَغَفُورٌ رَّحِيمٌ	ثم إن ربك للذين عملوا السوء بجهالة ثم تابوا من بعد ذلك وأصلحوا إن ربك من بعدها لغفور رحيم
17	8	4	1	yaroHama	يَرْحَمَ	r~aHima	V	STEM|POS:V|IMPF|LEM:r~aHima|ROOT:rHm|3MS|MOOD:SUBJ	عَسَىٰ رَبُّكُمْ أَن يَرْحَمَكُمْ وَإِنْ عُدتُّمْ عُدْنَا وَجَعَلْنَا جَهَنَّمَ لِلْكَٰفِرِينَ حَصِيرًا	عسى ربكم أن يرحمكم وإن عدتم عدنا وجعلنا جهنم للكافرين حصيرا
17	24	6	2	r~aHomapi	رَّحْمَةِ	raHomap	N	STEM|POS:N|LEM:raHomap|ROOT:rHm|F|GEN	وَٱخْفِضْ لَهُمَا جَنَاحَ ٱلذُّلِّ مِنَ ٱلرَّحْمَةِ وَقُل رَّبِّ ٱرْحَمْهُمَا كَمَا رَبَّيَانِى صَغِيرًا	واخفض لهما جناح الذل من الرحمة وقل رب ارحمهما كما ربياني صغيرا
17	24	9	1	{roHamo	ٱرْحَمْ	r~aHima	V	STEM|POS:V|IMPV|LEM:r~aHima|ROOT:rHm|2MS	وَٱخْفِضْ لَهُمَا جَنَاحَ ٱلذُّلِّ مِنَ ٱلرَّحْمَةِ وَقُل رَّبِّ ٱرْحَمْهُمَا كَمَا رَبَّيَانِى صَغِيرًا	واخفض لهما جناح الذل من الرحمة وقل رب ارحمهما كما ربياني صغيرا
17	28	5	1	raHomapK	رَحْمَةٍ	raHomap	N	STEM|POS:N|LEM:raHomap|ROOT:rHm|F|INDEF|GEN	وَإِمَّا تُعْرِضَنَّ عَنْهُمُ ٱبْتِغَآءَ رَحْمَةٍ مِّن رَّبِّكَ تَرْجُوهَا فَقُل لَّهُمْ قَوْلًا مَّيْسُورًا	وإما تعرضن عنهم ابتغاء رحمة من ربك ترجوها فقل لهم قولا ميسورا
17	54	6	1	yaroHamo	يَرْحَمْ	r~aHima	V	STEM|POS:V|IMPF|LEM:r~aHima|ROOT:rHm|3MS|MOOD:JUS	رَّبُّكُمْ أَعْلَمُ بِكُمْ إِن يَشَأْ يَرْحَمْكُمْ أَوْ إِن يَشَأْ يُعَذِّبْكُمْ وَمَآ أَرْسَلْنَٰكَ عَلَيْهِمْ وَكِيلًا	ربكم أعلم بكم إن يشأ يرحمكم أو إن يشأ يعذبكم وما أرسلناك عليهم وكيلا
17	57	11	1	raHomata	رَحْمَتَ	raHomap	N	STEM|POS:N|LEM:raHomap|ROOT:rHm|F|ACC	أُو۟لَٰٓئِكَ ٱلَّذِينَ يَدْعُونَ يَبْتَغُونَ إِلَىٰ رَبِّهِمُ ٱلْوَسِيلَةَ أَيُّهُمْ أَقْرَبُ وَيَرْجُونَ رَحْمَتَهُۥ وَيَخَافُونَ عَذَابَهُۥٓ إِنَّ عَذَابَ رَبِّكَ كَانَ مَحْذُورًا	أولئك الذين يدعون يبتغون إلى ربهم الوسيلة أيهم أقرب ويرجون رحمته ويخافون عذابه إن عذاب ربك كان محذورا
17	66	14	1	raHiymFA	رَحِيمًا	r~aHiym	N	STEM|POS:N|LEM:r~aHiym|ROOT:rHm|MS|INDEF|ACC	رَّبُّكُمُ ٱلَّذِى يُزْجِى لَكُمُ ٱلْفُلْكَ فِى ٱلْبَحْرِ لِتَبْتَغُوا۟ مِن فَضْلِهِۦٓ إِنَّهُۥ كَانَ بِكُمْ رَحِيمًا	ربكم الذي يزجي لكم الفلك في البحر لتبتغوا من فضله إنه كان بكم رحيما
17	82	7	2	raHomapN	رَحْمَةٌ	raHomap	N	STEM|POS:N|LEM:raHomap|ROOT:rHm|F|INDEF|NOM	وَنُنَزِّلُ مِنَ ٱلْقُرْءَانِ مَا هُوَ شِفَآءٌ وَرَحْمَةٌ لِّلْمُؤْمِنِينَ وَلَا يَزِيدُ ٱلظَّٰلِمِينَ إِلَّا خَسَارًا	وننزل من القرآن ما هو شفاء ورحمة للمؤمنين ولا يزيد الظالمين إلا خسارا
17	87	2	1	raHomapF	رَحْمَةً	raHomap	N	STEM|POS:N|LEM:raHomap|ROOT:rHm|F|INDEF|ACC	إِلَّا رَحْمَةً مِّن رَّبِّكَ إِنَّ فَضْلَهُۥ كَانَ عَلَيْكَ كَبِيرًا	إلا رحمة من ربك إن فضله كان عليك كبيرا
17	100	6	1	raHomapi	رَحْمَةِ	raHomap	N	STEM|POS:N|LEM:raHomap|ROOT:rHm|F|GEN	قُل لَّوْ أَنتُمْ تَمْلِكُونَ خَزَآئِنَ رَحْمَةِ رَبِّىٓ إِذًا لَّأَمْسَكْتُمْ خَشْيَةَ ٱلْإِنفَاقِ وَكَانَ ٱلْإِنسَٰنُ قَتُورًا	قل لو أنتم تملكون خزائن رحمة ربي إذا لأمسكتم خشية الإنفاق وكان الإنسان قتورا
17	110	6	2	r~aHoma`na	رَّحْمَٰنَ	r~aHoma`n	N	STEM|POS:N|LEM:r~aHoma`n|ROOT:rHm|MS|ACC	قُلِ ٱدْعُوا۟ ٱللَّهَ أَوِ ٱدْعُوا۟ ٱلرَّحْمَٰنَ أَيًّا مَّا تَدْعُوا۟ فَلَهُ ٱلْأَسْمَآءُ ٱلْحُسْنَىٰ وَلَا تَجْهَرْ بِصَلَاتِكَ وَلَا تُخَافِتْ بِهَا وَٱبْتَغِ بَيْنَ ذَٰلِكَ سَبِيلًا	قل ادعوا الله أو ادعوا الرحمن أيا ما تدعوا فله الأسماء الحسنى ولا تجهر بصلاتك ولا تخافت بها وابتغ بين ذلك سبيلا
18	10	11	1	raHomapF	رَحْمَةً	raHomap	N	STEM|POS:N|LEM:raHomap|ROOT:rHm|F|INDEF|ACC	إِذْ أَوَى ٱلْفِتْيَةُ إِلَى ٱلْكَهْفِ فَقَالُوا۟ رَبَّنَآ ءَاتِنَا مِن لَّدُنكَ رَحْمَةً وَهَيِّئْ لَنَا مِنْ أَمْرِنَا رَشَدًا	إذ أوى الفتية إلى الكهف فقالوا ربنا آتنا من لدنك رحمة وهيئ لنا من أمرنا رشدا
18	16	14	1	r~aHomati	رَّحْمَتِ	raHomap	N	STEM|POS:N|LEM:raHomap|ROOT:rHm|F|GEN	وَإِذِ ٱعْتَزَلْتُمُوهُمْ وَمَا يَعْبُدُونَ إِلَّا ٱللَّهَ فَأْوُۥٓا۟ إِلَى ٱلْكَهْفِ يَنشُرْ لَكُمْ رَبُّكُم مِّن رَّحْمَتِهِۦ وَيُهَيِّئْ لَكُم مِّنْ أَمْرِكُم مِّرْفَقًا	وإذ اعتزلتموهم وما يعبدون إلا الله فأووا إلى الكهف ينشر لكم ربكم من رحمته ويهيئ لكم من أمركم مرفقا
18	58	4	2	r~aHomapi	رَّحْمَةِ	raHomap	N	STEM|POS:N|LEM:raHomap|ROOT:rHm|F|GEN	وَرَبُّكَ ٱلْغَفُورُ ذُو ٱلرَّحْمَةِ لَوْ يُؤَاخِذُهُم بِمَا كَسَبُوا۟ لَعَجَّلَ لَهُمُ ٱلْعَذَابَ بَل لَّهُم مَّوْعِدٌ لَّن يَجِدُوا۟ مِن دُونِهِۦ مَوْئِلًا	وربك الغفور ذو الرحمة لو يؤاخذهم بما كسبوا لعجل لهم العذاب بل لهم موعد لن يجدوا من دونه موئلا
18	65	6	1	raHomapF	رَحْمَةً	raHomap	N	STEM|POS:N|LEM:raHomap|ROOT:rHm|F|INDEF|ACC	فَوَجَدَا عَبْدًا مِّنْ عِبَادِنَآ ءَاتَيْنَٰهُ رَحْمَةً مِّنْ عِندِنَا وَعَلَّمْنَٰهُ مِن لَّدُنَّا عِلْمًا	فوجدا عبدا من عبادنا آتيناه رحمة من عندنا وعلمناه من لدنا علما
18	81	9	1	ruHomFA	رُحْمًا	ruHom	N	STEM|POS:N|LEM:ruHom|ROOT:rHm|M|INDEF|ACC	فَأَرَدْنَآ أَن يُبْدِلَهُمَا رَبُّهُمَا خَيْرًا مِّنْهُ زَكَوٰةً وَأَقْرَبَ رُحْمًا	فأردنا أن يبدلهما ربهما خيرا منه زكاة وأقرب رحما
18	82	22	1	raHomapF	رَحْمَةً	raHomap	N	STEM|POS:N|LEM:raHomap|ROOT:rHm|F|INDEF|ACC	وَأَمَّا ٱلْجِدَارُ فَكَانَ لِغُلَٰمَيْنِ يَتِيمَيْنِ فِى ٱلْمَدِينَةِ وَكَانَ تَحْتَهُۥ كَنزٌ لَّهُمَا وَكَانَ أَبُوهُمَا صَٰلِحًا فَأَرَادَ رَبُّكَ أَن يَبْلُغَآ أَشُدَّهُمَا وَيَسْتَخْرِجَا كَنزَهُمَا رَحْمَةً مِّن رَّبِّكَ وَمَا فَعَلْتُهُۥ عَنْ أَمْرِى ذَٰلِكَ تَأْوِيلُ مَا لَمْ تَسْطِع عَّلَيْهِ صَبْرًا	وأما الجدار فكان لغلامين يتيمين في المدينة وكان تحته كنز لهما وكان أبوهما صالحا فأراد ربك أن يبلغا أشدهما ويستخرجا كنزهما رحمة من ربك وما فعلته عن أمري ذلك تأويل ما لم تسطع عليه صبرا
18	98	3	1	raHomapN	رَحْمَةٌ	raHomap	N	STEM|POS:N|LEM:raHomap|ROOT:rHm|F|INDEF|NOM	قَالَ هَٰذَا رَحْمَةٌ مِّن رَّبِّى فَإِذَا جَآءَ وَعْدُ رَبِّى جَعَلَهُۥ دَكَّآءَ وَكَانَ وَعْدُ رَبِّى حَقًّا	قال هذا رحمة من ربي فإذا جاء وعد ربي جعله دكاء وكان وعد ربي حقا
19	2	2	1	raHomati	رَحْمَتِ	raHomap	N	STEM|POS:N|LEM:raHomap|ROOT:rHm|F|GEN	ذِكْرُ رَحْمَتِ رَبِّكَ عَبْدَهُۥ زَكَرِيَّآ	ذكر رحمت ربك عبده زكريا
19	18	4	3	r~aHoma`ni	رَّحْمَٰنِ	r~aHoma`n	N	STEM|POS:N|LEM:r~aHoma`n|ROOT:rHm|MS|GEN	قَالَتْ إِنِّىٓ أَعُوذُ بِٱلرَّحْمَٰنِ مِنكَ إِن كُنتَ تَقِيًّا	قالت إني أعوذ بالرحمن منك إن كنت تقيا
19	21	11	2	raHomapF	رَحْمَةً	raHomap	N	STEM|POS:N|LEM:raHomap|ROOT:rHm|F|INDEF|ACC	قَالَ كَذَٰلِكِ قَالَ رَبُّكِ هُوَ عَلَىَّ هَيِّنٌ وَلِنَجْعَلَهُۥٓ ءَايَةً لِّلنَّاسِ وَرَحْمَةً مِّنَّا وَكَانَ أَمْرًا مَّقْضِيًّا	قال كذلك قال ربك هو علي هين ولنجعله آية للناس ورحمة منا وكان أمرا مقضيا
19	26	13	3	r~aHoma`ni	رَّحْمَٰنِ	r~aHoma`n	N	STEM|POS:N|LEM:r~aHoma`n|ROOT:rHm|MS|GEN	فَكُلِى وَٱشْرَبِى وَقَرِّى عَيْنًا فَإِمَّا تَرَيِنَّ مِنَ ٱلْبَشَرِ أَحَدًا فَقُولِىٓ إِنِّى نَذَرْتُ لِلرَّحْمَٰنِ صَوْمًا فَلَنْ أُكَلِّمَ ٱلْيَوْمَ إِنسِيًّا	فكلي واشربي وقري عينا فإما ترين من البشر أحدا فقولي إني نذرت للرحمن صوما فلن أكلم اليوم إنسيا
19	44	8	3	r~aHoma`ni	رَّحْمَٰنِ	r~aHoma`n	N	STEM|POS:N|LEM:r~aHoma`n|ROOT:rHm|MS|GEN	يَٰٓأَبَتِ لَا تَعْبُدِ ٱلشَّيْطَٰنَ إِنَّ ٱلشَّيْطَٰنَ كَانَ لِلرَّحْمَٰنِ عَصِيًّا	يا أبت لا تعبد الشيطان إن الشيطان كان للرحمن عصيا
19	45	8	2	r~aHoma`ni	رَّحْمَٰنِ	r~aHoma`n	N	STEM|POS:N|LEM:r~aHoma`n|ROOT:rHm|MS|GEN	يَٰٓأَبَتِ إِنِّىٓ أَخَافُ أَن يَمَسَّكَ عَذَابٌ مِّنَ ٱلرَّحْمَٰنِ فَتَكُونَ لِلشَّيْطَٰنِ وَلِيًّا	يا أبت إني أخاف أن يمسك عذاب من الرحمن فتكون للشيطان وليا
19	50	4	1	r~aHomati	رَّحْمَتِ	raHomap	N	STEM|POS:N|LEM:raHomap|ROOT:rHm|F|GEN	وَوَهَبْنَا لَهُم مِّن رَّحْمَتِنَا وَجَعَلْنَا لَهُمْ لِسَانَ صِدْقٍ عَلِيًّا	ووهبنا لهم من رحمتنا وجعلنا لهم لسان صدق عليا
19	53	4	1	r~aHomati	رَّحْمَتِ	raHomap	N	STEM|POS:N|LEM:raHomap|ROOT:rHm|F|GEN	وَوَهَبْنَا لَهُۥ مِن رَّحْمَتِنَآ أَخَاهُ هَٰرُونَ نَبِيًّا	ووهبنا له من رحمتنا أخاه هارون نبيا
19	58	26	2	r~aHoma`ni	رَّحْمَٰنِ	r~aHoma`n	ADJ	STEM|POS:ADJ|LEM:r~aHoma`n|ROOT:rHm|MS|GEN	أُو۟لَٰٓئِكَ ٱلَّذِينَ أَنْعَمَ ٱللَّهُ عَلَيْهِم مِّنَ ٱلنَّبِيِّـۧنَ مِن ذُرِّيَّةِ ءَادَمَ وَمِمَّنْ حَمَلْنَا مَعَ نُوحٍ وَمِن ذُرِّيَّةِ إِبْرَٰهِيمَ وَإِسْرَٰٓءِيلَ وَمِمَّنْ هَدَيْنَا وَٱجْتَبَيْنَآ إِذَا تُتْلَىٰ عَلَيْهِمْ ءَايَٰتُ ٱلرَّحْمَٰنِ خَرُّوا۟ سُجَّدًا وَبُكِيًّا	أولئك الذين أنعم الله عليهم من النبيين من ذرية آدم وممن حملنا مع نوح ومن ذرية إبراهيم وإسرائيل وممن هدينا واجتبينا إذا تتلى عليهم آيات الرحمن خروا سجدا وبكيا
19	61	5	2	r~aHoma`nu	رَّحْمَٰنُ	r~aHoma`n	N	STEM|POS:N|LEM:r~aHoma`n|ROOT:rHm|MS|NOM	جَنَّٰتِ عَدْنٍ ٱلَّتِى وَعَدَ ٱلرَّحْمَٰنُ عِبَادَهُۥ بِٱلْغَيْبِ إِنَّهُۥ كَانَ وَعْدُهُۥ مَأْتِيًّا	جنات عدن التي وعد الرحمن عباده بالغيب إنه كان وعده مأتيا
19	69	9	2	r~aHoma`ni	رَّحْمَٰنِ	r~aHoma`n	N	STEM|POS:N|LEM:r~aHoma`n|ROOT:rHm|MS|GEN	ثُمَّ لَنَنزِعَنَّ مِن كُلِّ شِيعَةٍ أَيُّهُمْ أَشَدُّ عَلَى ٱلرَّحْمَٰنِ عِتِيًّا	ثم لننزعن من كل شيعة أيهم أشد على الرحمن عتيا
19	75	8	2	r~aHoma`nu	رَّحْمَٰنُ	r~aHoma`n	N	STEM|POS:N|LEM:r~aHoma`n|ROOT:rHm|MS|NOM	قُلْ مَن كَانَ فِى ٱلضَّلَٰلَةِ فَلْيَمْدُدْ لَهُ ٱلرَّحْمَٰنُ مَدًّا حَتَّىٰٓ إِذَا رَأَوْا۟ مَا يُوعَدُونَ إِمَّا ٱلْعَذَابَ وَإِمَّا ٱلسَّاعَةَ فَسَيَعْلَمُونَ مَنْ هُوَ شَرٌّ مَّكَانًا وَأَضْعَفُ جُندًا	قل من كان في الضلالة فليمدد له الرحمن مدا حتى إذا رأوا ما يوعدون إما العذاب وإما الساعة فسيعلمون من هو شر مكانا وأضعف جندا
19	78	6	2	r~aHoma`ni	رَّحْمَٰنِ	r~aHoma`n	N	STEM|POS:N|LEM:r~aHoma`n|ROOT:rHm|MS|GEN	أَطَّلَعَ ٱلْغَيْبَ أَمِ ٱتَّخَذَ عِندَ ٱلرَّحْمَٰنِ عَهْدًا	أطلع الغيب أم اتخذ عند الرحمن عهدا
19	85	5	2	r~aHoma`ni	رَّحْمَٰنِ	r~aHoma`n	N	STEM|POS:N|LEM:r~aHoma`n|ROOT:rHm|MS|GEN	يَوْمَ نَحْشُرُ ٱلْمُتَّقِينَ إِلَى ٱلرَّحْمَٰنِ وَفْدًا	يوم نحشر المتقين إلى الرحمن وفدا
19	87	8	2	r~aHoma`ni	رَّحْمَٰنِ	r~aHoma`n	N	STEM|POS:N|LEM:r~aHoma`n|ROOT:rHm|MS|GEN	لَّا يَمْلِكُونَ ٱلشَّفَٰعَةَ إِلَّا مَنِ ٱتَّخَذَ عِندَ ٱلرَّحْمَٰنِ عَهْدًا	لا يملكون الشفاعة إلا من اتخذ عند الرحمن عهدا
19	88	3	2	r~aHoma`nu	رَّحْمَٰنُ	r~aHoma`n	N	STEM|POS:N|LEM:r~aHoma`n|ROOT:rHm|MS|NOM	وَقَالُوا۟ ٱتَّخَذَ ٱلرَّحْمَٰنُ وَلَدًا	وقالوا اتخذ الرحمن ولدا
19	91	3	3	r~aHoma`ni	رَّحْمَٰنِ	r~aHoma`n	N	STEM|POS:N|LEM:r~aHoma`n|ROOT:rHm|MS|GEN	أَن دَعَوْا۟ لِلرَّحْمَٰنِ وَلَدًا	أن دعوا للرحمن ولدا
19	92	3	3	r~aHoma`ni	رَّحْمَٰنِ	r~aHoma`n	N	STEM|POS:N|LEM:r~aHoma`n|ROOT:rHm|MS|GEN	وَمَا يَنۢبَغِى لِلرَّحْمَٰنِ أَن يَتَّخِذَ وَلَدًا	وما ينبغي للرحمن أن يتخذ ولدا
19	93	9	2	r~aHoma`ni	رَّحْمَٰنِ	r~aHoma`n	N	STEM|POS:N|LEM:r~aHoma`n|ROOT:rHm|MS|GEN	إِن كُلُّ مَن فِى ٱلسَّمَٰوَٰتِ وَٱلْأَرْضِ إِلَّآ ءَاتِى ٱلرَّحْمَٰنِ عَبْدًا	إن كل من في السماوات والأرض إلا آتي الرحمن عبدا
19	96	8	2	r~aHoma`nu	رَّحْمَٰنُ	r~aHoma`n	N	STEM|POS:N|LEM:r~aHoma`n|ROOT:rHm|MS|NOM	إِنَّ ٱلَّذِينَ ءَامَنُوا۟ وَعَمِلُوا۟ ٱلصَّٰلِحَٰتِ سَيَجْعَلُ لَهُمُ ٱلرَّحْمَٰنُ وُدًّا	إن الذين آمنوا وعملوا الصالحات سيجعل لهم الرحمن ودا
20	5	1	2	r~aHoma`nu	رَّحْمَٰنُ	r~aHoma`n	ADJ	STEM|POS:ADJ|LEM:r~aHoma`n|ROOT:rHm|MS|NOM	ٱلرَّحْمَٰنُ عَلَى ٱلْعَرْشِ ٱسْتَوَىٰ	الرحمن على العرش استوى
20	90	13	2	r~aHoma`nu	رَّحْمَٰنُ	r~aHoma`n	ADJ	STEM|POS:ADJ|LEM:r~aHoma`n|ROOT:rHm|MS|NOM	وَلَقَدْ قَالَ لَهُمْ هَٰرُونُ مِن قَبْلُ يَٰقَوْمِ إِنَّمَا فُتِنتُم بِهِۦ وَإِنَّ رَبَّكُمُ ٱلرَّحْمَٰنُ فَٱتَّبِعُونِى وَأَطِيعُوٓا۟ أَمْرِى	ولقد قال لهم هارون من قبل يا قوم إنما فتنتم به وإن ربكم الرحمن فاتبعوني وأطيعوا أمري
20	108	9	3	r~aHoma`ni	رَّحْمَٰنِ	r~aHoma`n	N	STEM|POS:N|LEM:r~aHoma`n|ROOT:rHm|MS|GEN	يَوْمَئِذٍ يَتَّبِعُونَ ٱلدَّاعِىَ لَا عِوَجَ لَهُۥ وَخَشَعَتِ ٱلْأَصْوَاتُ لِلرَّحْمَٰنِ فَلَا تَسْمَعُ إِلَّا هَمْسًا	يومئذ يتبعون الداعي لا عوج له وخشعت الأصوات للرحمن فلا تسمع إلا همسا
20	109	9	2	r~aHoma`nu	رَّحْمَٰنُ	r~aHoma`n	N	STEM|POS:N|LEM:r~aHoma`n|ROOT:rHm|MS|NOM	يَوْمَئِذٍ لَّا تَنفَعُ ٱلشَّفَٰعَةُ إِلَّا مَنْ أَذِنَ لَهُ ٱلرَّحْمَٰنُ وَرَضِىَ لَهُۥ قَوْلًا	يومئذ لا تنفع الشفاعة إلا من أذن له الرحمن ورضي له قولا
21	26	3	2	r~aHoma`nu	رَّحْمَٰنُ	r~aHoma`n	N	STEM|POS:N|LEM:r~aHoma`n|ROOT:rHm|MS|NOM	وَقَالُوا۟ ٱتَّخَذَ ٱلرَّحْمَٰنُ وَلَدًا سُبْحَٰنَهُۥ بَلْ عِبَادٌ مُّكْرَمُونَ	وقالوا اتخذ الرحمن ولدا سبحانه بل عباد مكرمون
21	36	15	2	r~aHoma`ni	رَّحْمَٰنِ	r~aHoma`n	N	STEM|POS:N|LEM:r~aHoma`n|ROOT:rHm|MS|GEN	وَإِذَا رَءَاكَ ٱلَّذِينَ كَفَرُوٓا۟ إِن يَتَّخِذُونَكَ إِلَّا هُزُوًا أَهَٰذَا ٱلَّذِى يَذْكُرُ ءَالِهَتَكُمْ وَهُم بِذِكْرِ ٱلرَّحْمَٰنِ هُمْ كَٰفِرُونَ	وإذا رآك الذين كفروا إن يتخذونك إلا هزوا أهذا الذي يذكر آلهتكم وهم بذكر الرحمن هم كافرون
21	42	7	2	r~aHoma`ni	رَّحْمَٰنِ	r~aHoma`n	N	STEM|POS:N|LEM:r~aHoma`n|ROOT:rHm|MS|GEN	قُلْ مَن يَكْلَؤُكُم بِٱلَّيْلِ وَٱلنَّهَارِ مِنَ ٱلرَّحْمَٰنِ بَلْ هُمْ عَن ذِكْرِ رَبِّهِم مُّعْرِضُونَ	قل من يكلؤكم بالليل والنهار من الرحمن بل هم عن ذكر ربهم معرضون
21	75	3	1	raHomati	رَحْمَتِ	raHomap	N	STEM|POS:N|LEM:raHomap|ROOT:rHm|F|GEN	وَأَدْخَلْنَٰهُ فِى رَحْمَتِنَآ إِنَّهُۥ مِنَ ٱلصَّٰلِحِينَ	وأدخلناه في رحمتنا إنه من الصالحين
21	83	9	1	>aroHamu	أَرْحَمُ	>aroHam	N	STEM|POS:N|LEM:>aroHam|ROOT:rHm|MS|NOM	وَأَيُّوبَ إِذْ نَادَىٰ رَبَّهُۥٓ أَنِّى مَسَّنِىَ ٱلضُّرُّ وَأَنتَ أَرْحَمُ ٱلرَّٰحِمِينَ	وأيوب إذ نادى ربه أني مسني الضر وأنت أرحم الراحمين
21	83	10	2	r~a`Himiyna	رَّٰحِمِينَ	r~a`Himiyn	N	STEM|POS:N|ACT|PCPL|LEM:r~a`Himiyn|ROOT:rHm|MP|GEN	وَأَيُّوبَ إِذْ نَادَىٰ رَبَّهُۥٓ أَنِّى مَسَّنِىَ ٱلضُّرُّ وَأَنتَ أَرْحَمُ ٱلرَّٰحِمِينَ	وأيوب إذ نادى ربه أني مسني الضر وأنت أرحم الراحمين
21	84	12	1	raHomapF	رَحْمَةً	raHomap	N	STEM|POS:N|LEM:raHomap|ROOT:rHm|F|INDEF|ACC	فَٱسْتَجَبْنَا لَهُۥ فَكَشَفْنَا مَا بِهِۦ مِن ضُرٍّ وَءَاتَيْنَٰهُ أَهْلَهُۥ وَمِثْلَهُم مَّعَهُمْ رَحْمَةً مِّنْ عِندِنَا وَذِكْرَىٰ لِلْعَٰبِدِينَ	فاستجبنا له فكشفنا ما به من ضر وآتيناه أهله ومثلهم معهم رحمة من عندنا وذكرى للعابدين
21	86	3	1	raHomati	رَحْمَتِ	raHomap	N	STEM|POS:N|LEM:raHomap|ROOT:rHm|F|GEN	وَأَدْخَلْنَٰهُمْ فِى رَحْمَتِنَآ إِنَّهُم مِّنَ ٱلصَّٰلِحِينَ	وأدخلناهم في رحمتنا إنهم من الصالحين
21	107	4	1	raHomapF	رَحْمَةً	raHomap	N	STEM|POS:N|LEM:raHomap|ROOT:rHm|F|INDEF|ACC	وَمَآ أَرْسَلْنَٰكَ إِلَّا رَحْمَةً لِّلْعَٰلَمِينَ	وما أرسلناك إلا رحمة للعالمين
21	112	6	2	r~aHoma`nu	رَّحْمَٰنُ	r~aHoma`n	ADJ	STEM|POS:ADJ|LEM:r~aHoma`n|ROOT:rHm|MS|NOM	قَٰلَ رَبِّ ٱحْكُم بِٱلْحَقِّ وَرَبُّنَا ٱلرَّحْمَٰنُ ٱلْمُسْتَعَانُ عَلَىٰ مَا تَصِفُونَ	قال رب احكم بالحق وربنا الرحمن المستعان على ما تصفون
22	5	29	2	>aroHaAmi	أَرْحَامِ	>aroHaAm	N	STEM|POS:N|LEM:>aroHaAm|ROOT:rHm|MP|GEN	يَٰٓأَيُّهَا ٱلنَّاسُ إِن كُنتُمْ فِى رَيْبٍ مِّنَ ٱلْبَعْثِ فَإِنَّا خَلَقْنَٰكُم مِّن تُرَابٍ ثُمَّ مِن نُّطْفَةٍ ثُمَّ مِنْ عَلَقَةٍ ثُمَّ مِن مُّضْغَةٍ مُّخَلَّقَةٍ وَغَيْرِ مُخَلَّقَةٍ لِّنُبَيِّنَ لَكُمْ وَنُقِرُّ فِى ٱلْأَرْحَامِ مَا نَشَآءُ إِلَىٰٓ أَجَلٍ مُّسَمًّى ثُمَّ نُخْرِجُكُمْ طِفْلًا ثُمَّ لِتَبْلُغُوٓا۟ أَشُدَّكُمْ وَمِنكُم مَّن يُتَوَفَّىٰ وَمِنكُم مَّن يُرَدُّ إِلَىٰٓ أَرْذَلِ ٱلْعُمُرِ لِكَيْلَا يَعْلَمَ مِنۢ بَعْدِ عِلْمٍ شَيْـًٔا وَتَرَى ٱلْأَرْضَ هَامِدَةً فَإِذَآ أَنزَلْنَا عَلَيْهَا ٱلْمَآءَ ٱهْتَزَّتْ وَرَبَتْ وَأَنۢبَتَتْ مِن كُلِّ زَوْجٍۭ بَهِيجٍ	يا أيها الناس إن كنتم في ريب من البعث فإنا خلقناكم من تراب ثم من نطفة ثم من علقة ثم من مضغة مخلقة وغير مخلقة لنبين لكم ونقر في الأرحام ما نشاء إلى أجل مسمى ثم نخرجكم طفلا ثم لتبلغوا أشدكم ومنكم من يتوفى ومنكم من يرد إلى أرذل العمر لكيلا يعلم من بعد علم شيئا وترى الأرض هامدة فإذا أنزلنا عليها الماء اهتزت وربت وأنبتت من كل زوج بهيج
22	65	27	1	r~aHiymN	رَّحِيمٌ	r~aHiym	ADJ	STEM|POS:ADJ|LEM:r~aHiym|ROOT:rHm|MS|INDEF|NOM	أَلَمْ تَرَ أَنَّ ٱللَّهَ سَخَّرَ لَكُم مَّا فِى ٱلْأَرْضِ وَٱلْفُلْكَ تَجْرِى فِى ٱلْبَحْرِ بِأَمْرِهِۦ وَيُمْسِكُ ٱلسَّمَآءَ أَن تَقَعَ عَلَى ٱلْأَرْضِ إِلَّا بِإِذْنِهِۦٓ إِنَّ ٱللَّهَ بِٱلنَّاسِ لَرَءُوفٌ رَّحِيمٌ	ألم تر أن الله سخر لكم ما في الأرض والفلك تجري في البحر بأمره ويمسك السماء أن تقع على الأرض إلا بإذنه إن الله بالناس لرءوف رحيم
23	75	2	1	raHimo	رَحِمْ	r~aHima	V	STEM|POS:V|PERF|LEM:r~aHima|ROOT:rHm|1P	وَلَوْ رَحِمْنَٰهُمْ وَكَشَفْنَا مَا بِهِم مِّن ضُرٍّ لَّلَجُّوا۟ فِى طُغْيَٰنِهِمْ يَعْمَهُونَ	ولو رحمناهم وكشفنا ما بهم من ضر للجوا في طغيانهم يعمهون
23	109	11	2	{roHamo	ٱرْحَمْ	r~aHima	V	STEM|POS:V|IMPV|LEM:r~aHima|ROOT:rHm|2MS	إِنَّهُۥ كَانَ فَرِيقٌ مِّنْ عِبَادِى يَقُولُونَ رَبَّنَآ ءَامَنَّا فَٱغْفِرْ لَنَا وَٱرْحَمْنَا وَأَنتَ خَيْرُ ٱلرَّٰحِمِينَ	إنه كان فريق من عبادي يقولون ربنا آمنا فاغفر لنا وارحمنا وأنت خير الراحمين
23	109	14	2	r~a`Himiyna	رَّٰحِمِينَ	r~a`Himiyn	N	STEM|POS:N|ACT|PCPL|LEM:r~a`Himiyn|ROOT:rHm|MP|GEN	إِنَّهُۥ كَانَ فَرِيقٌ مِّنْ عِبَادِى يَقُولُونَ رَبَّنَآ ءَامَنَّا فَٱغْفِرْ لَنَا وَٱرْحَمْنَا وَأَنتَ خَيْرُ ٱلرَّٰحِمِينَ	إنه كان فريق من عبادي يقولون ربنا آمنا فاغفر لنا وارحمنا وأنت خير الراحمين
23	118	4	2	{roHamo	ٱرْحَمْ	r~aHima	V	STEM|POS:V|IMPV|LEM:r~aHima|ROOT:rHm|2MS	وَقُل رَّبِّ ٱغْفِرْ وَٱرْحَمْ وَأَنتَ خَيْرُ ٱلرَّٰحِمِينَ	وقل رب اغفر وارحم وأنت خير الراحمين
23	118	7	2	r~a`Himiyna	رَّٰحِمِينَ	r~a`Himiyn	N	STEM|POS:N|ACT|PCPL|LEM:r~a`Himiyn|ROOT:rHm|MP|GEN	وَقُل رَّبِّ ٱغْفِرْ وَٱرْحَمْ وَأَنتَ خَيْرُ ٱلرَّٰحِمِينَ	وقل رب اغفر وارحم وأنت خير الراحمين
24	5	11	1	r~aHiymN	رَّحِيمٌ	r~aHiym	ADJ	STEM|POS:ADJ|LEM:r~aHiym|ROOT:rHm|MS|INDEF|NOM	إِلَّا ٱلَّذِينَ تَابُوا۟ مِنۢ بَعْدِ ذَٰلِكَ وَأَصْلَحُوا۟ فَإِنَّ ٱللَّهَ غَفُورٌ رَّحِيمٌ	إلا الذين تابوا من بعد ذلك وأصلحوا فإن الله غفور رحيم
24	10	5	2	raHomatu	رَحْمَتُ	raHomap	N	STEM|POS:N|LEM:raHomap|ROOT:rHm|F|NOM	وَلَوْلَا فَضْلُ ٱللَّهِ عَلَيْكُمْ وَرَحْمَتُهُۥ وَأَنَّ ٱللَّهَ تَوَّابٌ حَكِيمٌ	ولولا فضل الله عليكم ورحمته وأن الله تواب حكيم
24	14	5	2	raHomatu	رَحْمَتُ	raHomap	N	STEM|POS:N|LEM:raHomap|ROOT:rHm|F|NOM	وَلَوْلَا فَضْلُ ٱللَّهِ عَلَيْكُمْ وَرَحْمَتُهُۥ فِى ٱلدُّنْيَا وَٱلْـَٔاخِرَةِ لَمَسَّكُمْ فِى مَآ أَفَضْتُمْ فِيهِ عَذَابٌ عَظِيمٌ	ولولا فضل الله عليكم ورحمته في الدنيا والآخرة لمسكم في ما أفضتم فيه عذاب عظيم
24	20	5	2	raHomatu	رَحْمَتُ	raHomap	N	STEM|POS:N|LEM:raHomap|ROOT:rHm|F|NOM	وَلَوْلَا فَضْلُ ٱللَّهِ عَلَيْكُمْ وَرَحْمَتُهُۥ وَأَنَّ ٱللَّهَ رَءُوفٌ رَّحِيمٌ	ولولا فضل الله عليكم ورحمته وأن الله رءوف رحيم
24	20	9	1	r~aHiymN	رَّحِيمٌ	r~aHiym	ADJ	STEM|POS:ADJ|LEM:r~aHiym|ROOT:rHm|MS|INDEF|NOM	وَلَوْلَا فَضْلُ ٱللَّهِ عَلَيْكُمْ وَرَحْمَتُهُۥ وَأَنَّ ٱللَّهَ رَءُوفٌ رَّحِيمٌ	ولولا فضل الله عليكم ورحمته وأن الله رءوف رحيم
24	21	20	2	raHomatu	رَحْمَتُ	raHomap	N	STEM|POS:N|LEM:raHomap|ROOT:rHm|F|NOM	يَٰٓأَيُّهَا ٱلَّذِينَ ءَامَنُوا۟ لَا تَتَّبِعُوا۟ خُطُوَٰتِ ٱلشَّيْطَٰنِ وَمَن يَتَّبِعْ خُطُوَٰتِ ٱلشَّيْطَٰنِ فَإِنَّهُۥ يَأْمُرُ بِٱلْفَحْشَآءِ وَٱلْمُنكَرِ وَلَوْلَا فَضْلُ ٱللَّهِ عَلَيْكُمْ وَرَحْمَتُهُۥ مَا زَكَىٰ مِنكُم مِّنْ أَحَدٍ أَبَدًا وَلَٰكِنَّ ٱللَّهَ يُزَكِّى مَن يَشَآءُ وَٱللَّهُ سَمِيعٌ عَلِيمٌ	يا أيها الذين آمنوا لا تتبعوا خطوات الشيطان ومن يتبع خطوات الشيطان فإنه يأمر بالفحشاء والمنكر ولولا فضل الله عليكم ورحمته ما زكى منكم من أحد أبدا ولكن الله يزكي من يشاء والله سميع عليم
24	22	26	1	r~aHiymN	رَّحِيمٌ	r~aHiym	ADJ	STEM|POS:ADJ|LEM:r~aHiym|ROOT:rHm|MS|INDEF|NOM	وَلَا يَأْتَلِ أُو۟لُوا۟ ٱلْفَضْلِ مِنكُمْ وَٱلسَّعَةِ أَن يُؤْتُوٓا۟ أُو۟لِى ٱلْقُرْبَىٰ وَٱلْمَسَٰكِينَ وَٱلْمُهَٰجِرِينَ فِى سَبِيلِ ٱللَّهِ وَلْيَعْفُوا۟ وَلْيَصْفَحُوٓا۟ أَلَا تُحِبُّونَ أَن يَغْفِرَ ٱللَّهُ لَكُمْ وَٱللَّهُ غَفُورٌ رَّحِيمٌ	ولا يأتل أولو الفضل منكم والسعة أن يؤتوا أولي القربى والمساكين والمهاجرين في سبيل الله وليعفوا وليصفحوا ألا تحبون أن يغفر الله لكم والله غفور رحيم
24	33	48	1	r~aHiymN	رَّحِيمٌ	r~aHiym	ADJ	STEM|POS:ADJ|LEM:r~aHiym|ROOT:rHm|MS|INDEF|NOM	وَلْيَسْتَعْفِفِ ٱلَّذِينَ لَا يَجِدُونَ نِكَاحًا حَتَّىٰ يُغْنِيَهُمُ ٱللَّهُ مِن فَضْلِهِۦ وَٱلَّذِينَ يَبْتَغُونَ ٱلْكِتَٰبَ مِمَّا مَلَكَتْ أَيْمَٰنُكُمْ فَكَاتِبُوهُمْ إِنْ عَلِمْتُمْ فِيهِمْ خَيْرًا وَءَاتُوهُم مِّن مَّالِ ٱللَّهِ ٱلَّذِىٓ ءَاتَىٰكُمْ وَلَا تُكْرِهُوا۟ فَتَيَٰتِكُمْ عَلَى ٱلْبِغَآءِ إِنْ أَرَدْنَ تَحَصُّنًا لِّتَبْتَغُوا۟ عَرَضَ ٱلْحَيَوٰةِ ٱلدُّنْيَا وَمَن يُكْرِههُّنَّ فَإِنَّ ٱللَّهَ مِنۢ بَعْدِ إِكْرَٰهِهِنَّ غَفُورٌ رَّحِيمٌ	وليستعفف الذين لا يجدون نكاحا حتى يغنيهم الله من فضله والذين يبتغون الكتاب مما ملكت أيمانكم فكاتبوهم إن علمتم فيهم خيرا وآتوهم من مال الله الذي آتاكم ولا تكرهوا فتياتكم على البغاء إن أردن تحصنا لتبتغوا عرض الحياة الدنيا ومن يكرههن فإن الله من بعد إكراههن غفور رحيم
24	56	8	1	turoHamu	تُرْحَمُ	r~aHima	V	STEM|POS:V|IMPF|PASS|LEM:r~aHima|ROOT:rHm|2MP	وَأَقِيمُوا۟ ٱلصَّلَوٰةَ وَءَاتُوا۟ ٱلزَّكَوٰةَ وَأَطِيعُوا۟ ٱلرَّسُولَ لَعَلَّكُمْ تُرْحَمُونَ	وأقيموا الصلاة وآتوا الزكاة وأطيعوا الرسول لعلكم ترحمون
24	62	39	1	r~aHiymN	رَّحِيمٌ	r~aHiym	ADJ	STEM|POS:ADJ|LEM:r~aHiym|ROOT:rHm|MS|INDEF|NOM	إِنَّمَا ٱلْمُؤْمِنُونَ ٱلَّذِينَ ءَامَنُوا۟ بِٱللَّهِ وَرَسُولِهِۦ وَإِذَا كَانُوا۟ مَعَهُۥ عَلَىٰٓ أَمْرٍ جَامِعٍ لَّمْ يَذْهَبُوا۟ حَتَّىٰ يَسْتَـْٔذِنُوهُ إِنَّ ٱلَّذِينَ يَسْتَـْٔذِنُونَكَ أُو۟لَٰٓئِكَ ٱلَّذِينَ يُؤْمِنُونَ بِٱللَّهِ وَرَسُولِهِۦ فَإِذَا ٱسْتَـْٔذَنُوكَ لِبَعْضِ شَأْنِهِمْ فَأْذَن لِّمَن شِئْتَ مِنْهُمْ وَٱسْتَغْفِرْ لَهُمُ ٱللَّهَ إِنَّ ٱللَّهَ غَفُورٌ رَّحِيمٌ	إنما المؤمنون الذين آمنوا بالله ورسوله وإذا كانوا معه على أمر جامع لم يذهبوا حتى يستأذنوه إن الذين يستأذنونك أولئك الذين يؤمنون بالله ورسوله فإذا استأذنوك لبعض شأنهم فأذن لمن شئت منهم واستغفر لهم الله إن الله غفور رحيم
25	6	12	1	r~aHiymFA	رَّحِيمًا	r~aHiym	ADJ	STEM|POS:ADJ|LEM:r~aHiym|ROOT:rHm|MS|INDEF|ACC	قُلْ أَنزَلَهُ ٱلَّذِى يَعْلَمُ ٱلسِّرَّ فِى ٱلسَّمَٰوَٰتِ وَٱلْأَرْضِ إِنَّهُۥ كَانَ غَفُورًا رَّحِيمًا	قل أنزله الذي يعلم السر في السماوات والأرض إنه كان غفورا رحيما
25	26	4	3	r~aHoma`ni	رَّحْمَٰنِ	r~aHoma`n	N	STEM|POS:N|LEM:r~aHoma`n|ROOT:rHm|MS|GEN	ٱلْمُلْكُ يَوْمَئِذٍ ٱلْحَقُّ لِلرَّحْمَٰنِ وَكَانَ يَوْمًا عَلَى ٱلْكَٰفِرِينَ عَسِيرًا	الملك يومئذ الحق للرحمن وكان يوما على الكافرين عسيرا
25	48	8	1	raHomati	رَحْمَتِ	raHomap	N	STEM|POS:N|LEM:raHomap|ROOT:rHm|F|GEN	وَهُوَ ٱلَّذِىٓ أَرْسَلَ ٱلرِّيَٰحَ بُشْرًۢا بَيْنَ يَدَىْ رَحْمَتِهِۦ وَأَنزَلْنَا مِنَ ٱلسَّمَآءِ مَآءً طَهُورًا	وهو الذي أرسل الرياح بشرا بين يدي رحمته وأنزلنا من السماء ماء طهورا
25	59	14	2	r~aHoma`nu	رَّحْمَٰنُ	r~aHoma`n	ADJ	STEM|POS:ADJ|LEM:r~aHoma`n|ROOT:rHm|MS|NOM	ٱلَّذِى خَلَقَ ٱلسَّمَٰوَٰتِ وَٱلْأَرْضَ وَمَا بَيْنَهُمَا فِى سِتَّةِ أَيَّامٍ ثُمَّ ٱسْتَوَىٰ عَلَى ٱلْعَرْشِ ٱلرَّحْمَٰنُ فَسْـَٔلْ بِهِۦ خَبِيرًا	الذي خلق السماوات والأرض وما بينهما في ستة أيام ثم استوى على العرش الرحمن فاسأل به خبيرا
25	60	5	3	r~aHoma`ni	رَّحْمَٰنِ	r~aHoma`n	N	STEM|POS:N|LEM:r~aHoma`n|ROOT:rHm|MS|GEN	وَإِذَا قِيلَ لَهُمُ ٱسْجُدُوا۟ لِلرَّحْمَٰنِ قَالُوا۟ وَمَا ٱلرَّحْمَٰنُ أَنَسْجُدُ لِمَا تَأْمُرُنَا وَزَادَهُمْ نُفُورًا	وإذا قيل لهم اسجدوا للرحمن قالوا وما الرحمن أنسجد لما تأمرنا وزادهم نفورا
25	60	8	2	r~aHoma`nu	رَّحْمَٰنُ	r~aHoma`n	N	STEM|POS:N|LEM:r~aHoma`n|ROOT:rHm|MS|NOM	وَإِذَا قِيلَ لَهُمُ ٱسْجُدُوا۟ لِلرَّحْمَٰنِ قَالُوا۟ وَمَا ٱلرَّحْمَٰنُ أَنَسْجُدُ لِمَا تَأْمُرُنَا وَزَادَهُمْ نُفُورًا	وإذا قيل لهم اسجدوا للرحمن قالوا وما الرحمن أنسجد لما تأمرنا وزادهم نفورا
25	63	2	2	r~aHoma`ni	رَّحْمَٰنِ	r~aHoma`n	ADJ	STEM|POS:ADJ|LEM:r~aHoma`n|ROOT:rHm|MS|GEN	وَعِبَادُ ٱلرَّحْمَٰنِ ٱلَّذِينَ يَمْشُونَ عَلَى ٱلْأَرْضِ هَوْنًا وَإِذَا خَاطَبَهُمُ ٱلْجَٰهِلُونَ قَالُوا۟ سَلَٰمًا	وعباد الرحمن الذين يمشون على الأرض هونا وإذا خاطبهم الجاهلون قالوا سلاما
25	70	16	1	r~aHiymFA	رَّحِيمًا	r~aHiym	ADJ	STEM|POS:ADJ|LEM:r~aHiym|ROOT:rHm|MS|INDEF|ACC	إِلَّا مَن تَابَ وَءَامَنَ وَعَمِلَ عَمَلًا صَٰلِحًا فَأُو۟لَٰٓئِكَ يُبَدِّلُ ٱللَّهُ سَيِّـَٔاتِهِمْ حَسَنَٰتٍ وَكَانَ ٱللَّهُ غَفُورًا رَّحِيمًا	إلا من تاب وآمن وعمل عملا صالحا فأولئك يبدل الله سيئاتهم حسنات وكان الله غفورا رحيما
26	5	6	2	r~aHoma`ni	رَّحْمَٰنِ	r~aHoma`n	N	STEM|POS:N|LEM:r~aHoma`n|ROOT:rHm|MS|GEN	وَمَا يَأْتِيهِم مِّن ذِكْرٍ مِّنَ ٱلرَّحْمَٰنِ مُحْدَثٍ إِلَّا كَانُوا۟ عَنْهُ مُعْرِضِينَ	وما يأتيهم من ذكر من الرحمن محدث إلا كانوا عنه معرضين
26	9	5	2	r~aHiymu	رَّحِيمُ	r~aHiym	ADJ	STEM|POS:ADJ|LEM:r~aHiym|ROOT:rHm|MS|NOM	وَإِنَّ رَبَّكَ لَهُوَ ٱلْعَزِيزُ ٱلرَّحِيمُ	وإن ربك لهو العزيز الرحيم
26	68	5	2	r~aHiymu	رَّحِيمُ	r~aHiym	ADJ	STEM|POS:ADJ|LEM:r~aHiym|ROOT:rHm|MS|NOM	وَإِنَّ رَبَّكَ لَهُوَ ٱلْعَزِيزُ ٱلرَّحِيمُ	وإن ربك لهو العزيز الرحيم
26	104	5	2	r~aHiymu	رَّحِيمُ	r~aHiym	ADJ	STEM|POS:ADJ|LEM:r~aHiym|ROOT:rHm|MS|NOM	وَإِنَّ رَبَّكَ لَهُوَ ٱلْعَزِيزُ ٱلرَّحِيمُ	وإن ربك لهو العزيز الرحيم
26	122	5	2	r~aHiymu	رَّحِيمُ	r~aHiym	ADJ	STEM|POS:ADJ|LEM:r~aHiym|ROOT:rHm|MS|NOM	وَإِنَّ رَبَّكَ لَهُوَ ٱلْعَزِيزُ ٱلرَّحِيمُ	وإن ربك لهو العزيز الرحيم
26	140	5	2	r~aHiymu	رَّحِيمُ	r~aHiym	ADJ	STEM|POS:ADJ|LEM:r~aHiym|ROOT:rHm|MS|NOM	وَإِنَّ رَبَّكَ لَهُوَ ٱلْعَزِيزُ ٱلرَّحِيمُ	وإن ربك لهو العزيز الرحيم
26	159	5	2	r~aHiymu	رَّحِيمُ	r~aHiym	ADJ	STEM|POS:ADJ|LEM:r~aHiym|ROOT:rHm|MS|NOM	وَإِنَّ رَبَّكَ لَهُوَ ٱلْعَزِيزُ ٱلرَّحِيمُ	وإن ربك لهو العزيز الرحيم
26	175	5	2	r~aHiymu	رَّحِيمُ	r~aHiym	ADJ	STEM|POS:ADJ|LEM:r~aHiym|ROOT:rHm|MS|NOM	وَإِنَّ رَبَّكَ لَهُوَ ٱلْعَزِيزُ ٱلرَّحِيمُ	وإن ربك لهو العزيز الرحيم
26	191	5	2	r~aHiymu	رَّحِيمُ	r~aHiym	ADJ	STEM|POS:ADJ|LEM:r~aHiym|ROOT:rHm|MS|NOM	وَإِنَّ رَبَّكَ لَهُوَ ٱلْعَزِيزُ ٱلرَّحِيمُ	وإن ربك لهو العزيز الرحيم
26	217	4	2	r~aHiymi	رَّحِيمِ	r~aHiym	ADJ	STEM|POS:ADJ|LEM:r~aHiym|ROOT:rHm|MS|GEN	وَتَوَكَّلْ عَلَى ٱلْعَزِيزِ ٱلرَّحِيمِ	وتوكل على العزيز الرحيم
27	11	11	1	r~aHiymN	رَّحِيمٌ	r~aHiym	ADJ	STEM|POS:ADJ|LEM:r~aHiym|ROOT:rHm|MS|INDEF|NOM	إِلَّا مَن ظَلَمَ ثُمَّ بَدَّلَ حُسْنًۢا بَعْدَ سُوٓءٍ فَإِنِّى غَفُورٌ رَّحِيمٌ	إلا من ظلم ثم بدل حسنا بعد سوء فإني غفور رحيم
27	19	21	2	raHomati	رَحْمَتِ	raHomap	N	STEM|POS:N|LEM:raHomap|ROOT:rHm|F|GEN	فَتَبَسَّمَ ضَاحِكًا مِّن قَوْلِهَا وَقَالَ رَبِّ أَوْزِعْنِىٓ أَنْ أَشْكُرَ نِعْمَتَكَ ٱلَّتِىٓ أَنْعَمْتَ عَلَىَّ وَعَلَىٰ وَٰلِدَىَّ وَأَنْ أَعْمَلَ صَٰلِحًا تَرْضَىٰهُ وَأَدْخِلْنِى بِرَحْمَتِكَ فِى عِبَادِكَ ٱلصَّٰلِحِينَ	فتبسم ضاحكا من قولها وقال رب أوزعني أن أشكر نعمتك التي أنعمت علي وعلى والدي وأن أعمل صالحا ترضاه وأدخلني برحمتك في عبادك الصالحين
27	30	7	2	r~aHoma`ni	رَّحْمَٰنِ	r~aHoma`n	ADJ	STEM|POS:ADJ|LEM:r~aHoma`n|ROOT:rHm|MS|GEN	إِنَّهُۥ مِن سُلَيْمَٰنَ وَإِنَّهُۥ بِسْمِ ٱللَّهِ ٱلرَّحْمَٰنِ ٱلرَّحِيمِ	إنه من سليمان وإنه بسم الله الرحمن الرحيم
27	30	8	2	r~aHiymi	رَّحِيمِ	r~aHiym	ADJ	STEM|POS:ADJ|LEM:r~aHiym|ROOT:rHm|MS|GEN	إِنَّهُۥ مِن سُلَيْمَٰنَ وَإِنَّهُۥ بِسْمِ ٱللَّهِ ٱلرَّحْمَٰنِ ٱلرَّحِيمِ	إنه من سليمان وإنه بسم الله الرحمن الرحيم
27	46	12	1	turoHamu	تُرْحَمُ	r~aHima	V	STEM|POS:V|IMPF|PASS|LEM:r~aHima|ROOT:rHm|2MP	قَالَ يَٰقَوْمِ لِمَ تَسْتَعْجِلُونَ بِٱلسَّيِّئَةِ قَبْلَ ٱلْحَسَنَةِ لَوْلَا تَسْتَغْفِرُونَ ٱللَّهَ لَعَلَّكُمْ تُرْحَمُونَ	قال يا قوم لم تستعجلون بالسيئة قبل الحسنة لولا تستغفرون الله لعلكم ترحمون
27	63	13	1	raHomati	رَحْمَتِ	raHomap	N	STEM|POS:N|LEM:raHomap|ROOT:rHm|F|GEN	أَمَّن يَهْدِيكُمْ فِى ظُلُمَٰتِ ٱلْبَرِّ وَٱلْبَحْرِ وَمَن يُرْسِلُ ٱلرِّيَٰحَ بُشْرًۢا بَيْنَ يَدَىْ رَحْمَتِهِۦٓ أَءِلَٰهٌ مَّعَ ٱللَّهِ تَعَٰلَى ٱللَّهُ عَمَّا يُشْرِكُونَ	أمن يهديكم في ظلمات البر والبحر ومن يرسل الرياح بشرا بين يدي رحمته أإله مع الله تعالى الله عما يشركون
27	77	3	2	raHomapN	رَحْمَةٌ	raHomap	N	STEM|POS:N|LEM:raHomap|ROOT:rHm|F|INDEF|NOM	وَإِنَّهُۥ لَهُدًى وَرَحْمَةٌ لِّلْمُؤْمِنِينَ	وإنه لهدى ورحمة للمؤمنين
28	16	13	2	r~aHiymu	رَّحِيمُ	r~aHiym	ADJ	STEM|POS:ADJ|LEM:r~aHiym|ROOT:rHm|MS|NOM	قَالَ رَبِّ إِنِّى ظَلَمْتُ نَفْسِى فَٱغْفِرْ لِى فَغَفَرَ لَهُۥٓ إِنَّهُۥ هُوَ ٱلْغَفُورُ ٱلرَّحِيمُ	قال رب إني ظلمت نفسي فاغفر لي فغفر له إنه هو الغفور الرحيم
28	43	14	2	raHomapF	رَحْمَةً	raHomap	N	STEM|POS:N|LEM:raHomap|ROOT:rHm|F|INDEF|ACC	وَلَقَدْ ءَاتَيْنَا مُوسَى ٱلْكِتَٰبَ مِنۢ بَعْدِ مَآ أَهْلَكْنَا ٱلْقُرُونَ ٱلْأُولَىٰ بَصَآئِرَ لِلنَّاسِ وَهُدًى وَرَحْمَةً لَّعَلَّهُمْ يَتَذَكَّرُونَ	ولقد آتينا موسى الكتاب من بعد ما أهلكنا القرون الأولى بصائر للناس وهدى ورحمة لعلهم يتذكرون
28	46	8	1	r~aHomapF	رَّحْمَةً	raHomap	N	STEM|POS:N|LEM:raHomap|ROOT:rHm|F|INDEF|ACC	وَمَا كُنتَ بِجَانِبِ ٱلطُّورِ إِذْ نَادَيْنَا وَلَٰكِن رَّحْمَةً مِّن رَّبِّكَ لِتُنذِرَ قَوْمًا مَّآ أَتَىٰهُم مِّن نَّذِيرٍ مِّن قَبْلِكَ لَعَلَّهُمْ يَتَذَكَّرُونَ	وما كنت بجانب الطور إذ نادينا ولكن رحمة من ربك لتنذر قوما ما أتاهم من نذير من قبلك لعلهم يتذكرون
28	73	2	1	r~aHomati	رَّحْمَتِ	raHomap	N	STEM|POS:N|LEM:raHomap|ROOT:rHm|F|GEN	وَمِن رَّحْمَتِهِۦ جَعَلَ لَكُمُ ٱلَّيْلَ وَٱلنَّهَارَ لِتَسْكُنُوا۟ فِيهِ وَلِتَبْتَغُوا۟ مِن فَضْلِهِۦ وَلَعَلَّكُمْ تَشْكُرُونَ	ومن رحمته جعل لكم الليل والنهار لتسكنوا فيه ولتبتغوا من فضله ولعلكم تشكرون
28	86	9	1	raHomapF	رَحْمَةً	raHomap	N	STEM|POS:N|LEM:raHomap|ROOT:rHm|F|INDEF|ACC	وَمَا كُنتَ تَرْجُوٓا۟ أَن يُلْقَىٰٓ إِلَيْكَ ٱلْكِتَٰبُ إِلَّا رَحْمَةً مِّن رَّبِّكَ فَلَا تَكُونَنَّ ظَهِيرًا لِّلْكَٰفِرِينَ	وما كنت ترجو أن يلقى إليك الكتاب إلا رحمة من ربك فلا تكونن ظهيرا للكافرين
29	21	4	2	yaroHamu	يَرْحَمُ	r~aHima	V	STEM|POS:V|IMPF|LEM:r~aHima|ROOT:rHm|3MS	يُعَذِّبُ مَن يَشَآءُ وَيَرْحَمُ مَن يَشَآءُ وَإِلَيْهِ تُقْلَبُونَ	يعذب من يشاء ويرحم من يشاء وإليه تقلبون
29	23	9	1	r~aHomati	رَّحْمَتِ	raHomap	N	STEM|POS:N|LEM:raHomap|ROOT:rHm|F|GEN	وَٱلَّذِينَ كَفَرُوا۟ بِـَٔايَٰتِ ٱللَّهِ وَلِقَآئِهِۦٓ أُو۟لَٰٓئِكَ يَئِسُوا۟ مِن رَّحْمَتِى وَأُو۟لَٰٓئِكَ لَهُمْ عَذَابٌ أَلِيمٌ	والذين كفروا بآيات الله ولقائه أولئك يئسوا من رحمتي وأولئك لهم عذاب أليم
29	51	12	2	raHomapF	رَحْمَةً	raHomap	N	STEM|POS:N|LEM:raHomap|ROOT:rHm|F|INDEF|ACC	أَوَلَمْ يَكْفِهِمْ أَنَّآ أَنزَلْنَا عَلَيْكَ ٱلْكِتَٰبَ يُتْلَىٰ عَلَيْهِمْ إِنَّ فِى ذَٰلِكَ لَرَحْمَةً وَذِكْرَىٰ لِقَوْمٍ يُؤْمِنُونَ	أولم يكفهم أنا أنزلنا عليك الكتاب يتلى عليهم إن في ذلك لرحمة وذكرى لقوم يؤمنون
30	5	8	2	r~aHiymu	رَّحِيمُ	r~aHiym	ADJ	STEM|POS:ADJ|LEM:r~aHiym|ROOT:rHm|MS|NOM	بِنَصْرِ ٱللَّهِ يَنصُرُ مَن يَشَآءُ وَهُوَ ٱلْعَزِيزُ ٱلرَّحِيمُ	بنصر الله ينصر من يشاء وهو العزيز الرحيم
30	21	14	2	raHomapF	رَحْمَةً	raHomap	N	STEM|POS:N|LEM:raHomap|ROOT:rHm|F|INDEF|ACC	وَمِنْ ءَايَٰتِهِۦٓ أَنْ خَلَقَ لَكُم مِّنْ أَنفُسِكُمْ أَزْوَٰجًا لِّتَسْكُنُوٓا۟ إِلَيْهَا وَجَعَلَ بَيْنَكُم مَّوَدَّةً وَرَحْمَةً إِنَّ فِى ذَٰلِكَ لَـَٔايَٰتٍ لِّقَوْمٍ يَتَفَكَّرُونَ	ومن آياته أن خلق لكم من أنفسكم أزواجا لتسكنوا إليها وجعل بينكم مودة ورحمة إن في ذلك لآيات لقوم يتفكرون
30	33	13	1	raHomapF	رَحْمَةً	raHomap	N	STEM|POS:N|LEM:raHomap|ROOT:rHm|F|INDEF|ACC	وَإِذَا مَسَّ ٱلنَّاسَ ضُرٌّ دَعَوْا۟ رَبَّهُم مُّنِيبِينَ إِلَيْهِ ثُمَّ إِذَآ أَذَاقَهُم مِّنْهُ رَحْمَةً إِذَا فَرِيقٌ مِّنْهُم بِرَبِّهِمْ يُشْرِكُونَ	وإذا مس الناس ضر دعوا ربهم منيبين إليه ثم إذا أذاقهم منه رحمة إذا فريق منهم بربهم يشركون
30	36	4	1	raHomapF	رَحْمَةً	raHomap	N	STEM|POS:N|LEM:raHomap|ROOT:rHm|F|INDEF|ACC	وَإِذَآ أَذَقْنَا ٱلنَّاسَ رَحْمَةً فَرِحُوا۟ بِهَا وَإِن تُصِبْهُمْ سَيِّئَةٌۢ بِمَا قَدَّمَتْ أَيْدِيهِمْ إِذَا هُمْ يَقْنَطُونَ	وإذا أذقنا الناس رحمة فرحوا بها وإن تصبهم سيئة بما قدمت أيديهم إذا هم يقنطون
30	46	9	1	r~aHomati	رَّحْمَتِ	raHomap	N	STEM|POS:N|LEM:raHomap|ROOT:rHm|F|GEN	وَمِنْ ءَايَٰتِهِۦٓ أَن يُرْسِلَ ٱلرِّيَاحَ مُبَشِّرَٰتٍ وَلِيُذِيقَكُم مِّن رَّحْمَتِهِۦ وَلِتَجْرِىَ ٱلْفُلْكُ بِأَمْرِهِۦ وَلِتَبْتَغُوا۟ مِن فَضْلِهِۦ وَلَعَلَّكُمْ تَشْكُرُونَ	ومن آياته أن يرسل الرياح مبشرات وليذيقكم من رحمته ولتجري الفلك بأمره ولتبتغوا من فضله ولعلكم تشكرون
30	50	4	1	raHomati	رَحْمَتِ	raHomap	N	STEM|POS:N|LEM:raHomap|ROOT:rHm|F|GEN	فَٱنظُرْ إِلَىٰٓ ءَاثَٰرِ رَحْمَتِ ٱللَّهِ كَيْفَ يُحْىِ ٱلْأَرْضَ بَعْدَ مَوْتِهَآ إِنَّ ذَٰلِكَ لَمُحْىِ ٱلْمَوْتَىٰ وَهُوَ عَلَىٰ كُلِّ شَىْءٍ قَدِيرٌ	فانظر إلى آثار رحمت الله كيف يحيي الأرض بعد موتها إن ذلك لمحيي الموتى وهو على كل شيء قدير
31	3	2	2	raHomapF	رَحْمَةً	raHomap	N	STEM|POS:N|LEM:raHomap|ROOT:rHm|F|INDEF|ACC	هُدًى وَرَحْمَةً لِّلْمُحْسِنِينَ	هدى ورحمة للمحسنين
31	34	11	2	>aroHaAmi	أَرْحَامِ	>aroHaAm	N	STEM|POS:N|LEM:>aroHaAm|ROOT:rHm|MP|GEN	إِنَّ ٱللَّهَ عِندَهُۥ عِلْمُ ٱلسَّاعَةِ وَيُنَزِّلُ ٱلْغَيْثَ وَيَعْلَمُ مَا فِى ٱلْأَرْحَامِ وَمَا تَدْرِى نَفْسٌ مَّاذَا تَكْسِبُ غَدًا وَمَا تَدْرِى نَفْسٌۢ بِأَىِّ أَرْضٍ تَمُوتُ إِنَّ ٱللَّهَ عَلِيمٌ خَبِيرٌۢ	إن الله عنده علم الساعة وينزل الغيث ويعلم ما في الأرحام وما تدري نفس ماذا تكسب غدا وما تدري نفس بأي أرض تموت إن الله عليم خبير
32	6	6	2	r~aHiymu	رَّحِيمُ	r~aHiym	ADJ	STEM|POS:ADJ|LEM:r~aHiym|ROOT:rHm|MS|NOM	ذَٰلِكَ عَٰلِمُ ٱلْغَيْبِ وَٱلشَّهَٰدَةِ ٱلْعَزِيزُ ٱلرَّحِيمُ	ذلك عالم الغيب والشهادة العزيز الرحيم
33	5	28	1	r~aHiymFA	رَّحِيمًا	r~aHiym	ADJ	STEM|POS:ADJ|LEM:r~aHiym|ROOT:rHm|MS|INDEF|ACC	ٱدْعُوهُمْ لِـَٔابَآئِهِمْ هُوَ أَقْسَطُ عِندَ ٱللَّهِ فَإِن لَّمْ تَعْلَمُوٓا۟ ءَابَآءَهُمْ فَإِخْوَٰنُكُمْ فِى ٱلدِّينِ وَمَوَٰلِيكُمْ وَلَيْسَ عَلَيْكُمْ جُنَاحٌ فِيمَآ أَخْطَأْتُم بِهِۦ وَلَٰكِن مَّا تَعَمَّدَتْ قُلُوبُكُمْ وَكَانَ ٱللَّهُ غَفُورًا رَّحِيمًا	ادعوهم لآبائهم هو أقسط عند الله فإن لم تعلموا آباءهم فإخوانكم في الدين ومواليكم وليس عليكم جناح فيما أخطأتم به ولكن ما تعمدت قلوبكم وكان الله غفورا رحيما
33	6	9	2	>aroHaAmi	أَرْحَامِ	>aroHaAm	N	STEM|POS:N|LEM:>aroHaAm|ROOT:rHm|MP|GEN	ٱلنَّبِىُّ أَوْلَىٰ بِٱلْمُؤْمِنِينَ مِنْ أَنفُسِهِمْ وَأَزْوَٰجُهُۥٓ أُمَّهَٰتُهُمْ وَأُو۟لُوا۟ ٱلْأَرْحَامِ بَعْضُهُمْ أَوْلَىٰ بِبَعْضٍ فِى كِتَٰبِ ٱللَّهِ مِنَ ٱلْمُؤْمِنِينَ وَٱلْمُهَٰجِرِينَ إِلَّآ أَن تَفْعَلُوٓا۟ إِلَىٰٓ أَوْلِيَآئِكُم مَّعْرُوفًا كَانَ ذَٰلِكَ فِى ٱلْكِتَٰبِ مَسْطُورًا	النبي أولى بالمؤمنين من أنفسهم وأزواجه أمهاتهم وأولو الأرحام بعضهم أولى ببعض في كتاب الله من المؤمنين والمهاجرين إلا أن تفعلوا إلى أوليائكم معروفا كان ذلك في الكتاب مسطورا
33	17	15	1	raHomapF	رَحْمَةً	raHomap	N	STEM|POS:N|LEM:raHomap|ROOT:rHm|F|INDEF|ACC	قُلْ مَن ذَا ٱلَّذِى يَعْصِمُكُم مِّنَ ٱللَّهِ إِنْ أَرَادَ بِكُمْ سُوٓءًا أَوْ أَرَادَ بِكُمْ رَحْمَةً وَلَا يَجِدُونَ لَهُم مِّن دُونِ ٱللَّهِ وَلِيًّا وَلَا نَصِيرًا	قل من ذا الذي يعصمكم من الله إن أراد بكم سوءا أو أراد بكم رحمة ولا يجدون لهم من دون الله وليا ولا نصيرا
33	24	16	1	r~aHiymFA	رَّحِيمًا	r~aHiym	ADJ	STEM|POS:ADJ|LEM:r~aHiym|ROOT:rHm|MS|INDEF|ACC	لِّيَجْزِىَ ٱللَّهُ ٱلصَّٰدِقِينَ بِصِدْقِهِمْ وَيُعَذِّبَ ٱلْمُنَٰفِقِينَ إِن شَآءَ أَوْ يَتُوبَ عَلَيْهِمْ إِنَّ ٱللَّهَ كَانَ غَفُورًا رَّحِيمًا	ليجزي الله الصادقين بصدقهم ويعذب المنافقين إن شاء أو يتوب عليهم إن الله كان غفورا رحيما
33	43	13	1	raHiymFA	رَحِيمًا	r~aHiym	ADJ	STEM|POS:ADJ|LEM:r~aHiym|ROOT:rHm|MS|INDEF|ACC	هُوَ ٱلَّذِى يُصَلِّى عَلَيْكُمْ وَمَلَٰٓئِكَتُهُۥ لِيُخْرِجَكُم مِّنَ ٱلظُّلُمَٰتِ إِلَى ٱلنُّورِ وَكَانَ بِٱلْمُؤْمِنِينَ رَحِيمًا	هو الذي يصلي عليكم وملائكته ليخرجكم من الظلمات إلى النور وكان بالمؤمنين رحيما
33	50	61	1	r~aHiymFA	رَّحِيمًا	r~aHiym	ADJ	STEM|POS:ADJ|LEM:r~aHiym|ROOT:rHm|MS|INDEF|ACC	يَٰٓأَيُّهَا ٱلنَّبِىُّ إِنَّآ أَحْلَلْنَا لَكَ أَزْوَٰجَكَ ٱلَّٰتِىٓ ءَاتَيْتَ أُجُورَهُنَّ وَمَا مَلَكَتْ يَمِينُكَ مِمَّآ أَفَآءَ ٱللَّهُ عَلَيْكَ وَبَنَاتِ عَمِّكَ وَبَنَاتِ عَمَّٰتِكَ وَبَنَاتِ خَالِكَ وَبَنَاتِ خَٰلَٰتِكَ ٱلَّٰتِى هَاجَرْنَ مَعَكَ وَٱمْرَأَةً مُّؤْمِنَةً إِن وَهَبَتْ نَفْسَهَا لِلنَّبِىِّ إِنْ أَرَادَ ٱلنَّبِىُّ أَن يَسْتَنكِحَهَا خَالِصَةً لَّكَ مِن دُونِ ٱلْمُؤْمِنِينَ قَدْ عَلِمْنَا مَا فَرَضْنَا عَلَيْهِمْ فِىٓ أَزْوَٰجِهِمْ وَمَا مَلَكَتْ أَيْمَٰنُهُمْ لِكَيْلَا يَكُونَ عَلَيْكَ حَرَجٌ وَكَانَ ٱللَّهُ غَفُورًا رَّحِيمًا	يا أيها النبي إنا أحللنا لك أزواجك اللاتي آتيت أجورهن وما ملكت يمينك مما أفاء الله عليك وبنات عمك وبنات عماتك وبنات خالك وبنات خالاتك اللاتي هاجرن معك وامرأة مؤمنة إن وهبت نفسها للنبي إن أراد النبي أن يستنكحها خالصة لك من دون المؤمنين قد علمنا ما فرضنا عليهم في أزواجهم وما ملكت أيمانهم لكيلا يكون عليك حرج وكان الله غفورا رحيما
33	59	21	1	r~aHiymFA	رَّحِيمًا	r~aHiym	ADJ	STEM|POS:ADJ|LEM:r~aHiym|ROOT:rHm|MS|INDEF|ACC	يَٰٓأَيُّهَا ٱلنَّبِىُّ قُل لِّأَزْوَٰجِكَ وَبَنَاتِكَ وَنِسَآءِ ٱلْمُؤْمِنِينَ يُدْنِينَ عَلَيْهِنَّ مِن جَلَٰبِيبِهِنَّ ذَٰلِكَ أَدْنَىٰٓ أَن يُعْرَفْنَ فَلَا يُؤْذَيْنَ وَكَانَ ٱللَّهُ غَفُورًا رَّحِيمًا	يا أيها النبي قل لأزواجك وبناتك ونساء المؤمنين يدنين عليهن من جلابيبهن ذلك أدنى أن يعرفن فلا يؤذين وكان الله غفورا رحيما
33	73	15	1	r~aHiymF[A	رَّحِيمً[ا	r~aHiym	ADJ	STEM|POS:ADJ|LEM:r~aHiym|ROOT:rHm|MS|INDEF|ACC	لِّيُعَذِّبَ ٱللَّهُ ٱلْمُنَٰفِقِينَ وَٱلْمُنَٰفِقَٰتِ وَٱلْمُشْرِكِينَ وَٱلْمُشْرِكَٰتِ وَيَتُوبَ ٱللَّهُ عَلَى ٱلْمُؤْمِنِينَ وَٱلْمُؤْمِنَٰتِ وَكَانَ ٱللَّهُ غَفُورًا رَّحِيمًۢا	ليعذب الله المنافقين والمنافقات والمشركين والمشركات ويتوب الله على المؤمنين والمؤمنات وكان الله غفورا رحيما
34	2	17	2	r~aHiymu	رَّحِيمُ	r~aHiym	N	STEM|POS:N|LEM:r~aHiym|ROOT:rHm|MS|NOM	يَعْلَمُ مَا يَلِجُ فِى ٱلْأَرْضِ وَمَا يَخْرُجُ مِنْهَا وَمَا يَنزِلُ مِنَ ٱلسَّمَآءِ وَمَا يَعْرُجُ فِيهَا وَهُوَ ٱلرَّحِيمُ ٱلْغَفُورُ	يعلم ما يلج في الأرض وما يخرج منها وما ينزل من السماء وما يعرج فيها وهو الرحيم الغفور
35	2	6	1	r~aHomapK	رَّحْمَةٍ	raHomap	N	STEM|POS:N|LEM:raHomap|ROOT:rHm|F|INDEF|GEN	مَّا يَفْتَحِ ٱللَّهُ لِلنَّاسِ مِن رَّحْمَةٍ فَلَا مُمْسِكَ لَهَا وَمَا يُمْسِكْ فَلَا مُرْسِلَ لَهُۥ مِنۢ بَعْدِهِۦ وَهُوَ ٱلْعَزِيزُ ٱلْحَكِيمُ	ما يفتح الله للناس من رحمة فلا ممسك لها وما يمسك فلا مرسل له من بعده وهو العزيز الحكيم
36	5	3	2	r~aHiymi	رَّحِيمِ	r~aHiym	ADJ	STEM|POS:ADJ|LEM:r~aHiym|ROOT:rHm|MS|GEN	تَنزِيلَ ٱلْعَزِيزِ ٱلرَّحِيمِ	تنزيل العزيز الرحيم
36	11	7	2	r~aHoma`na	رَّحْمَٰنَ	r~aHoma`n	N	STEM|POS:N|LEM:r~aHoma`n|ROOT:rHm|MS|ACC	إِنَّمَا تُنذِرُ مَنِ ٱتَّبَعَ ٱلذِّكْرَ وَخَشِىَ ٱلرَّحْمَٰنَ بِٱلْغَيْبِ فَبَشِّرْهُ بِمَغْفِرَةٍ وَأَجْرٍ كَرِيمٍ	إنما تنذر من اتبع الذكر وخشي الرحمن بالغيب فبشره بمغفرة وأجر كريم
36	15	9	2	r~aHoma`nu	رَّحْمَٰنُ	r~aHoma`n	N	STEM|POS:N|LEM:r~aHoma`n|ROOT:rHm|MS|NOM	قَالُوا۟ مَآ أَنتُمْ إِلَّا بَشَرٌ مِّثْلُنَا وَمَآ أَنزَلَ ٱلرَّحْمَٰنُ مِن شَىْءٍ إِنْ أَنتُمْ إِلَّا تَكْذِبُونَ	قالوا ما أنتم إلا بشر مثلنا وما أنزل الرحمن من شيء إن أنتم إلا تكذبون
36	23	7	2	r~aHoma`nu	رَّحْمَٰنُ	r~aHoma`n	N	STEM|POS:N|LEM:r~aHoma`n|ROOT:rHm|MS|NOM	ءَأَتَّخِذُ مِن دُونِهِۦٓ ءَالِهَةً إِن يُرِدْنِ ٱلرَّحْمَٰنُ بِضُرٍّ لَّا تُغْنِ عَنِّى شَفَٰعَتُهُمْ شَيْـًٔا وَلَا يُنقِذُونِ	أأتخذ من دونه آلهة إن يردن الرحمن بضر لا تغن عني شفاعتهم شيئا ولا ينقذون
36	44	2	1	raHomapF	رَحْمَةً	raHomap	N	STEM|POS:N|LEM:raHomap|ROOT:rHm|F|INDEF|ACC	إِلَّا رَحْمَةً مِّنَّا وَمَتَٰعًا إِلَىٰ حِينٍ	إلا رحمة منا ومتاعا إلى حين
36	45	11	1	turoHamu	تُرْحَمُ	r~aHima	V	STEM|POS:V|IMPF|PASS|LEM:r~aHima|ROOT:rHm|2MP	وَإِذَا قِيلَ لَهُمُ ٱتَّقُوا۟ مَا بَيْنَ أَيْدِيكُمْ وَمَا خَلْفَكُمْ لَعَلَّكُمْ تُرْحَمُونَ	وإذا قيل لهم اتقوا ما بين أيديكم وما خلفكم لعلكم ترحمون
36	52	10	2	r~aHoma`nu	رَّحْمَٰنُ	r~aHoma`n	N	STEM|POS:N|LEM:r~aHoma`n|ROOT:rHm|MS|NOM	قَالُوا۟ يَٰوَيْلَنَا مَنۢ بَعَثَنَا مِن مَّرْقَدِنَا هَٰذَا مَا وَعَدَ ٱلرَّحْمَٰنُ وَصَدَقَ ٱلْمُرْسَلُونَ	قالوا يا ويلنا من بعثنا من مرقدنا هذا ما وعد الرحمن وصدق المرسلون
36	58	5	1	r~aHiymK	رَّحِيمٍ	r~aHiym	ADJ	STEM|POS:ADJ|LEM:r~aHiym|ROOT:rHm|MS|INDEF|GEN	سَلَٰمٌ قَوْلًا مِّن رَّبٍّ رَّحِيمٍ	سلام قولا من رب رحيم
38	9	4	1	raHomapi	رَحْمَةِ	raHomap	N	STEM|POS:N|LEM:raHomap|ROOT:rHm|F|GEN	أَمْ عِندَهُمْ خَزَآئِنُ رَحْمَةِ رَبِّكَ ٱلْعَزِيزِ ٱلْوَهَّابِ	أم عندهم خزائن رحمة ربك العزيز الوهاب
38	43	6	1	raHomapF	رَحْمَةً	raHomap	N	STEM|POS:N|LEM:raHomap|ROOT:rHm|F|INDEF|ACC	وَوَهَبْنَا لَهُۥٓ أَهْلَهُۥ وَمِثْلَهُم مَّعَهُمْ رَحْمَةً مِّنَّا وَذِكْرَىٰ لِأُو۟لِى ٱلْأَلْبَٰبِ	ووهبنا له أهله ومثلهم معهم رحمة منا وذكرى لأولي الألباب
39	9	11	1	raHomapa	رَحْمَةَ	raHomap	N	STEM|POS:N|LEM:raHomap|ROOT:rHm|F|ACC	أَمَّنْ هُوَ قَٰنِتٌ ءَانَآءَ ٱلَّيْلِ سَاجِدًا وَقَآئِمًا يَحْذَرُ ٱلْـَٔاخِرَةَ وَيَرْجُوا۟ رَحْمَةَ رَبِّهِۦ قُلْ هَلْ يَسْتَوِى ٱلَّذِينَ يَعْلَمُونَ وَٱلَّذِينَ لَا يَعْلَمُونَ إِنَّمَا يَتَذَكَّرُ أُو۟لُوا۟ ٱلْأَلْبَٰبِ	أمن هو قانت آناء الليل ساجدا وقائما يحذر الآخرة ويرجو رحمة ربه قل هل يستوي الذين يعلمون والذين لا يعلمون إنما يتذكر أولو الألباب
39	38	26	2	raHomapK	رَحْمَةٍ	raHomap	N	STEM|POS:N|LEM:raHomap|ROOT:rHm|F|INDEF|GEN	وَلَئِن سَأَلْتَهُم مَّنْ خَلَقَ ٱلسَّمَٰوَٰتِ وَٱلْأَرْضَ لَيَقُولُنَّ ٱللَّهُ قُلْ أَفَرَءَيْتُم مَّا تَدْعُونَ مِن دُونِ ٱللَّهِ إِنْ أَرَادَنِىَ ٱللَّهُ بِضُرٍّ هَلْ هُنَّ كَٰشِفَٰتُ ضُرِّهِۦٓ أَوْ أَرَادَنِى بِرَحْمَةٍ هَلْ هُنَّ مُمْسِكَٰتُ رَحْمَتِهِۦ قُلْ حَسْبِىَ ٱللَّهُ عَلَيْهِ يَتَوَكَّلُ ٱلْمُتَوَكِّلُونَ	ولئن سألتهم من خلق السماوات والأرض ليقولن الله قل أفرأيتم ما تدعون من دون الله إن أرادني الله بضر هل هن كاشفات ضره أو أرادني برحمة هل هن ممسكات رحمته قل حسبي الله عليه يتوكل المتوكلون
39	38	30	1	raHomati	رَحْمَتِ	raHomap	N	STEM|POS:N|LEM:raHomap|ROOT:rHm|F|GEN	وَلَئِن سَأَلْتَهُم مَّنْ خَلَقَ ٱلسَّمَٰوَٰتِ وَٱلْأَرْضَ لَيَقُولُنَّ ٱللَّهُ قُلْ أَفَرَءَيْتُم مَّا تَدْعُونَ مِن دُونِ ٱللَّهِ إِنْ أَرَادَنِىَ ٱللَّهُ بِضُرٍّ هَلْ هُنَّ كَٰشِفَٰتُ ضُرِّهِۦٓ أَوْ أَرَادَنِى بِرَحْمَةٍ هَلْ هُنَّ مُمْسِكَٰتُ رَحْمَتِهِۦ قُلْ حَسْبِىَ ٱللَّهُ عَلَيْهِ يَتَوَكَّلُ ٱلْمُتَوَكِّلُونَ	ولئن سألتهم من خلق السماوات والأرض ليقولن الله قل أفرأيتم ما تدعون من دون الله إن أرادني الله بضر هل هن كاشفات ضره أو أرادني برحمة هل هن ممسكات رحمته قل حسبي الله عليه يتوكل المتوكلون
39	53	10	1	r~aHomapi	رَّحْمَةِ	raHomap	N	STEM|POS:N|LEM:raHomap|ROOT:rHm|F|GEN	قُلْ يَٰعِبَادِىَ ٱلَّذِينَ أَسْرَفُوا۟ عَلَىٰٓ أَنفُسِهِمْ لَا تَقْنَطُوا۟ مِن رَّحْمَةِ ٱللَّهِ إِنَّ ٱللَّهَ يَغْفِرُ ٱلذُّنُوبَ جَمِيعًا إِنَّهُۥ هُوَ ٱلْغَفُورُ ٱلرَّحِيمُ	قل يا عبادي الذين أسرفوا على أنفسهم لا تقنطوا من رحمة الله إن الله يغفر الذنوب جميعا إنه هو الغفور الرحيم
39	53	20	2	r~aHiymu	رَّحِيمُ	r~aHiym	ADJ	STEM|POS:ADJ|LEM:r~aHiym|ROOT:rHm|MS|NOM	قُلْ يَٰعِبَادِىَ ٱلَّذِينَ أَسْرَفُوا۟ عَلَىٰٓ أَنفُسِهِمْ لَا تَقْنَطُوا۟ مِن رَّحْمَةِ ٱللَّهِ إِنَّ ٱللَّهَ يَغْفِرُ ٱلذُّنُوبَ جَمِيعًا إِنَّهُۥ هُوَ ٱلْغَفُورُ ٱلرَّحِيمُ	قل يا عبادي الذين أسرفوا على أنفسهم لا تقنطوا من رحمة الله إن الله يغفر الذنوب جميعا إنه هو الغفور الرحيم
40	7	18	1	r~aHomapF	رَّحْمَةً	raHomap	N	STEM|POS:N|LEM:raHomap|ROOT:rHm|F|INDEF|ACC	ٱلَّذِينَ يَحْمِلُونَ ٱلْعَرْشَ وَمَنْ حَوْلَهُۥ يُسَبِّحُونَ بِحَمْدِ رَبِّهِمْ وَيُؤْمِنُونَ بِهِۦ وَيَسْتَغْفِرُونَ لِلَّذِينَ ءَامَنُوا۟ رَبَّنَا وَسِعْتَ كُلَّ شَىْءٍ رَّحْمَةً وَعِلْمًا فَٱغْفِرْ لِلَّذِينَ تَابُوا۟ وَٱتَّبَعُوا۟ سَبِيلَكَ وَقِهِمْ عَذَابَ ٱلْجَحِيمِ	الذين يحملون العرش ومن حوله يسبحون بحمد ربهم ويؤمنون به ويستغفرون للذين آمنوا ربنا وسعت كل شيء رحمة وعلما فاغفر للذين تابوا واتبعوا سبيلك وقهم عذاب الجحيم
40	9	8	1	raHimo	رَحِمْ	r~aHima	V	STEM|POS:V|PERF|LEM:r~aHima|ROOT:rHm|2MS	وَقِهِمُ ٱلسَّيِّـَٔاتِ وَمَن تَقِ ٱلسَّيِّـَٔاتِ يَوْمَئِذٍ فَقَدْ رَحِمْتَهُۥ وَذَٰلِكَ هُوَ ٱلْفَوْزُ ٱلْعَظِيمُ	وقهم السيئات ومن تق السيئات يومئذ فقد رحمته وذلك هو الفوز العظيم
41	2	3	2	r~aHoma`ni	رَّحْمَٰنِ	r~aHoma`n	N	STEM|POS:N|LEM:r~aHoma`n|ROOT:rHm|MS|GEN	تَنزِيلٌ مِّنَ ٱلرَّحْمَٰنِ ٱلرَّحِيمِ	تنزيل من الرحمن الرحيم
41	2	4	2	r~aHiymi	رَّحِيمِ	r~aHiym	ADJ	STEM|POS:ADJ|LEM:r~aHiym|ROOT:rHm|MS|GEN	تَنزِيلٌ مِّنَ ٱلرَّحْمَٰنِ ٱلرَّحِيمِ	تنزيل من الرحمن الرحيم
41	32	4	1	r~aHiymK	رَّحِيمٍ	r~aHiym	ADJ	STEM|POS:ADJ|LEM:r~aHiym|ROOT:rHm|MS|INDEF|GEN	نُزُلًا مِّنْ غَفُورٍ رَّحِيمٍ	نزلا من غفور رحيم
41	50	3	1	raHomapF	رَحْمَةً	raHomap	N	STEM|POS:N|LEM:raHomap|ROOT:rHm|F|INDEF|ACC	وَلَئِنْ أَذَقْنَٰهُ رَحْمَةً مِّنَّا مِنۢ بَعْدِ ضَرَّآءَ مَسَّتْهُ لَيَقُولَنَّ هَٰذَا لِى وَمَآ أَظُنُّ ٱلسَّاعَةَ قَآئِمَةً وَلَئِن رُّجِعْتُ إِلَىٰ رَبِّىٓ إِنَّ لِى عِندَهُۥ لَلْحُسْنَىٰ فَلَنُنَبِّئَنَّ ٱلَّذِينَ كَفَرُوا۟ بِمَا عَمِلُوا۟ وَلَنُذِيقَنَّهُم مِّنْ عَذَابٍ غَلِيظٍ	ولئن أذقناه رحمة منا من بعد ضراء مسته ليقولن هذا لي وما أظن الساعة قائمة ولئن رجعت إلى ربي إن لي عنده للحسنى فلننبئن الذين كفروا بما عملوا ولنذيقنهم من عذاب غليظ
42	5	19	2	r~aHiymu	رَّحِيمُ	r~aHiym	ADJ	STEM|POS:ADJ|LEM:r~aHiym|ROOT:rHm|MS|NOM	تَكَادُ ٱلسَّمَٰوَٰتُ يَتَفَطَّرْنَ مِن فَوْقِهِنَّ وَٱلْمَلَٰٓئِكَةُ يُسَبِّحُونَ بِحَمْدِ رَبِّهِمْ وَيَسْتَغْفِرُونَ لِمَن فِى ٱلْأَرْضِ أَلَآ إِنَّ ٱللَّهَ هُوَ ٱلْغَفُورُ ٱلرَّحِيمُ	تكاد السماوات يتفطرن من فوقهن والملائكة يسبحون بحمد ربهم ويستغفرون لمن في الأرض ألا إن الله هو الغفور الرحيم
42	8	12	1	raHomati	رَحْمَتِ	raHomap	N	STEM|POS:N|LEM:raHomap|ROOT:rHm|F|GEN	وَلَوْ شَآءَ ٱللَّهُ لَجَعَلَهُمْ أُمَّةً وَٰحِدَةً وَلَٰكِن يُدْخِلُ مَن يَشَآءُ فِى رَحْمَتِهِۦ وَٱلظَّٰلِمُونَ مَا لَهُم مِّن وَلِىٍّ وَلَا نَصِيرٍ	ولو شاء الله لجعلهم أمة واحدة ولكن يدخل من يشاء في رحمته والظالمون ما لهم من ولي ولا نصير
42	28	10	1	raHomata	رَحْمَتَ	raHomap	N	STEM|POS:N|LEM:raHomap|ROOT:rHm|F|ACC	وَهُوَ ٱلَّذِى يُنَزِّلُ ٱلْغَيْثَ مِنۢ بَعْدِ مَا قَنَطُوا۟ وَيَنشُرُ رَحْمَتَهُۥ وَهُوَ ٱلْوَلِىُّ ٱلْحَمِيدُ	وهو الذي ينزل الغيث من بعد ما قنطوا وينشر رحمته وهو الولي الحميد
42	48	16	1	raHomapF	رَحْمَةً	raHomap	N	STEM|POS:N|LEM:raHomap|ROOT:rHm|F|INDEF|ACC	فَإِنْ أَعْرَضُوا۟ فَمَآ أَرْسَلْنَٰكَ عَلَيْهِمْ حَفِيظًا إِنْ عَلَيْكَ إِلَّا ٱلْبَلَٰغُ وَإِنَّآ إِذَآ أَذَقْنَا ٱلْإِنسَٰنَ مِنَّا رَحْمَةً فَرِحَ بِهَا وَإِن تُصِبْهُمْ سَيِّئَةٌۢ بِمَا قَدَّمَتْ أَيْدِيهِمْ فَإِنَّ ٱلْإِنسَٰنَ كَفُورٌ	فإن أعرضوا فما أرسلناك عليهم حفيظا إن عليك إلا البلاغ وإنا إذا أذقنا الإنسان منا رحمة فرح بها وإن تصبهم سيئة بما قدمت أيديهم فإن الإنسان كفور
43	17	6	3	r~aHoma`ni	رَّحْمَٰنِ	r~aHoma`n	N	STEM|POS:N|LEM:r~aHoma`n|ROOT:rHm|MS|GEN	وَإِذَا بُشِّرَ أَحَدُهُم بِمَا ضَرَبَ لِلرَّحْمَٰنِ مَثَلًا ظَلَّ وَجْهُهُۥ مُسْوَدًّا وَهُوَ كَظِيمٌ	وإذا بشر أحدهم بما ضرب للرحمن مثلا ظل وجهه مسودا وهو كظيم
43	19	6	2	r~aHoma`ni	رَّحْمَٰنِ	r~aHoma`n	ADJ	STEM|POS:ADJ|LEM:r~aHoma`n|ROOT:rHm|MS|GEN	وَجَعَلُوا۟ ٱلْمَلَٰٓئِكَةَ ٱلَّذِينَ هُمْ عِبَٰدُ ٱلرَّحْمَٰنِ إِنَٰثًا أَشَهِدُوا۟ خَلْقَهُمْ سَتُكْتَبُ شَهَٰدَتُهُمْ وَيُسْـَٔلُونَ	وجعلوا الملائكة الذين هم عباد الرحمن إناثا أشهدوا خلقهم ستكتب شهادتهم ويسألون
43	20	4	2	r~aHoma`nu	رَّحْمَٰنُ	r~aHoma`n	N	STEM|POS:N|LEM:r~aHoma`n|ROOT:rHm|MS|NOM	وَقَالُوا۟ لَوْ شَآءَ ٱلرَّحْمَٰنُ مَا عَبَدْنَٰهُم مَّا لَهُم بِذَٰلِكَ مِنْ عِلْمٍ إِنْ هُمْ إِلَّا يَخْرُصُونَ	وقالوا لو شاء الرحمن ما عبدناهم ما لهم بذلك من علم إن هم إلا يخرصون
43	32	3	1	raHomata	رَحْمَتَ	raHomap	N	STEM|POS:N|LEM:raHomap|ROOT:rHm|F|ACC	أَهُمْ يَقْسِمُونَ رَحْمَتَ رَبِّكَ نَحْنُ قَسَمْنَا بَيْنَهُم مَّعِيشَتَهُمْ فِى ٱلْحَيَوٰةِ ٱلدُّنْيَا وَرَفَعْنَا بَعْضَهُمْ فَوْقَ بَعْضٍ دَرَجَٰتٍ لِّيَتَّخِذَ بَعْضُهُم بَعْضًا سُخْرِيًّا وَرَحْمَتُ رَبِّكَ خَيْرٌ مِّمَّا يَجْمَعُونَ	أهم يقسمون رحمت ربك نحن قسمنا بينهم معيشتهم في الحياة الدنيا ورفعنا بعضهم فوق بعض درجات ليتخذ بعضهم بعضا سخريا ورحمت ربك خير مما يجمعون
43	32	21	2	raHomatu	رَحْمَتُ	raHomap	N	STEM|POS:N|LEM:raHomap|ROOT:rHm|F|NOM	أَهُمْ يَقْسِمُونَ رَحْمَتَ رَبِّكَ نَحْنُ قَسَمْنَا بَيْنَهُم مَّعِيشَتَهُمْ فِى ٱلْحَيَوٰةِ ٱلدُّنْيَا وَرَفَعْنَا بَعْضَهُمْ فَوْقَ بَعْضٍ دَرَجَٰتٍ لِّيَتَّخِذَ بَعْضُهُم بَعْضًا سُخْرِيًّا وَرَحْمَتُ رَبِّكَ خَيْرٌ مِّمَّا يَجْمَعُونَ	أهم يقسمون رحمت ربك نحن قسمنا بينهم معيشتهم في الحياة الدنيا ورفعنا بعضهم فوق بعض درجات ليتخذ بعضهم بعضا سخريا ورحمت ربك خير مما يجمعون
43	33	10	3	r~aHoma`ni	رَّحْمَٰنِ	r~aHoma`n	N	STEM|POS:N|LEM:r~aHoma`n|ROOT:rHm|MS|GEN	وَلَوْلَآ أَن يَكُونَ ٱلنَّاسُ أُمَّةً وَٰحِدَةً لَّجَعَلْنَا لِمَن يَكْفُرُ بِٱلرَّحْمَٰنِ لِبُيُوتِهِمْ سُقُفًا مِّن فِضَّةٍ وَمَعَارِجَ عَلَيْهَا يَظْهَرُونَ	ولولا أن يكون الناس أمة واحدة لجعلنا لمن يكفر بالرحمن لبيوتهم سقفا من فضة ومعارج عليها يظهرون
43	36	5	2	r~aHoma`ni	رَّحْمَٰنِ	r~aHoma`n	ADJ	STEM|POS:ADJ|LEM:r~aHoma`n|ROOT:rHm|MS|GEN	وَمَن يَعْشُ عَن ذِكْرِ ٱلرَّحْمَٰنِ نُقَيِّضْ لَهُۥ شَيْطَٰنًا فَهُوَ لَهُۥ قَرِينٌ	ومن يعش عن ذكر الرحمن نقيض له شيطانا فهو له قرين
43	45	11	2	r~aHoma`ni	رَّحْمَٰنِ	r~aHoma`n	N	STEM|POS:N|LEM:r~aHoma`n|ROOT:rHm|MS|GEN	وَسْـَٔلْ مَنْ أَرْسَلْنَا مِن قَبْلِكَ مِن رُّسُلِنَآ أَجَعَلْنَا مِن دُونِ ٱلرَّحْمَٰنِ ءَالِهَةً يُعْبَدُونَ	واسأل من أرسلنا من قبلك من رسلنا أجعلنا من دون الرحمن آلهة يعبدون
43	81	4	3	r~aHoma`ni	رَّحْمَٰنِ	r~aHoma`n	N	STEM|POS:N|LEM:r~aHoma`n|ROOT:rHm|MS|GEN	قُلْ إِن كَانَ لِلرَّحْمَٰنِ وَلَدٌ فَأَنَا۠ أَوَّلُ ٱلْعَٰبِدِينَ	قل إن كان للرحمن ولد فأنا أول العابدين
44	6	1	1	raHomapF	رَحْمَةً	raHomap	N	STEM|POS:N|LEM:raHomap|ROOT:rHm|F|INDEF|ACC	رَحْمَةً مِّن رَّبِّكَ إِنَّهُۥ هُوَ ٱلسَّمِيعُ ٱلْعَلِيمُ	رحمة من ربك إنه هو السميع العليم
44	42	3	1	r~aHima	رَّحِمَ	r~aHima	V	STEM|POS:V|PERF|LEM:r~aHima|ROOT:rHm|3MS	إِلَّا مَن رَّحِمَ ٱللَّهُ إِنَّهُۥ هُوَ ٱلْعَزِيزُ ٱلرَّحِيمُ	إلا من رحم الله إنه هو العزيز الرحيم
44	42	8	2	r~aHiymu	رَّحِيمُ	r~aHiym	ADJ	STEM|POS:ADJ|LEM:r~aHiym|ROOT:rHm|MS|NOM	إِلَّا مَن رَّحِمَ ٱللَّهُ إِنَّهُۥ هُوَ ٱلْعَزِيزُ ٱلرَّحِيمُ	إلا من رحم الله إنه هو العزيز الرحيم
45	20	5	2	raHomapN	رَحْمَةٌ	raHomap	N	STEM|POS:N|LEM:raHomap|ROOT:rHm|F|INDEF|NOM	هَٰذَا بَصَٰٓئِرُ لِلنَّاسِ وَهُدًى وَرَحْمَةٌ لِّقَوْمٍ يُوقِنُونَ	هذا بصائر للناس وهدى ورحمة لقوم يوقنون
45	30	9	1	raHomati	رَحْمَتِ	raHomap	N	STEM|POS:N|LEM:raHomap|ROOT:rHm|F|GEN	فَأَمَّا ٱلَّذِينَ ءَامَنُوا۟ وَعَمِلُوا۟ ٱلصَّٰلِحَٰتِ فَيُدْخِلُهُمْ رَبُّهُمْ فِى رَحْمَتِهِۦ ذَٰلِكَ هُوَ ٱلْفَوْزُ ٱلْمُبِينُ	فأما الذين آمنوا وعملوا الصالحات فيدخلهم ربهم في رحمته ذلك هو الفوز المبين
46	8	25	2	r~aHiymu	رَّحِيمُ	r~aHiym	ADJ	STEM|POS:ADJ|LEM:r~aHiym|ROOT:rHm|MS|NOM	أَمْ يَقُولُونَ ٱفْتَرَىٰهُ قُلْ إِنِ ٱفْتَرَيْتُهُۥ فَلَا تَمْلِكُونَ لِى مِنَ ٱللَّهِ شَيْـًٔا هُوَ أَعْلَمُ بِمَا تُفِيضُونَ فِيهِ كَفَىٰ بِهِۦ شَهِيدًۢا بَيْنِى وَبَيْنَكُمْ وَهُوَ ٱلْغَفُورُ ٱلرَّحِيمُ	أم يقولون افتراه قل إن افتريته فلا تملكون لي من الله شيئا هو أعلم بما تفيضون فيه كفى به شهيدا بيني وبينكم وهو الغفور الرحيم
46	12	6	2	raHomapF	رَحْمَةً	raHomap	N	STEM|POS:N|LEM:raHomap|ROOT:rHm|F|INDEF|ACC	وَمِن قَبْلِهِۦ كِتَٰبُ مُوسَىٰٓ إِمَامًا وَرَحْمَةً وَهَٰذَا كِتَٰبٌ مُّصَدِّقٌ لِّسَانًا عَرَبِيًّا لِّيُنذِرَ ٱلَّذِينَ ظَلَمُوا۟ وَبُشْرَىٰ لِلْمُحْسِنِينَ	ومن قبله كتاب موسى إماما ورحمة وهذا كتاب مصدق لسانا عربيا لينذر الذين ظلموا وبشرى للمحسنين
47	22	10	1	>aroHaAma	أَرْحَامَ	>aroHaAm	N	STEM|POS:N|LEM:>aroHaAm|ROOT:rHm|MP|ACC	فَهَلْ عَسَيْتُمْ إِن تَوَلَّيْتُمْ أَن تُفْسِدُوا۟ فِى ٱلْأَرْضِ وَتُقَطِّعُوٓا۟ أَرْحَامَكُمْ	فهل عسيتم إن توليتم أن تفسدوا في الأرض وتقطعوا أرحامكم
48	14	14	1	r~aHiymFA	رَّحِيمًا	r~aHiym	ADJ	STEM|POS:ADJ|LEM:r~aHiym|ROOT:rHm|MS|INDEF|ACC	وَلِلَّهِ مُلْكُ ٱلسَّمَٰوَٰتِ وَٱلْأَرْضِ يَغْفِرُ لِمَن يَشَآءُ وَيُعَذِّبُ مَن يَشَآءُ وَكَانَ ٱللَّهُ غَفُورًا رَّحِيمًا	ولله ملك السماوات والأرض يغفر لمن يشاء ويعذب من يشاء وكان الله غفورا رحيما
48	25	30	1	raHomati	رَحْمَتِ	raHomap	N	STEM|POS:N|LEM:raHomap|ROOT:rHm|F|GEN	هُمُ ٱلَّذِينَ كَفَرُوا۟ وَصَدُّوكُمْ عَنِ ٱلْمَسْجِدِ ٱلْحَرَامِ وَٱلْهَدْىَ مَعْكُوفًا أَن يَبْلُغَ مَحِلَّهُۥ وَلَوْلَا رِجَالٌ مُّؤْمِنُونَ وَنِسَآءٌ مُّؤْمِنَٰتٌ لَّمْ تَعْلَمُوهُمْ أَن تَطَـُٔوهُمْ فَتُصِيبَكُم مِّنْهُم مَّعَرَّةٌۢ بِغَيْرِ عِلْمٍ لِّيُدْخِلَ ٱللَّهُ فِى رَحْمَتِهِۦ مَن يَشَآءُ لَوْ تَزَيَّلُوا۟ لَعَذَّبْنَا ٱلَّذِينَ كَفَرُوا۟ مِنْهُمْ عَذَابًا أَلِيمًا	هم الذين كفروا وصدوكم عن المسجد الحرام والهدي معكوفا أن يبلغ محله ولولا رجال مؤمنون ونساء مؤمنات لم تعلموهم أن تطئوهم فتصيبكم منهم معرة بغير علم ليدخل الله في رحمته من يشاء لو تزيلوا لعذبنا الذين كفروا منهم عذابا أليما
48	29	9	1	ruHamaA^'u	رُحَمَا^ءُ	r~aHiym	ADJ	STEM|POS:ADJ|LEM:r~aHiym|ROOT:rHm|MP|NOM	مُّحَمَّدٌ رَّسُولُ ٱللَّهِ وَٱلَّذِينَ مَعَهُۥٓ أَشِدَّآءُ عَلَى ٱلْكُفَّارِ رُحَمَآءُ بَيْنَهُمْ تَرَىٰهُمْ رُكَّعًا سُجَّدًا يَبْتَغُونَ فَضْلًا مِّنَ ٱللَّهِ وَرِضْوَٰنًا سِيمَاهُمْ فِى وُجُوهِهِم مِّنْ أَثَرِ ٱلسُّجُودِ ذَٰلِكَ مَثَلُهُمْ فِى ٱلتَّوْرَىٰةِ وَمَثَلُهُمْ فِى ٱلْإِنجِيلِ كَزَرْعٍ أَخْرَجَ شَطْـَٔهُۥ فَـَٔازَرَهُۥ فَٱسْتَغْلَظَ فَٱسْتَوَىٰ عَلَىٰ سُوقِهِۦ يُعْجِبُ ٱلزُّرَّاعَ لِيَغِيظَ بِهِمُ ٱلْكُفَّارَ وَعَدَ ٱللَّهُ ٱلَّذِينَ ءَامَنُوا۟ وَعَمِلُوا۟ ٱلصَّٰلِحَٰتِ مِنْهُم مَّغْفِرَةً وَأَجْرًا عَظِيمًۢا	محمد رسول الله والذين معه أشداء على الكفار رحماء بينهم تراهم ركعا سجدا يبتغون فضلا من الله ورضوانا سيماهم في وجوههم من أثر السجود ذلك مثلهم في التوراة ومثلهم في الإنجيل كزرع أخرج شطأه فآزره فاستغلظ فاستوى على سوقه يعجب الزراع ليغيظ بهم الكفار وعد الله الذين آمنوا وعملوا الصالحات منهم مغفرة وأجرا عظيما
49	5	12	1	r~aHiymN	رَّحِيمٌ	r~aHiym	ADJ	STEM|POS:ADJ|LEM:r~aHiym|ROOT:rHm|MS|INDEF|NOM	وَلَوْ أَنَّهُمْ صَبَرُوا۟ حَتَّىٰ تَخْرُجَ إِلَيْهِمْ لَكَانَ خَيْرًا لَّهُمْ وَٱللَّهُ غَفُورٌ رَّحِيمٌ	ولو أنهم صبروا حتى تخرج إليهم لكان خيرا لهم والله غفور رحيم
49	10	10	1	turoHamu	تُرْحَمُ	r~aHima	V	STEM|POS:V|IMPF|PASS|LEM:r~aHima|ROOT:rHm|2MP	إِنَّمَا ٱلْمُؤْمِنُونَ إِخْوَةٌ فَأَصْلِحُوا۟ بَيْنَ أَخَوَيْكُمْ وَٱتَّقُوا۟ ٱللَّهَ لَعَلَّكُمْ تُرْحَمُونَ	إنما المؤمنون إخوة فأصلحوا بين أخويكم واتقوا الله لعلكم ترحمون
49	12	31	1	r~aHiymN	رَّحِيمٌ	r~aHiym	ADJ	STEM|POS:ADJ|LEM:r~aHiym|ROOT:rHm|MS|INDEF|NOM	يَٰٓأَيُّهَا ٱلَّذِينَ ءَامَنُوا۟ ٱجْتَنِبُوا۟ كَثِيرًا مِّنَ ٱلظَّنِّ إِنَّ بَعْضَ ٱلظَّنِّ إِثْمٌ وَلَا تَجَسَّسُوا۟ وَلَا يَغْتَب بَّعْضُكُم بَعْضًا أَيُحِبُّ أَحَدُكُمْ أَن يَأْكُلَ لَحْمَ أَخِيهِ مَيْتًا فَكَرِهْتُمُوهُ وَٱتَّقُوا۟ ٱللَّهَ إِنَّ ٱللَّهَ تَوَّابٌ رَّحِيمٌ	يا أيها الذين آمنوا اجتنبوا كثيرا من الظن إن بعض الظن إثم ولا تجسسوا ولا يغتب بعضكم بعضا أيحب أحدكم أن يأكل لحم أخيه ميتا فكرهتموه واتقوا الله إن الله تواب رحيم
49	14	27	1	r~aHiymN	رَّحِيمٌ	r~aHiym	ADJ	STEM|POS:ADJ|LEM:r~aHiym|ROOT:rHm|MS|INDEF|NOM	قَالَتِ ٱلْأَعْرَابُ ءَامَنَّا قُل لَّمْ تُؤْمِنُوا۟ وَلَٰكِن قُولُوٓا۟ أَسْلَمْنَا وَلَمَّا يَدْخُلِ ٱلْإِيمَٰنُ فِى قُلُوبِكُمْ وَإِن تُطِيعُوا۟ ٱللَّهَ وَرَسُولَهُۥ لَا يَلِتْكُم مِّنْ أَعْمَٰلِكُمْ شَيْـًٔا إِنَّ ٱللَّهَ غَفُورٌ رَّحِيمٌ	قالت الأعراب آمنا قل لم تؤمنوا ولكن قولوا أسلمنا ولما يدخل الإيمان في قلوبكم وإن تطيعوا الله ورسوله لا يلتكم من أعمالكم شيئا إن الله غفور رحيم
50	33	3	2	r~aHoma`na	رَّحْمَٰنَ	r~aHoma`n	N	STEM|POS:N|LEM:r~aHoma`n|ROOT:rHm|MS|ACC	مَّنْ خَشِىَ ٱلرَّحْمَٰنَ بِٱلْغَيْبِ وَجَآءَ بِقَلْبٍ مُّنِيبٍ	من خشي الرحمن بالغيب وجاء بقلب منيب
52	28	9	2	r~aHiymu	رَّحِيمُ	r~aHiym	ADJ	STEM|POS:ADJ|LEM:r~aHiym|ROOT:rHm|MS|NOM	إِنَّا كُنَّا مِن قَبْلُ نَدْعُوهُ إِنَّهُۥ هُوَ ٱلْبَرُّ ٱلرَّحِيمُ	إنا كنا من قبل ندعوه إنه هو البر الرحيم
55	1	1	2	r~aHoma`nu	رَّحْمَٰنُ	r~aHoma`n	ADJ	STEM|POS:ADJ|LEM:r~aHoma`n|ROOT:rHm|MS|NOM	بِسْمِ ٱللَّهِ ٱلرَّحْمَٰنِ ٱلرَّحِيمِ ٱلرَّحْمَٰنُ	بسم الله الرحمن الرحيم الرحمن
57	9	17	1	r~aHiymN	رَّحِيمٌ	r~aHiym	ADJ	STEM|POS:ADJ|LEM:r~aHiym|ROOT:rHm|MS|INDEF|NOM	هُوَ ٱلَّذِى يُنَزِّلُ عَلَىٰ عَبْدِهِۦٓ ءَايَٰتٍۭ بَيِّنَٰتٍ لِّيُخْرِجَكُم مِّنَ ٱلظُّلُمَٰتِ إِلَى ٱلنُّورِ وَإِنَّ ٱللَّهَ بِكُمْ لَرَءُوفٌ رَّحِيمٌ	هو الذي ينزل على عبده آيات بينات ليخرجكم من الظلمات إلى النور وإن الله بكم لرءوف رحيم
57	13	23	2	r~aHomapu	رَّحْمَةُ	raHomap	N	STEM|POS:N|LEM:raHomap|ROOT:rHm|F|NOM	يَوْمَ يَقُولُ ٱلْمُنَٰفِقُونَ وَٱلْمُنَٰفِقَٰتُ لِلَّذِينَ ءَامَنُوا۟ ٱنظُرُونَا نَقْتَبِسْ مِن نُّورِكُمْ قِيلَ ٱرْجِعُوا۟ وَرَآءَكُمْ فَٱلْتَمِسُوا۟ نُورًا فَضُرِبَ بَيْنَهُم بِسُورٍ لَّهُۥ بَابٌۢ بَاطِنُهُۥ فِيهِ ٱلرَّحْمَةُ وَظَٰهِرُهُۥ مِن قِبَلِهِ ٱلْعَذَابُ	يوم يقول المنافقون والمنافقات للذين آمنوا انظرونا نقتبس من نوركم قيل ارجعوا وراءكم فالتمسوا نورا فضرب بينهم بسور له باب باطنه فيه الرحمة وظاهره من قبله العذاب
57	27	18	2	raHomapF	رَحْمَةً	raHomap	N	STEM|POS:N|LEM:raHomap|ROOT:rHm|F|INDEF|ACC	ثُمَّ قَفَّيْنَا عَلَىٰٓ ءَاثَٰرِهِم بِرُسُلِنَا وَقَفَّيْنَا بِعِيسَى ٱبْنِ مَرْيَمَ وَءَاتَيْنَٰهُ ٱلْإِنجِيلَ وَجَعَلْنَا فِى قُلُوبِ ٱلَّذِينَ ٱتَّبَعُوهُ رَأْفَةً وَرَحْمَةً وَرَهْبَانِيَّةً ٱبْتَدَعُوهَا مَا كَتَبْنَٰهَا عَلَيْهِمْ إِلَّا ٱبْتِغَآءَ رِضْوَٰنِ ٱللَّهِ فَمَا رَعَوْهَا حَقَّ رِعَايَتِهَا فَـَٔاتَيْنَا ٱلَّذِينَ ءَامَنُوا۟ مِنْهُمْ أَجْرَهُمْ وَكَثِيرٌ مِّنْهُمْ فَٰسِقُونَ	ثم قفينا على آثارهم برسلنا وقفينا بعيسى ابن مريم وآتيناه الإنجيل وجعلنا في قلوب الذين اتبعوه رأفة ورحمة ورهبانية ابتدعوها ما كتبناها عليهم إلا ابتغاء رضوان الله فما رعوها حق رعايتها فآتينا الذين آمنوا منهم أجرهم وكثير منهم فاسقون
57	28	11	1	r~aHomati	رَّحْمَتِ	raHomap	N	STEM|POS:N|LEM:raHomap|ROOT:rHm|F|GEN	يَٰٓأَيُّهَا ٱلَّذِينَ ءَامَنُوا۟ ٱتَّقُوا۟ ٱللَّهَ وَءَامِنُوا۟ بِرَسُولِهِۦ يُؤْتِكُمْ كِفْلَيْنِ مِن رَّحْمَتِهِۦ وَيَجْعَل لَّكُمْ نُورًا تَمْشُونَ بِهِۦ وَيَغْفِرْ لَكُمْ وَٱللَّهُ غَفُورٌ رَّحِيمٌ	يا أيها الذين آمنوا اتقوا الله وآمنوا برسوله يؤتكم كفلين من رحمته ويجعل لكم نورا تمشون به ويغفر لكم والله غفور رحيم
57	28	21	1	r~aHiymN	رَّحِيمٌ	r~aHiym	ADJ	STEM|POS:ADJ|LEM:r~aHiym|ROOT:rHm|MS|INDEF|NOM	يَٰٓأَيُّهَا ٱلَّذِينَ ءَامَنُوا۟ ٱتَّقُوا۟ ٱللَّهَ وَءَامِنُوا۟ بِرَسُولِهِۦ يُؤْتِكُمْ كِفْلَيْنِ مِن رَّحْمَتِهِۦ وَيَجْعَل لَّكُمْ نُورًا تَمْشُونَ بِهِۦ وَيَغْفِرْ لَكُمْ وَٱللَّهُ غَفُورٌ رَّحِيمٌ	يا أيها الذين آمنوا اتقوا الله وآمنوا برسوله يؤتكم كفلين من رحمته ويجعل لكم نورا تمشون به ويغفر لكم والله غفور رحيم
58	12	22	1	r~aHiymN	رَّحِيمٌ	r~aHiym	ADJ	STEM|POS:ADJ|LEM:r~aHiym|ROOT:rHm|MS|INDEF|NOM	يَٰٓأَيُّهَا ٱلَّذِينَ ءَامَنُوٓا۟ إِذَا نَٰجَيْتُمُ ٱلرَّسُولَ فَقَدِّمُوا۟ بَيْنَ يَدَىْ نَجْوَىٰكُمْ صَدَقَةً ذَٰلِكَ خَيْرٌ لَّكُمْ وَأَطْهَرُ فَإِن لَّمْ تَجِدُوا۟ فَإِنَّ ٱللَّهَ غَفُورٌ رَّحِيمٌ	يا أيها الذين آمنوا إذا ناجيتم الرسول فقدموا بين يدي نجواكم صدقة ذلك خير لكم وأطهر فإن لم تجدوا فإن الله غفور رحيم
59	10	23	1	r~aHiymN	رَّحِيمٌ	r~aHiym	ADJ	STEM|POS:ADJ|LEM:r~aHiym|ROOT:rHm|MS|INDEF|NOM	وَٱلَّذِينَ جَآءُو مِنۢ بَعْدِهِمْ يَقُولُونَ رَبَّنَا ٱغْفِرْ لَنَا وَلِإِخْوَٰنِنَا ٱلَّذِينَ سَبَقُونَا بِٱلْإِيمَٰنِ وَلَا تَجْعَلْ فِى قُلُوبِنَا غِلًّا لِّلَّذِينَ ءَامَنُوا۟ رَبَّنَآ إِنَّكَ رَءُوفٌ رَّحِيمٌ	والذين جاءوا من بعدهم يقولون ربنا اغفر لنا ولإخواننا الذين سبقونا بالإيمان ولا تجعل في قلوبنا غلا للذين آمنوا ربنا إنك رءوف رحيم
59	22	12	2	r~aHoma`nu	رَّحْمَٰنُ	r~aHoma`n	N	STEM|POS:N|LEM:r~aHoma`n|ROOT:rHm|MS|NOM	هُوَ ٱللَّهُ ٱلَّذِى لَآ إِلَٰهَ إِلَّا هُوَ عَٰلِمُ ٱلْغَيْبِ وَٱلشَّهَٰدَةِ هُوَ ٱلرَّحْمَٰنُ ٱلرَّحِيمُ	هو الله الذي لا إله إلا هو عالم الغيب والشهادة هو الرحمن الرحيم
59	22	13	2	r~aHiymu	رَّحِيمُ	r~aHiym	ADJ	STEM|POS:ADJ|LEM:r~aHiym|ROOT:rHm|MS|NOM	هُوَ ٱللَّهُ ٱلَّذِى لَآ إِلَٰهَ إِلَّا هُوَ عَٰلِمُ ٱلْغَيْبِ وَٱلشَّهَٰدَةِ هُوَ ٱلرَّحْمَٰنُ ٱلرَّحِيمُ	هو الله الذي لا إله إلا هو عالم الغيب والشهادة هو الرحمن الرحيم
60	3	3	1	>aroHaAmu	أَرْحَامُ	>aroHaAm	N	STEM|POS:N|LEM:>aroHaAm|ROOT:rHm|MP|NOM	لَن تَنفَعَكُمْ أَرْحَامُكُمْ وَلَآ أَوْلَٰدُكُمْ يَوْمَ ٱلْقِيَٰمَةِ يَفْصِلُ بَيْنَكُمْ وَٱللَّهُ بِمَا تَعْمَلُونَ بَصِيرٌ	لن تنفعكم أرحامكم ولا أولادكم يوم القيامة يفصل بينكم والله بما تعملون بصير
60	7	15	1	r~aHiymN	رَّحِيمٌ	r~aHiym	ADJ	STEM|POS:ADJ|LEM:r~aHiym|ROOT:rHm|MS|INDEF|NOM	عَسَى ٱللَّهُ أَن يَجْعَلَ بَيْنَكُمْ وَبَيْنَ ٱلَّذِينَ عَادَيْتُم مِّنْهُم مَّوَدَّةً وَٱللَّهُ قَدِيرٌ وَٱللَّهُ غَفُورٌ رَّحِيمٌ	عسى الله أن يجعل بينكم وبين الذين عاديتم منهم مودة والله قدير والله غفور رحيم
60	12	38	1	r~aHiymN	رَّحِيمٌ	r~aHiym	ADJ	STEM|POS:ADJ|LEM:r~aHiym|ROOT:rHm|MS|INDEF|NOM	يَٰٓأَيُّهَا ٱلنَّبِىُّ إِذَا جَآءَكَ ٱلْمُؤْمِنَٰتُ يُبَايِعْنَكَ عَلَىٰٓ أَن لَّا يُشْرِكْنَ بِٱللَّهِ شَيْـًٔا وَلَا يَسْرِقْنَ وَلَا يَزْنِينَ وَلَا يَقْتُلْنَ أَوْلَٰدَهُنَّ وَلَا يَأْتِينَ بِبُهْتَٰنٍ يَفْتَرِينَهُۥ بَيْنَ أَيْدِيهِنَّ وَأَرْجُلِهِنَّ وَلَا يَعْصِينَكَ فِى مَعْرُوفٍ فَبَايِعْهُنَّ وَٱسْتَغْفِرْ لَهُنَّ ٱللَّهَ إِنَّ ٱللَّهَ غَفُورٌ رَّحِيمٌ	يا أيها النبي إذا جاءك المؤمنات يبايعنك على أن لا يشركن بالله شيئا ولا يسرقن ولا يزنين ولا يقتلن أولادهن ولا يأتين ببهتان يفترينه بين أيديهن وأرجلهن ولا يعصينك في معروف فبايعهن واستغفر لهن الله إن الله غفور رحيم
64	14	18	1	r~aHiymN	رَّحِيمٌ	r~aHiym	ADJ	STEM|POS:ADJ|LEM:r~aHiym|ROOT:rHm|MS|INDEF|NOM	يَٰٓأَيُّهَا ٱلَّذِينَ ءَامَنُوٓا۟ إِنَّ مِنْ أَزْوَٰجِكُمْ وَأَوْلَٰدِكُمْ عَدُوًّا لَّكُمْ فَٱحْذَرُوهُمْ وَإِن تَعْفُوا۟ وَتَصْفَحُوا۟ وَتَغْفِرُوا۟ فَإِنَّ ٱللَّهَ غَفُورٌ رَّحِيمٌ	يا أيها الذين آمنوا إن من أزواجكم وأولادكم عدوا لكم فاحذروهم وإن تعفوا وتصفحوا وتغفروا فإن الله غفور رحيم
66	1	14	1	r~aHiymN	رَّحِيمٌ	r~aHiym	ADJ	STEM|POS:ADJ|LEM:r~aHiym|ROOT:rHm|MS|INDEF|NOM	بِسْمِ ٱللَّهِ ٱلرَّحْمَٰنِ ٱلرَّحِيمِ يَٰٓأَيُّهَا ٱلنَّبِىُّ لِمَ تُحَرِّمُ مَآ أَحَلَّ ٱللَّهُ لَكَ تَبْتَغِى مَرْضَاتَ أَزْوَٰجِكَ وَٱللَّهُ غَفُورٌ رَّحِيمٌ	بسم الله الرحمن الرحيم يا أيها النبي لم تحرم ما أحل الله لك تبتغي مرضات أزواجك والله غفور رحيم
67	3	10	2	r~aHoma`ni	رَّحْمَٰنِ	r~aHoma`n	N	STEM|POS:N|LEM:r~aHoma`n|ROOT:rHm|MS|GEN	ٱلَّذِى خَلَقَ سَبْعَ سَمَٰوَٰتٍ طِبَاقًا مَّا تَرَىٰ فِى خَلْقِ ٱلرَّحْمَٰنِ مِن تَفَٰوُتٍ فَٱرْجِعِ ٱلْبَصَرَ هَلْ تَرَىٰ مِن فُطُورٍ	الذي خلق سبع سماوات طباقا ما ترى في خلق الرحمن من تفاوت فارجع البصر هل ترى من فطور
67	19	11	2	r~aHoma`nu	رَّحْمَٰنُ	r~aHoma`n	N	STEM|POS:N|LEM:r~aHoma`n|ROOT:rHm|MS|NOM	أَوَلَمْ يَرَوْا۟ إِلَى ٱلطَّيْرِ فَوْقَهُمْ صَٰٓفَّٰتٍ وَيَقْبِضْنَ مَا يُمْسِكُهُنَّ إِلَّا ٱلرَّحْمَٰنُ إِنَّهُۥ بِكُلِّ شَىْءٍۭ بَصِيرٌ	أولم يروا إلى الطير فوقهم صافات ويقبضن ما يمسكهن إلا الرحمن إنه بكل شيء بصير
67	20	10	2	r~aHoma`ni	رَّحْمَٰنِ	r~aHoma`n	N	STEM|POS:N|LEM:r~aHoma`n|ROOT:rHm|MS|GEN	أَمَّنْ هَٰذَا ٱلَّذِى هُوَ جُندٌ لَّكُمْ يَنصُرُكُم مِّن دُونِ ٱلرَّحْمَٰنِ إِنِ ٱلْكَٰفِرُونَ إِلَّا فِى غُرُورٍ	أمن هذا الذي هو جند لكم ينصركم من دون الرحمن إن الكافرون إلا في غرور
67	28	9	1	raHima	رَحِمَ	r~aHima	V	STEM|POS:V|PERF|LEM:r~aHima|ROOT:rHm|3MS	قُلْ أَرَءَيْتُمْ إِنْ أَهْلَكَنِىَ ٱللَّهُ وَمَن مَّعِىَ أَوْ رَحِمَنَا فَمَن يُجِيرُ ٱلْكَٰفِرِينَ مِنْ عَذَابٍ أَلِيمٍ	قل أرأيتم إن أهلكني الله ومن معي أو رحمنا فمن يجير الكافرين من عذاب أليم
67	29	3	2	r~aHoma`nu	رَّحْمَٰنُ	r~aHoma`n	N	STEM|POS:N|LEM:r~aHoma`n|ROOT:rHm|MS|NOM	قُلْ هُوَ ٱلرَّحْمَٰنُ ءَامَنَّا بِهِۦ وَعَلَيْهِ تَوَكَّلْنَا فَسَتَعْلَمُونَ مَنْ هُوَ فِى ضَلَٰلٍ مُّبِينٍ	قل هو الرحمن آمنا به وعليه توكلنا فستعلمون من هو في ضلال مبين
73	20	78	1	r~aHiymN[	رَّحِيمٌ[	r~aHiym	N	STEM|POS:N|LEM:r~aHiym|ROOT:rHm|MS|INDEF|NOM	إِنَّ رَبَّكَ يَعْلَمُ أَنَّكَ تَقُومُ أَدْنَىٰ مِن ثُلُثَىِ ٱلَّيْلِ وَنِصْفَهُۥ وَثُلُثَهُۥ وَطَآئِفَةٌ مِّنَ ٱلَّذِينَ مَعَكَ وَٱللَّهُ يُقَدِّرُ ٱلَّيْلَ وَٱلنَّهَارَ عَلِمَ أَن لَّن تُحْصُوهُ فَتَابَ عَلَيْكُمْ فَٱقْرَءُوا۟ مَا تَيَسَّرَ مِنَ ٱلْقُرْءَانِ عَلِمَ أَن سَيَكُونُ مِنكُم مَّرْضَىٰ وَءَاخَرُونَ يَضْرِبُونَ فِى ٱلْأَرْضِ يَبْتَغُونَ مِن فَضْلِ ٱللَّهِ وَءَاخَرُونَ يُقَٰتِلُونَ فِى سَبِيلِ ٱللَّهِ فَٱقْرَءُوا۟ مَا تَيَسَّرَ مِنْهُ وَأَقِيمُوا۟ ٱلصَّلَوٰةَ وَءَاتُوا۟ ٱلزَّكَوٰةَ وَأَقْرِضُوا۟ ٱللَّهَ قَرْضًا حَسَنًا وَمَا تُقَدِّمُوا۟ لِأَنفُسِكُم مِّنْ خَيْرٍ تَجِدُوهُ عِندَ ٱللَّهِ هُوَ خَيْرًا وَأَعْظَمَ أَجْرًا وَٱسْتَغْفِرُوا۟ ٱللَّهَ إِنَّ ٱللَّهَ غَفُورٌ رَّحِيمٌۢ	إن ربك يعلم أنك تقوم أدنى من ثلثي الليل ونصفه وثلثه وطائفة من الذين معك والله يقدر الليل والنهار علم أن لن تحصوه فتاب عليكم فاقرءوا ما تيسر من القرآن علم أن سيكون منكم مرضى وآخرون يضربون في الأرض يبتغون من فضل الله وآخرون يقاتلون في سبيل الله فاقرءوا ما تيسر منه وأقيموا الصلاة وآتوا الزكاة وأقرضوا الله قرضا حسنا وما تقدموا لأنفسكم من خير تجدوه عند الله هو خيرا وأعظم أجرا واستغفروا الله إن الله غفور رحيم
76	31	5	1	raHomati	رَحْمَتِ	raHomap	N	STEM|POS:N|LEM:raHomap|ROOT:rHm|F|GEN	يُدْخِلُ مَن يَشَآءُ فِى رَحْمَتِهِۦ وَٱلظَّٰلِمِينَ أَعَدَّ لَهُمْ عَذَابًا أَلِيمًۢا	يدخل من يشاء في رحمته والظالمين أعد لهم عذابا أليما
78	37	6	2	r~aHoma`ni	رَّحْمَٰنِ	r~aHoma`n	N	STEM|POS:N|LEM:r~aHoma`n|ROOT:rHm|MS|GEN	رَّبِّ ٱلسَّمَٰوَٰتِ وَٱلْأَرْضِ وَمَا بَيْنَهُمَا ٱلرَّحْمَٰنِ لَا يَمْلِكُونَ مِنْهُ خِطَابًا	رب السماوات والأرض وما بينهما الرحمن لا يملكون منه خطابا
78	38	12	2	r~aHoma`nu	رَّحْمَٰنُ	r~aHoma`n	N	STEM|POS:N|LEM:r~aHoma`n|ROOT:rHm|MS|NOM	يَوْمَ يَقُومُ ٱلرُّوحُ وَٱلْمَلَٰٓئِكَةُ صَفًّا لَّا يَتَكَلَّمُونَ إِلَّا مَنْ أَذِنَ لَهُ ٱلرَّحْمَٰنُ وَقَالَ صَوَابًا	يوم يقوم الروح والملائكة صفا لا يتكلمون إلا من أذن له الرحمن وقال صوابا
90	17	9	3	maroHamapi	مَرْحَمَةِ	maroHamap	N	STEM|POS:N|LEM:maroHamap|ROOT:rHm|F|GEN	ثُمَّ كَانَ مِنَ ٱلَّذِينَ ءَامَنُوا۟ وَتَوَاصَوْا۟ بِٱلصَّبْرِ وَتَوَاصَوْا۟ بِٱلْمَرْحَمَةِ	ثم كان من الذين آمنوا وتواصوا بالصبر وتواصوا بالمرحمة
