sure	ayet	kelime_no	segment_no	form_buckwalter	form_arapca	lem	pos	features	ayet_osmani	ayet_harekesiz
1	2	4	2	Ea`lamiyna	عَٰلَمِينَ	Ea`lamiyn	N	STEM|POS:N|LEM:Ea`lamiyn|ROOT:Elm|MP|GEN	ٱلْحَمْدُ لِلَّهِ رَبِّ ٱلْعَٰلَمِينَ	الحمد لله رب العالمين
2	13	19	1	yaEolamu	يَعْلَمُ	Ealima	V	STEM|POS:V|IMPF|LEM:Ealima|ROOT:Elm|3MP	وَإِذَا قِيلَ لَهُمْ ءَامِنُوا۟ كَمَآ ءَامَنَ ٱلنَّاسُ قَالُوٓا۟ أَنُؤْمِنُ كَمَآ ءَامَنَ ٱلسُّفَهَآءُ أَلَآ إِنَّهُمْ هُمُ ٱلسُّفَهَآءُ وَلَٰكِن لَّا يَعْلَمُونَ	وإذا قيل لهم آمنوا كما آمن الناس قالوا أنؤمن كما آمن السفهاء ألا إنهم هم السفهاء ولكن لا يعلمون
2	22	23	1	taEolamu	تَعْلَمُ	Ealima	V	STEM|POS:V|IMPF|LEM:Ealima|ROOT:Elm|2MP	ٱلَّذِى جَعَلَ لَكُمُ ٱلْأَرْضَ فِرَٰشًا وَٱلسَّمَآءَ بِنَآءً وَأَنزَلَ مِنَ ٱلسَّمَآءِ مَآءً فَأَخْرَجَ بِهِۦ مِنَ ٱلثَّمَرَٰتِ رِزْقًا لَّكُمْ فَلَا تَجْعَلُوا۟ لِلَّهِ أَندَادًا وَأَنتُمْ تَعْلَمُونَ	الذي جعل لكم الأرض فراشا والسماء بناء وأنزل من السماء ماء فأخرج به من الثمرات رزقا لكم فلا تجعلوا لله أندادا وأنتم تعلمون
2	26	15	2	yaEolamu	يَعْلَمُ	Ealima	V	STEM|POS:V|IMPF|LEM:Ealima|ROOT:Elm|3MP	إِنَّ ٱللَّهَ لَا يَسْتَحْىِۦٓ أَن يَضْرِبَ مَثَلًا مَّا بَعُوضَةً فَمَا فَوْقَهَا فَأَمَّا ٱلَّذِينَ ءَامَنُوا۟ فَيَعْلَمُونَ أَنَّهُ ٱلْحَقُّ مِن رَّبِّهِمْ وَأَمَّا ٱلَّذِينَ كَفَرُوا۟ فَيَقُولُونَ مَاذَآ أَرَادَ ٱللَّهُ بِهَٰذَا مَثَلًا يُضِلُّ بِهِۦ كَثِيرًا وَيَهْدِى بِهِۦ كَثِيرًا وَمَا يُضِلُّ بِهِۦٓ إِلَّا ٱلْفَٰسِقِينَ	إن الله لا يستحيي أن يضرب مثلا ما بعوضة فما فوقها فأما الذين آمنوا فيعلمون أنه الحق من ربهم وأما الذين كفروا فيقولون ماذا أراد الله بهذا مثلا يضل به كثيرا ويهدي به كثيرا وما يضل به إلا الفاسقين
2	29	19	1	EaliymN	عَلِيمٌ	Ealiym	N	STEM|POS:N|LEM:Ealiym|ROOT:Elm|MS|INDEF|NOM	هُوَ ٱلَّذِى خَلَقَ لَكُم مَّا فِى ٱلْأَرْضِ جَمِيعًا ثُمَّ ٱسْتَوَىٰٓ إِلَى ٱلسَّمَآءِ فَسَوَّىٰهُنَّ سَبْعَ سَمَٰوَٰتٍ وَهُوَ بِكُلِّ شَىْءٍ عَلِيمٌ	هو الذي خلق لكم ما في الأرض جميعا ثم استوى إلى السماء فسواهن سبع سماوات وهو بكل شيء عليم
2	30	25	1	>aEolamu	أَعْلَمُ	Ealima	V	STEM|POS:V|IMPF|LEM:Ealima|ROOT:Elm|1S	وَإِذْ قَالَ رَبُّكَ لِلْمَلَٰٓئِكَةِ إِنِّى جَاعِلٌ فِى ٱلْأَرْضِ خَلِيفَةً قَالُوٓا۟ أَتَجْعَلُ فِيهَا مَن يُفْسِدُ فِيهَا وَيَسْفِكُ ٱلدِّمَآءَ وَنَحْنُ نُسَبِّحُ بِحَمْدِكَ وَنُقَدِّسُ لَكَ قَالَ إِنِّىٓ أَعْلَمُ مَا لَا تَعْلَمُونَ	وإذ قال ربك للملائكة إني جاعل في الأرض خليفة قالوا أتجعل فيها من يفسد فيها ويسفك الدماء ونحن نسبح بحمدك ونقدس لك قال إني أعلم ما لا تعلمون
2	30	28	1	taEolamu	تَعْلَمُ	Ealima	V	STEM|POS:V|IMPF|LEM:Ealima|ROOT:Elm|2MP	وَإِذْ قَالَ رَبُّكَ لِلْمَلَٰٓئِكَةِ إِنِّى جَاعِلٌ فِى ٱلْأَرْضِ خَلِيفَةً قَالُوٓا۟ أَتَجْعَلُ فِيهَا مَن يُفْسِدُ فِيهَا وَيَسْفِكُ ٱلدِّمَآءَ وَنَحْنُ نُسَبِّحُ بِحَمْدِكَ وَنُقَدِّسُ لَكَ قَالَ إِنِّىٓ أَعْلَمُ مَا لَا تَعْلَمُونَ	وإذ قال ربك للملائكة إني جاعل في الأرض خليفة قالوا أتجعل فيها من يفسد فيها ويسفك الدماء ونحن نسبح بحمدك ونقدس لك قال إني أعلم ما لا تعلمون
2	31	1	2	Eal~ama	عَلَّمَ	Eal~ama	V	STEM|POS:V|PERF|(II)|LEM:Eal~ama|ROOT:Elm|3MS	وَعَلَّمَ ءَادَمَ ٱلْأَسْمَآءَ كُلَّهَا ثُمَّ عَرَضَهُمْ عَلَى ٱلْمَلَٰٓئِكَةِ فَقَالَ أَنۢبِـُٔونِى بِأَسْمَآءِ هَٰٓؤُلَآءِ إِن كُنتُمْ صَٰدِقِينَ	وعلم آدم الأسماء كلها ثم عرضهم على الملائكة فقال أنبئوني بأسماء هؤلاء إن كنتم صادقين
2	32	4	1	Eiloma	عِلْمَ	Eilom	N	STEM|POS:N|LEM:Eilom|ROOT:Elm|M|ACC	قَالُوا۟ سُبْحَٰنَكَ لَا عِلْمَ لَنَآ إِلَّا مَا عَلَّمْتَنَآ إِنَّكَ أَنتَ ٱلْعَلِيمُ ٱلْحَكِيمُ	قالوا سبحانك لا علم لنا إلا ما علمتنا إنك أنت العليم الحكيم
2	32	8	1	Eal~amo	عَلَّمْ	Eal~ama	V	STEM|POS:V|PERF|(II)|LEM:Eal~ama|ROOT:Elm|2MS	قَالُوا۟ سُبْحَٰنَكَ لَا عِلْمَ لَنَآ إِلَّا مَا عَلَّمْتَنَآ إِنَّكَ أَنتَ ٱلْعَلِيمُ ٱلْحَكِيمُ	قالوا سبحانك لا علم لنا إلا ما علمتنا إنك أنت العليم الحكيم
2	32	11	2	Ealiymu	عَلِيمُ	Ealiym	N	STEM|POS:N|LEM:Ealiym|ROOT:Elm|MS|NOM	قَالُوا۟ سُبْحَٰنَكَ لَا عِلْمَ لَنَآ إِلَّا مَا عَلَّمْتَنَآ إِنَّكَ أَنتَ ٱلْعَلِيمُ ٱلْحَكِيمُ	قالوا سبحانك لا علم لنا إلا ما علمتنا إنك أنت العليم الحكيم
2	33	13	1	>aEolamu	أَعْلَمُ	Ealima	V	STEM|POS:V|IMPF|LEM:Ealima|ROOT:Elm|1S	قَالَ يَٰٓـَٔادَمُ أَنۢبِئْهُم بِأَسْمَآئِهِمْ فَلَمَّآ أَنۢبَأَهُم بِأَسْمَآئِهِمْ قَالَ أَلَمْ أَقُل لَّكُمْ إِنِّىٓ أَعْلَمُ غَيْبَ ٱلسَّمَٰوَٰتِ وَٱلْأَرْضِ وَأَعْلَمُ مَا تُبْدُونَ وَمَا كُنتُمْ تَكْتُمُونَ	قال يا آدم أنبئهم بأسمائهم فلما أنبأهم بأسمائهم قال ألم أقل لكم إني أعلم غيب السماوات والأرض وأعلم ما تبدون وما كنتم تكتمون
2	33	17	2	>aEolamu	أَعْلَمُ	Ealima	V	STEM|POS:V|IMPF|LEM:Ealima|ROOT:Elm|1S	قَالَ يَٰٓـَٔادَمُ أَنۢبِئْهُم بِأَسْمَآئِهِمْ فَلَمَّآ أَنۢبَأَهُم بِأَسْمَآئِهِمْ قَالَ أَلَمْ أَقُل لَّكُمْ إِنِّىٓ أَعْلَمُ غَيْبَ ٱلسَّمَٰوَٰتِ وَٱلْأَرْضِ وَأَعْلَمُ مَا تُبْدُونَ وَمَا كُنتُمْ تَكْتُمُونَ	قال يا آدم أنبئهم بأسمائهم فلما أنبأهم بأسمائهم قال ألم أقل لكم إني أعلم غيب السماوات والأرض وأعلم ما تبدون وما كنتم تكتمون
2	42	8	1	taEolamu	تَعْلَمُ	Ealima	V	STEM|POS:V|IMPF|LEM:Ealima|ROOT:Elm|2MP	وَلَا تَلْبِسُوا۟ ٱلْحَقَّ بِٱلْبَٰطِلِ وَتَكْتُمُوا۟ ٱلْحَقَّ وَأَنتُمْ تَعْلَمُونَ	ولا تلبسوا الحق بالباطل وتكتموا الحق وأنتم تعلمون
2	47	11	2	Ea`lamiyna	عَٰلَمِينَ	Ea`lamiyn	N	STEM|POS:N|LEM:Ea`lamiyn|ROOT:Elm|MP|GEN	يَٰبَنِىٓ إِسْرَٰٓءِيلَ ٱذْكُرُوا۟ نِعْمَتِىَ ٱلَّتِىٓ أَنْعَمْتُ عَلَيْكُمْ وَأَنِّى فَضَّلْتُكُمْ عَلَى ٱلْعَٰلَمِينَ	يا بني إسرائيل اذكروا نعمتي التي أنعمت عليكم وأني فضلتكم على العالمين
2	60	15	1	Ealima	عَلِمَ	Ealima	V	STEM|POS:V|PERF|LEM:Ealima|ROOT:Elm|3MS	وَإِذِ ٱسْتَسْقَىٰ مُوسَىٰ لِقَوْمِهِۦ فَقُلْنَا ٱضْرِب بِّعَصَاكَ ٱلْحَجَرَ فَٱنفَجَرَتْ مِنْهُ ٱثْنَتَا عَشْرَةَ عَيْنًا قَدْ عَلِمَ كُلُّ أُنَاسٍ مَّشْرَبَهُمْ كُلُوا۟ وَٱشْرَبُوا۟ مِن رِّزْقِ ٱللَّهِ وَلَا تَعْثَوْا۟ فِى ٱلْأَرْضِ مُفْسِدِينَ	وإذ استسقى موسى لقومه فقلنا اضرب بعصاك الحجر فانفجرت منه اثنتا عشرة عينا قد علم كل أناس مشربهم كلوا واشربوا من رزق الله ولا تعثوا في الأرض مفسدين
2	65	2	1	Ealimo	عَلِمْ	Ealima	V	STEM|POS:V|PERF|LEM:Ealima|ROOT:Elm|2MP	وَلَقَدْ عَلِمْتُمُ ٱلَّذِينَ ٱعْتَدَوْا۟ مِنكُمْ فِى ٱلسَّبْتِ فَقُلْنَا لَهُمْ كُونُوا۟ قِرَدَةً خَٰسِـِٔينَ	ولقد علمتم الذين اعتدوا منكم في السبت فقلنا لهم كونوا قردة خاسئين
2	75	19	1	yaEolamu	يَعْلَمُ	Ealima	V	STEM|POS:V|IMPF|LEM:Ealima|ROOT:Elm|3MP	أَفَتَطْمَعُونَ أَن يُؤْمِنُوا۟ لَكُمْ وَقَدْ كَانَ فَرِيقٌ مِّنْهُمْ يَسْمَعُونَ كَلَٰمَ ٱللَّهِ ثُمَّ يُحَرِّفُونَهُۥ مِنۢ بَعْدِ مَا عَقَلُوهُ وَهُمْ يَعْلَمُونَ	أفتطمعون أن يؤمنوا لكم وقد كان فريق منهم يسمعون كلام الله ثم يحرفونه من بعد ما عقلوه وهم يعلمون
2	77	2	1	yaEolamu	يَعْلَمُ	Ealima	V	STEM|POS:V|IMPF|LEM:Ealima|ROOT:Elm|3MP	أَوَلَا يَعْلَمُونَ أَنَّ ٱللَّهَ يَعْلَمُ مَا يُسِرُّونَ وَمَا يُعْلِنُونَ	أولا يعلمون أن الله يعلم ما يسرون وما يعلنون
2	77	5	1	yaEolamu	يَعْلَمُ	Ealima	V	STEM|POS:V|IMPF|LEM:Ealima|ROOT:Elm|3MS	أَوَلَا يَعْلَمُونَ أَنَّ ٱللَّهَ يَعْلَمُ مَا يُسِرُّونَ وَمَا يُعْلِنُونَ	أولا يعلمون أن الله يعلم ما يسرون وما يعلنون
2	78	4	1	yaEolamu	يَعْلَمُ	Ealima	V	STEM|POS:V|IMPF|LEM:Ealima|ROOT:Elm|3MP	وَمِنْهُمْ أُمِّيُّونَ لَا يَعْلَمُونَ ٱلْكِتَٰبَ إِلَّآ أَمَانِىَّ وَإِنْ هُمْ إِلَّا يَظُنُّونَ	ومنهم أميون لا يعلمون الكتاب إلا أماني وإن هم إلا يظنون
2	80	23	1	taEolamu	تَعْلَمُ	Ealima	V	STEM|POS:V|IMPF|LEM:Ealima|ROOT:Elm|2MP	وَقَالُوا۟ لَن تَمَسَّنَا ٱلنَّارُ إِلَّآ أَيَّامًا مَّعْدُودَةً قُلْ أَتَّخَذْتُمْ عِندَ ٱللَّهِ عَهْدًا فَلَن يُخْلِفَ ٱللَّهُ عَهْدَهُۥٓ أَمْ تَقُولُونَ عَلَى ٱللَّهِ مَا لَا تَعْلَمُونَ	وقالوا لن تمسنا النار إلا أياما معدودة قل أتخذتم عند الله عهدا فلن يخلف الله عهده أم تقولون على الله ما لا تعلمون
2	95	8	1	EaliymN[	عَلِيمٌ[	Ealiym	N	STEM|POS:N|LEM:Ealiym|ROOT:Elm|MS|INDEF|NOM	وَلَن يَتَمَنَّوْهُ أَبَدًۢا بِمَا قَدَّمَتْ أَيْدِيهِمْ وَٱللَّهُ عَلِيمٌۢ بِٱلظَّٰلِمِينَ	ولن يتمنوه أبدا بما قدمت أيديهم والله عليم بالظالمين
2	101	22	1	yaEolamu	يَعْلَمُ	Ealima	V	STEM|POS:V|IMPF|LEM:Ealima|ROOT:Elm|3MP	وَلَمَّا جَآءَهُمْ رَسُولٌ مِّنْ عِندِ ٱللَّهِ مُصَدِّقٌ لِّمَا مَعَهُمْ نَبَذَ فَرِيقٌ مِّنَ ٱلَّذِينَ أُوتُوا۟ ٱلْكِتَٰبَ كِتَٰبَ ٱللَّهِ وَرَآءَ ظُهُورِهِمْ كَأَنَّهُمْ لَا يَعْلَمُونَ	ولما جاءهم رسول من عند الله مصدق لما معهم نبذ فريق من الذين أوتوا الكتاب كتاب الله وراء ظهورهم كأنهم لا يعلمون
2	102	14	1	yuEal~imu	يُعَلِّمُ	Eal~ama	V	STEM|POS:V|IMPF|(II)|LEM:Eal~ama|ROOT:Elm|3MP	وَٱتَّبَعُوا۟ مَا تَتْلُوا۟ ٱلشَّيَٰطِينُ عَلَىٰ مُلْكِ سُلَيْمَٰنَ وَمَا كَفَرَ سُلَيْمَٰنُ وَلَٰكِنَّ ٱلشَّيَٰطِينَ كَفَرُوا۟ يُعَلِّمُونَ ٱلنَّاسَ ٱلسِّحْرَ وَمَآ أُنزِلَ عَلَى ٱلْمَلَكَيْنِ بِبَابِلَ هَٰرُوتَ وَمَٰرُوتَ وَمَا يُعَلِّمَانِ مِنْ أَحَدٍ حَتَّىٰ يَقُولَآ إِنَّمَا نَحْنُ فِتْنَةٌ فَلَا تَكْفُرْ فَيَتَعَلَّمُونَ مِنْهُمَا مَا يُفَرِّقُونَ بِهِۦ بَيْنَ ٱلْمَرْءِ وَزَوْجِهِۦ وَمَا هُم بِضَآرِّينَ بِهِۦ مِنْ أَحَدٍ إِلَّا بِإِذْنِ ٱللَّهِ وَيَتَعَلَّمُونَ مَا يَضُرُّهُمْ وَلَا يَنفَعُهُمْ وَلَقَدْ عَلِمُوا۟ لَمَنِ ٱشْتَرَىٰهُ مَا لَهُۥ فِى ٱلْـَٔاخِرَةِ مِنْ خَلَٰقٍ وَلَبِئْسَ مَا شَرَوْا۟ بِهِۦٓ أَنفُسَهُمْ لَوْ كَانُوا۟ يَعْلَمُونَ	واتبعوا ما تتلو الشياطين على ملك سليمان وما كفر سليمان ولكن الشياطين كفروا يعلمون الناس السحر وما أنزل على الملكين ببابل هاروت وماروت وما يعلمان من أحد حتى يقولا إنما نحن فتنة فلا تكفر فيتعلمون منهما ما يفرقون به بين المرء وزوجه وما هم بضارين به من أحد إلا بإذن الله ويتعلمون ما يضرهم ولا ينفعهم ولقد علموا لمن اشتراه ما له في الآخرة من خلاق ولبئس ما شروا به أنفسهم لو كانوا يعلمون
2	102	25	1	yuEal~ima	يُعَلِّمَ	Eal~ama	V	STEM|POS:V|IMPF|(II)|LEM:Eal~ama|ROOT:Elm|3MD	وَٱتَّبَعُوا۟ مَا تَتْلُوا۟ ٱلشَّيَٰطِينُ عَلَىٰ مُلْكِ سُلَيْمَٰنَ وَمَا كَفَرَ سُلَيْمَٰنُ وَلَٰكِنَّ ٱلشَّيَٰطِينَ كَفَرُوا۟ يُعَلِّمُونَ ٱلنَّاسَ ٱلسِّحْرَ وَمَآ أُنزِلَ عَلَى ٱلْمَلَكَيْنِ بِبَابِلَ هَٰرُوتَ وَمَٰرُوتَ وَمَا يُعَلِّمَانِ مِنْ أَحَدٍ حَتَّىٰ يَقُولَآ إِنَّمَا نَحْنُ فِتْنَةٌ فَلَا تَكْفُرْ فَيَتَعَلَّمُونَ مِنْهُمَا مَا يُفَرِّقُونَ بِهِۦ بَيْنَ ٱلْمَرْءِ وَزَوْجِهِۦ وَمَا هُم بِضَآرِّينَ بِهِۦ مِنْ أَحَدٍ إِلَّا بِإِذْنِ ٱللَّهِ وَيَتَعَلَّمُونَ مَا يَضُرُّهُمْ وَلَا يَنفَعُهُمْ وَلَقَدْ عَلِمُوا۟ لَمَنِ ٱشْتَرَىٰهُ مَا لَهُۥ فِى ٱلْـَٔاخِرَةِ مِنْ خَلَٰقٍ وَلَبِئْسَ مَا شَرَوْا۟ بِهِۦٓ أَنفُسَهُمْ لَوْ كَانُوا۟ يَعْلَمُونَ	واتبعوا ما تتلو الشياطين على ملك سليمان وما كفر سليمان ولكن الشياطين كفروا يعلمون الناس السحر وما أنزل على الملكين ببابل هاروت وماروت وما يعلمان من أحد حتى يقولا إنما نحن فتنة فلا تكفر فيتعلمون منهما ما يفرقون به بين المرء وزوجه وما هم بضارين به من أحد إلا بإذن الله ويتعلمون ما يضرهم ولا ينفعهم ولقد علموا لمن اشتراه ما له في الآخرة من خلاق ولبئس ما شروا به أنفسهم لو كانوا يعلمون
2	102	35	2	yataEal~amu	يَتَعَلَّمُ	yataEal~amu	V	STEM|POS:V|IMPF|(V)|LEM:yataEal~amu|ROOT:Elm|3MP	وَٱتَّبَعُوا۟ مَا تَتْلُوا۟ ٱلشَّيَٰطِينُ عَلَىٰ مُلْكِ سُلَيْمَٰنَ وَمَا كَفَرَ سُلَيْمَٰنُ وَلَٰكِنَّ ٱلشَّيَٰطِينَ كَفَرُوا۟ يُعَلِّمُونَ ٱلنَّاسَ ٱلسِّحْرَ وَمَآ أُنزِلَ عَلَى ٱلْمَلَكَيْنِ بِبَابِلَ هَٰرُوتَ وَمَٰرُوتَ وَمَا يُعَلِّمَانِ مِنْ أَحَدٍ حَتَّىٰ يَقُولَآ إِنَّمَا نَحْنُ فِتْنَةٌ فَلَا تَكْفُرْ فَيَتَعَلَّمُونَ مِنْهُمَا مَا يُفَرِّقُونَ بِهِۦ بَيْنَ ٱلْمَرْءِ وَزَوْجِهِۦ وَمَا هُم بِضَآرِّينَ بِهِۦ مِنْ أَحَدٍ إِلَّا بِإِذْنِ ٱللَّهِ وَيَتَعَلَّمُونَ مَا يَضُرُّهُمْ وَلَا يَنفَعُهُمْ وَلَقَدْ عَلِمُوا۟ لَمَنِ ٱشْتَرَىٰهُ مَا لَهُۥ فِى ٱلْـَٔاخِرَةِ مِنْ خَلَٰقٍ وَلَبِئْسَ مَا شَرَوْا۟ بِهِۦٓ أَنفُسَهُمْ لَوْ كَانُوا۟ يَعْلَمُونَ	واتبعوا ما تتلو الشياطين على ملك سليمان وما كفر سليمان ولكن الشياطين كفروا يعلمون الناس السحر وما أنزل على الملكين ببابل هاروت وماروت وما يعلمان من أحد حتى يقولا إنما نحن فتنة فلا تكفر فيتعلمون منهما ما يفرقون به بين المرء وزوجه وما هم بضارين به من أحد إلا بإذن الله ويتعلمون ما يضرهم ولا ينفعهم ولقد علموا لمن اشتراه ما له في الآخرة من خلاق ولبئس ما شروا به أنفسهم لو كانوا يعلمون
2	102	52	2	yataEal~amu	يَتَعَلَّمُ	yataEal~amu	V	STEM|POS:V|IMPF|(V)|LEM:yataEal~amu|ROOT:Elm|3MP	وَٱتَّبَعُوا۟ مَا تَتْلُوا۟ ٱلشَّيَٰطِينُ عَلَىٰ مُلْكِ سُلَيْمَٰنَ وَمَا كَفَرَ سُلَيْمَٰنُ وَلَٰكِنَّ ٱلشَّيَٰطِينَ كَفَرُوا۟ يُعَلِّمُونَ ٱلنَّاسَ ٱلسِّحْرَ وَمَآ أُنزِلَ عَلَى ٱلْمَلَكَيْنِ بِبَابِلَ هَٰرُوتَ وَمَٰرُوتَ وَمَا يُعَلِّمَانِ مِنْ أَحَدٍ حَتَّىٰ يَقُولَآ إِنَّمَا نَحْنُ فِتْنَةٌ فَلَا تَكْفُرْ فَيَتَعَلَّمُونَ مِنْهُمَا مَا يُفَرِّقُونَ بِهِۦ بَيْنَ ٱلْمَرْءِ وَزَوْجِهِۦ وَمَا هُم بِضَآرِّينَ بِهِۦ مِنْ أَحَدٍ إِلَّا بِإِذْنِ ٱللَّهِ وَيَتَعَلَّمُونَ مَا يَضُرُّهُمْ وَلَا يَنفَعُهُمْ وَلَقَدْ عَلِمُوا۟ لَمَنِ ٱشْتَرَىٰهُ مَا لَهُۥ فِى ٱلْـَٔاخِرَةِ مِنْ خَلَٰقٍ وَلَبِئْسَ مَا شَرَوْا۟ بِهِۦٓ أَنفُسَهُمْ لَوْ كَانُوا۟ يَعْلَمُونَ	واتبعوا ما تتلو الشياطين على ملك سليمان وما كفر سليمان ولكن الشياطين كفروا يعلمون الناس السحر وما أنزل على الملكين ببابل هاروت وماروت وما يعلمان من أحد حتى يقولا إنما نحن فتنة فلا تكفر فيتعلمون منهما ما يفرقون به بين المرء وزوجه وما هم بضارين به من أحد إلا بإذن الله ويتعلمون ما يضرهم ولا ينفعهم ولقد علموا لمن اشتراه ما له في الآخرة من خلاق ولبئس ما شروا به أنفسهم لو كانوا يعلمون
2	102	58	1	Ealimu	عَلِمُ	Ealima	V	STEM|POS:V|PERF|LEM:Ealima|ROOT:Elm|3MP	وَٱتَّبَعُوا۟ مَا تَتْلُوا۟ ٱلشَّيَٰطِينُ عَلَىٰ مُلْكِ سُلَيْمَٰنَ وَمَا كَفَرَ سُلَيْمَٰنُ وَلَٰكِنَّ ٱلشَّيَٰطِينَ كَفَرُوا۟ يُعَلِّمُونَ ٱلنَّاسَ ٱلسِّحْرَ وَمَآ أُنزِلَ عَلَى ٱلْمَلَكَيْنِ بِبَابِلَ هَٰرُوتَ وَمَٰرُوتَ وَمَا يُعَلِّمَانِ مِنْ أَحَدٍ حَتَّىٰ يَقُولَآ إِنَّمَا نَحْنُ فِتْنَةٌ فَلَا تَكْفُرْ فَيَتَعَلَّمُونَ مِنْهُمَا مَا يُفَرِّقُونَ بِهِۦ بَيْنَ ٱلْمَرْءِ وَزَوْجِهِۦ وَمَا هُم بِضَآرِّينَ بِهِۦ مِنْ أَحَدٍ إِلَّا بِإِذْنِ ٱللَّهِ وَيَتَعَلَّمُونَ مَا يَضُرُّهُمْ وَلَا يَنفَعُهُمْ وَلَقَدْ عَلِمُوا۟ لَمَنِ ٱشْتَرَىٰهُ مَا لَهُۥ فِى ٱلْـَٔاخِرَةِ مِنْ خَلَٰقٍ وَلَبِئْسَ مَا شَرَوْا۟ بِهِۦٓ أَنفُسَهُمْ لَوْ كَانُوا۟ يَعْلَمُونَ	واتبعوا ما تتلو الشياطين على ملك سليمان وما كفر سليمان ولكن الشياطين كفروا يعلمون الناس السحر وما أنزل على الملكين ببابل هاروت وماروت وما يعلمان من أحد حتى يقولا إنما نحن فتنة فلا تكفر فيتعلمون منهما ما يفرقون به بين المرء وزوجه وما هم بضارين به من أحد إلا بإذن الله ويتعلمون ما يضرهم ولا ينفعهم ولقد علموا لمن اشتراه ما له في الآخرة من خلاق ولبئس ما شروا به أنفسهم لو كانوا يعلمون
2	102	74	1	yaEolamu	يَعْلَمُ	Ealima	V	STEM|POS:V|IMPF|LEM:Ealima|ROOT:Elm|3MP	وَٱتَّبَعُوا۟ مَا تَتْلُوا۟ ٱلشَّيَٰطِينُ عَلَىٰ مُلْكِ سُلَيْمَٰنَ وَمَا كَفَرَ سُلَيْمَٰنُ وَلَٰكِنَّ ٱلشَّيَٰطِينَ كَفَرُوا۟ يُعَلِّمُونَ ٱلنَّاسَ ٱلسِّحْرَ وَمَآ أُنزِلَ عَلَى ٱلْمَلَكَيْنِ بِبَابِلَ هَٰرُوتَ وَمَٰرُوتَ وَمَا يُعَلِّمَانِ مِنْ أَحَدٍ حَتَّىٰ يَقُولَآ إِنَّمَا نَحْنُ فِتْنَةٌ فَلَا تَكْفُرْ فَيَتَعَلَّمُونَ مِنْهُمَا مَا يُفَرِّقُونَ بِهِۦ بَيْنَ ٱلْمَرْءِ وَزَوْجِهِۦ وَمَا هُم بِضَآرِّينَ بِهِۦ مِنْ أَحَدٍ إِلَّا بِإِذْنِ ٱللَّهِ وَيَتَعَلَّمُونَ مَا يَضُرُّهُمْ وَلَا يَنفَعُهُمْ وَلَقَدْ عَلِمُوا۟ لَمَنِ ٱشْتَرَىٰهُ مَا لَهُۥ فِى ٱلْـَٔاخِرَةِ مِنْ خَلَٰقٍ وَلَبِئْسَ مَا شَرَوْا۟ بِهِۦٓ أَنفُسَهُمْ لَوْ كَانُوا۟ يَعْلَمُونَ	واتبعوا ما تتلو الشياطين على ملك سليمان وما كفر سليمان ولكن الشياطين كفروا يعلمون الناس السحر وما أنزل على الملكين ببابل هاروت وماروت وما يعلمان من أحد حتى يقولا إنما نحن فتنة فلا تكفر فيتعلمون منهما ما يفرقون به بين المرء وزوجه وما هم بضارين به من أحد إلا بإذن الله ويتعلمون ما يضرهم ولا ينفعهم ولقد علموا لمن اشتراه ما له في الآخرة من خلاق ولبئس ما شروا به أنفسهم لو كانوا يعلمون
2	103	12	1	yaEolamu	يَعْلَمُ	Ealima	V	STEM|POS:V|IMPF|LEM:Ealima|ROOT:Elm|3MP	وَلَوْ أَنَّهُمْ ءَامَنُوا۟ وَٱتَّقَوْا۟ لَمَثُوبَةٌ مِّنْ عِندِ ٱللَّهِ خَيْرٌ لَّوْ كَانُوا۟ يَعْلَمُونَ	ولو أنهم آمنوا واتقوا لمثوبة من عند الله خير لو كانوا يعلمون
2	106	13	1	taEolamo	تَعْلَمْ	Ealima	V	STEM|POS:V|IMPF|LEM:Ealima|ROOT:Elm|2MS|MOOD:JUS	مَا نَنسَخْ مِنْ ءَايَةٍ أَوْ نُنسِهَا نَأْتِ بِخَيْرٍ مِّنْهَآ أَوْ مِثْلِهَآ أَلَمْ تَعْلَمْ أَنَّ ٱللَّهَ عَلَىٰ كُلِّ شَىْءٍ قَدِيرٌ	ما ننسخ من آية أو ننسها نأت بخير منها أو مثلها ألم تعلم أن الله على كل شيء قدير
2	107	2	1	taEolamo	تَعْلَمْ	Ealima	V	STEM|POS:V|IMPF|LEM:Ealima|ROOT:Elm|2MS|MOOD:JUS	أَلَمْ تَعْلَمْ أَنَّ ٱللَّهَ لَهُۥ مُلْكُ ٱلسَّمَٰوَٰتِ وَٱلْأَرْضِ وَمَا لَكُم مِّن دُونِ ٱللَّهِ مِن وَلِىٍّ وَلَا نَصِيرٍ	ألم تعلم أن الله له ملك السماوات والأرض وما لكم من دون الله من ولي ولا نصير
2	113	20	1	yaEolamu	يَعْلَمُ	Ealima	V	STEM|POS:V|IMPF|LEM:Ealima|ROOT:Elm|3MP	وَقَالَتِ ٱلْيَهُودُ لَيْسَتِ ٱلنَّصَٰرَىٰ عَلَىٰ شَىْءٍ وَقَالَتِ ٱلنَّصَٰرَىٰ لَيْسَتِ ٱلْيَهُودُ عَلَىٰ شَىْءٍ وَهُمْ يَتْلُونَ ٱلْكِتَٰبَ كَذَٰلِكَ قَالَ ٱلَّذِينَ لَا يَعْلَمُونَ مِثْلَ قَوْلِهِمْ فَٱللَّهُ يَحْكُمُ بَيْنَهُمْ يَوْمَ ٱلْقِيَٰمَةِ فِيمَا كَانُوا۟ فِيهِ يَخْتَلِفُونَ	وقالت اليهود ليست النصارى على شيء وقالت النصارى ليست اليهود على شيء وهم يتلون الكتاب كذلك قال الذين لا يعلمون مثل قولهم فالله يحكم بينهم يوم القيامة فيما كانوا فيه يختلفون
2	115	12	1	EaliymN	عَلِيمٌ	Ealiym	ADJ	STEM|POS:ADJ|LEM:Ealiym|ROOT:Elm|MS|INDEF|NOM	وَلِلَّهِ ٱلْمَشْرِقُ وَٱلْمَغْرِبُ فَأَيْنَمَا تُوَلُّوا۟ فَثَمَّ وَجْهُ ٱللَّهِ إِنَّ ٱللَّهَ وَٰسِعٌ عَلِيمٌ	ولله المشرق والمغرب فأينما تولوا فثم وجه الله إن الله واسع عليم
2	118	4	1	yaEolamu	يَعْلَمُ	Ealima	V	STEM|POS:V|IMPF|LEM:Ealima|ROOT:Elm|3MP	وَقَالَ ٱلَّذِينَ لَا يَعْلَمُونَ لَوْلَا يُكَلِّمُنَا ٱللَّهُ أَوْ تَأْتِينَآ ءَايَةٌ كَذَٰلِكَ قَالَ ٱلَّذِينَ مِن قَبْلِهِم مِّثْلَ قَوْلِهِمْ تَشَٰبَهَتْ قُلُوبُهُمْ قَدْ بَيَّنَّا ٱلْـَٔايَٰتِ لِقَوْمٍ يُوقِنُونَ	وقال الذين لا يعلمون لولا يكلمنا الله أو تأتينا آية كذلك قال الذين من قبلهم مثل قولهم تشابهت قلوبهم قد بينا الآيات لقوم يوقنون
2	120	23	2	Eilomi	عِلْمِ	Eilom	N	STEM|POS:N|LEM:Eilom|ROOT:Elm|M|GEN	وَلَن تَرْضَىٰ عَنكَ ٱلْيَهُودُ وَلَا ٱلنَّصَٰرَىٰ حَتَّىٰ تَتَّبِعَ مِلَّتَهُمْ قُلْ إِنَّ هُدَى ٱللَّهِ هُوَ ٱلْهُدَىٰ وَلَئِنِ ٱتَّبَعْتَ أَهْوَآءَهُم بَعْدَ ٱلَّذِى جَآءَكَ مِنَ ٱلْعِلْمِ مَا لَكَ مِنَ ٱللَّهِ مِن وَلِىٍّ وَلَا نَصِيرٍ	ولن ترضى عنك اليهود ولا النصارى حتى تتبع ملتهم قل إن هدى الله هو الهدى ولئن اتبعت أهواءهم بعد الذي جاءك من العلم ما لك من الله من ولي ولا نصير
2	122	11	2	Ea`lamiyna	عَٰلَمِينَ	Ea`lamiyn	N	STEM|POS:N|LEM:Ea`lamiyn|ROOT:Elm|MP|GEN	يَٰبَنِىٓ إِسْرَٰٓءِيلَ ٱذْكُرُوا۟ نِعْمَتِىَ ٱلَّتِىٓ أَنْعَمْتُ عَلَيْكُمْ وَأَنِّى فَضَّلْتُكُمْ عَلَى ٱلْعَٰلَمِينَ	يا بني إسرائيل اذكروا نعمتي التي أنعمت عليكم وأني فضلتكم على العالمين
2	127	14	2	Ealiymu	عَلِيمُ	Ealiym	ADJ	STEM|POS:ADJ|LEM:Ealiym|ROOT:Elm|MS|NOM	وَإِذْ يَرْفَعُ إِبْرَٰهِـۧمُ ٱلْقَوَاعِدَ مِنَ ٱلْبَيْتِ وَإِسْمَٰعِيلُ رَبَّنَا تَقَبَّلْ مِنَّآ إِنَّكَ أَنتَ ٱلسَّمِيعُ ٱلْعَلِيمُ	وإذ يرفع إبراهيم القواعد من البيت وإسماعيل ربنا تقبل منا إنك أنت السميع العليم
2	129	9	2	yuEal~imu	يُعَلِّمُ	Eal~ama	V	STEM|POS:V|IMPF|(II)|LEM:Eal~ama|ROOT:Elm|3MS	رَبَّنَا وَٱبْعَثْ فِيهِمْ رَسُولًا مِّنْهُمْ يَتْلُوا۟ عَلَيْهِمْ ءَايَٰتِكَ وَيُعَلِّمُهُمُ ٱلْكِتَٰبَ وَٱلْحِكْمَةَ وَيُزَكِّيهِمْ إِنَّكَ أَنتَ ٱلْعَزِيزُ ٱلْحَكِيمُ	ربنا وابعث فيهم رسولا منهم يتلو عليهم آياتك ويعلمهم الكتاب والحكمة ويزكيهم إنك أنت العزيز الحكيم
2	131	9	2	Ea`lamiyna	عَٰلَمِينَ	Ea`lamiyn	N	STEM|POS:N|LEM:Ea`lamiyn|ROOT:Elm|MP|GEN	إِذْ قَالَ لَهُۥ رَبُّهُۥٓ أَسْلِمْ قَالَ أَسْلَمْتُ لِرَبِّ ٱلْعَٰلَمِينَ	إذ قال له ربه أسلم قال أسلمت لرب العالمين
2	137	19	2	Ealiymu	عَلِيمُ	Ealiym	ADJ	STEM|POS:ADJ|LEM:Ealiym|ROOT:Elm|MS|NOM	فَإِنْ ءَامَنُوا۟ بِمِثْلِ مَآ ءَامَنتُم بِهِۦ فَقَدِ ٱهْتَدَوا۟ وَّإِن تَوَلَّوْا۟ فَإِنَّمَا هُمْ فِى شِقَاقٍ فَسَيَكْفِيكَهُمُ ٱللَّهُ وَهُوَ ٱلسَّمِيعُ ٱلْعَلِيمُ	فإن آمنوا بمثل ما آمنتم به فقد اهتدوا وإن تولوا فإنما هم في شقاق فسيكفيكهم الله وهو السميع العليم
2	140	15	1	>aEolamu	أَعْلَمُ	>aEolam	N	STEM|POS:N|LEM:>aEolam|ROOT:Elm|MS|NOM	أَمْ تَقُولُونَ إِنَّ إِبْرَٰهِـۧمَ وَإِسْمَٰعِيلَ وَإِسْحَٰقَ وَيَعْقُوبَ وَٱلْأَسْبَاطَ كَانُوا۟ هُودًا أَوْ نَصَٰرَىٰ قُلْ ءَأَنتُمْ أَعْلَمُ أَمِ ٱللَّهُ وَمَنْ أَظْلَمُ مِمَّن كَتَمَ شَهَٰدَةً عِندَهُۥ مِنَ ٱللَّهِ وَمَا ٱللَّهُ بِغَٰفِلٍ عَمَّا تَعْمَلُونَ	أم تقولون إن إبراهيم وإسماعيل وإسحاق ويعقوب والأسباط كانوا هودا أو نصارى قل أأنتم أعلم أم الله ومن أظلم ممن كتم شهادة عنده من الله وما الله بغافل عما تعملون
2	143	20	2	naEolama	نَعْلَمَ	Ealima	V	STEM|POS:V|IMPF|LEM:Ealima|ROOT:Elm|1P|MOOD:SUBJ	وَكَذَٰلِكَ جَعَلْنَٰكُمْ أُمَّةً وَسَطًا لِّتَكُونُوا۟ شُهَدَآءَ عَلَى ٱلنَّاسِ وَيَكُونَ ٱلرَّسُولُ عَلَيْكُمْ شَهِيدًا وَمَا جَعَلْنَا ٱلْقِبْلَةَ ٱلَّتِى كُنتَ عَلَيْهَآ إِلَّا لِنَعْلَمَ مَن يَتَّبِعُ ٱلرَّسُولَ مِمَّن يَنقَلِبُ عَلَىٰ عَقِبَيْهِ وَإِن كَانَتْ لَكَبِيرَةً إِلَّا عَلَى ٱلَّذِينَ هَدَى ٱللَّهُ وَمَا كَانَ ٱللَّهُ لِيُضِيعَ إِيمَٰنَكُمْ إِنَّ ٱللَّهَ بِٱلنَّاسِ لَرَءُوفٌ رَّحِيمٌ	وكذلك جعلناكم أمة وسطا لتكونوا شهداء على الناس ويكون الرسول عليكم شهيدا وما جعلنا القبلة التي كنت عليها إلا لنعلم من يتبع الرسول ممن ينقلب على عقبيه وإن كانت لكبيرة إلا على الذين هدى الله وما كان الله ليضيع إيمانكم إن الله بالناس لرءوف رحيم
2	144	25	2	yaEolamu	يَعْلَمُ	Ealima	V	STEM|POS:V|IMPF|LEM:Ealima|ROOT:Elm|3MP	قَدْ نَرَىٰ تَقَلُّبَ وَجْهِكَ فِى ٱلسَّمَآءِ فَلَنُوَلِّيَنَّكَ قِبْلَةً تَرْضَىٰهَا فَوَلِّ وَجْهَكَ شَطْرَ ٱلْمَسْجِدِ ٱلْحَرَامِ وَحَيْثُ مَا كُنتُمْ فَوَلُّوا۟ وُجُوهَكُمْ شَطْرَهُۥ وَإِنَّ ٱلَّذِينَ أُوتُوا۟ ٱلْكِتَٰبَ لَيَعْلَمُونَ أَنَّهُ ٱلْحَقُّ مِن رَّبِّهِمْ وَمَا ٱللَّهُ بِغَٰفِلٍ عَمَّا يَعْمَلُونَ	قد نرى تقلب وجهك في السماء فلنولينك قبلة ترضاها فول وجهك شطر المسجد الحرام وحيث ما كنتم فولوا وجوهكم شطره وإن الذين أوتوا الكتاب ليعلمون أنه الحق من ربهم وما الله بغافل عما يعملون
2	145	28	2	Eilomi	عِلْمِ	Eilom	N	STEM|POS:N|LEM:Eilom|ROOT:Elm|M|GEN	وَلَئِنْ أَتَيْتَ ٱلَّذِينَ أُوتُوا۟ ٱلْكِتَٰبَ بِكُلِّ ءَايَةٍ مَّا تَبِعُوا۟ قِبْلَتَكَ وَمَآ أَنتَ بِتَابِعٍ قِبْلَتَهُمْ وَمَا بَعْضُهُم بِتَابِعٍ قِبْلَةَ بَعْضٍ وَلَئِنِ ٱتَّبَعْتَ أَهْوَآءَهُم مِّنۢ بَعْدِ مَا جَآءَكَ مِنَ ٱلْعِلْمِ إِنَّكَ إِذًا لَّمِنَ ٱلظَّٰلِمِينَ	ولئن أتيت الذين أوتوا الكتاب بكل آية ما تبعوا قبلتك وما أنت بتابع قبلتهم وما بعضهم بتابع قبلة بعض ولئن اتبعت أهواءهم من بعد ما جاءك من العلم إنك إذا لمن الظالمين
2	146	14	1	yaEolamu	يَعْلَمُ	Ealima	V	STEM|POS:V|IMPF|LEM:Ealima|ROOT:Elm|3MP	ٱلَّذِينَ ءَاتَيْنَٰهُمُ ٱلْكِتَٰبَ يَعْرِفُونَهُۥ كَمَا يَعْرِفُونَ أَبْنَآءَهُمْ وَإِنَّ فَرِيقًا مِّنْهُمْ لَيَكْتُمُونَ ٱلْحَقَّ وَهُمْ يَعْلَمُونَ	الذين آتيناهم الكتاب يعرفونه كما يعرفون أبناءهم وإن فريقا منهم ليكتمون الحق وهم يعلمون
2	151	10	2	yuEal~imu	يُعَلِّمُ	Eal~ama	V	STEM|POS:V|IMPF|(II)|LEM:Eal~ama|ROOT:Elm|3MS	كَمَآ أَرْسَلْنَا فِيكُمْ رَسُولًا مِّنكُمْ يَتْلُوا۟ عَلَيْكُمْ ءَايَٰتِنَا وَيُزَكِّيكُمْ وَيُعَلِّمُكُمُ ٱلْكِتَٰبَ وَٱلْحِكْمَةَ وَيُعَلِّمُكُم مَّا لَمْ تَكُونُوا۟ تَعْلَمُونَ	كما أرسلنا فيكم رسولا منكم يتلو عليكم آياتنا ويزكيكم ويعلمكم الكتاب والحكمة ويعلمكم ما لم تكونوا تعلمون
2	151	13	2	yuEal~imu	يُعَلِّمُ	Eal~ama	V	STEM|POS:V|IMPF|(II)|LEM:Eal~ama|ROOT:Elm|3MS	كَمَآ أَرْسَلْنَا فِيكُمْ رَسُولًا مِّنكُمْ يَتْلُوا۟ عَلَيْكُمْ ءَايَٰتِنَا وَيُزَكِّيكُمْ وَيُعَلِّمُكُمُ ٱلْكِتَٰبَ وَٱلْحِكْمَةَ وَيُعَلِّمُكُم مَّا لَمْ تَكُونُوا۟ تَعْلَمُونَ	كما أرسلنا فيكم رسولا منكم يتلو عليكم آياتنا ويزكيكم ويعلمكم الكتاب والحكمة ويعلمكم ما لم تكونوا تعلمون
2	151	17	1	taEolamu	تَعْلَمُ	Ealima	V	STEM|POS:V|IMPF|LEM:Ealima|ROOT:Elm|2MP	كَمَآ أَرْسَلْنَا فِيكُمْ رَسُولًا مِّنكُمْ يَتْلُوا۟ عَلَيْكُمْ ءَايَٰتِنَا وَيُزَكِّيكُمْ وَيُعَلِّمُكُمُ ٱلْكِتَٰبَ وَٱلْحِكْمَةَ وَيُعَلِّمُكُم مَّا لَمْ تَكُونُوا۟ تَعْلَمُونَ	كما أرسلنا فيكم رسولا منكم يتلو عليكم آياتنا ويزكيكم ويعلمكم الكتاب والحكمة ويعلمكم ما لم تكونوا تعلمون
2	158	24	1	EaliymN	عَلِيمٌ	Ealiym	ADJ	STEM|POS:ADJ|LEM:Ealiym|ROOT:Elm|MS|INDEF|NOM	إِنَّ ٱلصَّفَا وَٱلْمَرْوَةَ مِن شَعَآئِرِ ٱللَّهِ فَمَنْ حَجَّ ٱلْبَيْتَ أَوِ ٱعْتَمَرَ فَلَا جُنَاحَ عَلَيْهِ أَن يَطَّوَّفَ بِهِمَا وَمَن تَطَوَّعَ خَيْرًا فَإِنَّ ٱللَّهَ شَاكِرٌ عَلِيمٌ	إن الصفا والمروة من شعائر الله فمن حج البيت أو اعتمر فلا جناح عليه أن يطوف بهما ومن تطوع خيرا فإن الله شاكر عليم
2	169	11	1	taEolamu	تَعْلَمُ	Ealima	V	STEM|POS:V|IMPF|LEM:Ealima|ROOT:Elm|2MP	إِنَّمَا يَأْمُرُكُم بِٱلسُّوٓءِ وَٱلْفَحْشَآءِ وَأَن تَقُولُوا۟ عَلَى ٱللَّهِ مَا لَا تَعْلَمُونَ	إنما يأمركم بالسوء والفحشاء وأن تقولوا على الله ما لا تعلمون
2	181	13	1	EaliymN	عَلِيمٌ	Ealiym	ADJ	STEM|POS:ADJ|LEM:Ealiym|ROOT:Elm|MS|INDEF|NOM	فَمَنۢ بَدَّلَهُۥ بَعْدَ مَا سَمِعَهُۥ فَإِنَّمَآ إِثْمُهُۥ عَلَى ٱلَّذِينَ يُبَدِّلُونَهُۥٓ إِنَّ ٱللَّهَ سَمِيعٌ عَلِيمٌ	فمن بدله بعد ما سمعه فإنما إثمه على الذين يبدلونه إن الله سميع عليم
2	184	32	1	taEolamu	تَعْلَمُ	Ealima	V	STEM|POS:V|IMPF|LEM:Ealima|ROOT:Elm|2MP	أَيَّامًا مَّعْدُودَٰتٍ فَمَن كَانَ مِنكُم مَّرِيضًا أَوْ عَلَىٰ سَفَرٍ فَعِدَّةٌ مِّنْ أَيَّامٍ أُخَرَ وَعَلَى ٱلَّذِينَ يُطِيقُونَهُۥ فِدْيَةٌ طَعَامُ مِسْكِينٍ فَمَن تَطَوَّعَ خَيْرًا فَهُوَ خَيْرٌ لَّهُۥ وَأَن تَصُومُوا۟ خَيْرٌ لَّكُمْ إِن كُنتُمْ تَعْلَمُونَ	أياما معدودات فمن كان منكم مريضا أو على سفر فعدة من أيام أخر وعلى الذين يطيقونه فدية طعام مسكين فمن تطوع خيرا فهو خير له وأن تصوموا خير لكم إن كنتم تعلمون
2	187	14	1	Ealima	عَلِمَ	Ealima	V	STEM|POS:V|PERF|LEM:Ealima|ROOT:Elm|3MS	أُحِلَّ لَكُمْ لَيْلَةَ ٱلصِّيَامِ ٱلرَّفَثُ إِلَىٰ نِسَآئِكُمْ هُنَّ لِبَاسٌ لَّكُمْ وَأَنتُمْ لِبَاسٌ لَّهُنَّ عَلِمَ ٱللَّهُ أَنَّكُمْ كُنتُمْ تَخْتَانُونَ أَنفُسَكُمْ فَتَابَ عَلَيْكُمْ وَعَفَا عَنكُمْ فَٱلْـَٰٔنَ بَٰشِرُوهُنَّ وَٱبْتَغُوا۟ مَا كَتَبَ ٱللَّهُ لَكُمْ وَكُلُوا۟ وَٱشْرَبُوا۟ حَتَّىٰ يَتَبَيَّنَ لَكُمُ ٱلْخَيْطُ ٱلْأَبْيَضُ مِنَ ٱلْخَيْطِ ٱلْأَسْوَدِ مِنَ ٱلْفَجْرِ ثُمَّ أَتِمُّوا۟ ٱلصِّيَامَ إِلَى ٱلَّيْلِ وَلَا تُبَٰشِرُوهُنَّ وَأَنتُمْ عَٰكِفُونَ فِى ٱلْمَسَٰجِدِ تِلْكَ حُدُودُ ٱللَّهِ فَلَا تَقْرَبُوهَا كَذَٰلِكَ يُبَيِّنُ ٱللَّهُ ءَايَٰتِهِۦ لِلنَّاسِ لَعَلَّهُمْ يَتَّقُونَ	أحل لكم ليلة الصيام الرفث إلى نسائكم هن لباس لكم وأنتم لباس لهن علم الله أنكم كنتم تختانون أنفسكم فتاب عليكم وعفا عنكم فالآن باشروهن وابتغوا ما كتب الله لكم وكلوا واشربوا حتى يتبين لكم الخيط الأبيض من الخيط الأسود من الفجر ثم أتموا الصيام إلى الليل ولا تباشروهن وأنتم عاكفون في المساجد تلك حدود الله فلا تقربوها كذلك يبين الله آياته للناس لعلهم يتقون
2	188	17	1	taEolamu	تَعْلَمُ	Ealima	V	STEM|POS:V|IMPF|LEM:Ealima|ROOT:Elm|2MP	وَلَا تَأْكُلُوٓا۟ أَمْوَٰلَكُم بَيْنَكُم بِٱلْبَٰطِلِ وَتُدْلُوا۟ بِهَآ إِلَى ٱلْحُكَّامِ لِتَأْكُلُوا۟ فَرِيقًا مِّنْ أَمْوَٰلِ ٱلنَّاسِ بِٱلْإِثْمِ وَأَنتُمْ تَعْلَمُونَ	ولا تأكلوا أموالكم بينكم بالباطل وتدلوا بها إلى الحكام لتأكلوا فريقا من أموال الناس بالإثم وأنتم تعلمون
2	194	18	2	{Eolamu	ٱعْلَمُ	Ealima	V	STEM|POS:V|IMPV|LEM:Ealima|ROOT:Elm|2MP	ٱلشَّهْرُ ٱلْحَرَامُ بِٱلشَّهْرِ ٱلْحَرَامِ وَٱلْحُرُمَٰتُ قِصَاصٌ فَمَنِ ٱعْتَدَىٰ عَلَيْكُمْ فَٱعْتَدُوا۟ عَلَيْهِ بِمِثْلِ مَا ٱعْتَدَىٰ عَلَيْكُمْ وَٱتَّقُوا۟ ٱللَّهَ وَٱعْلَمُوٓا۟ أَنَّ ٱللَّهَ مَعَ ٱلْمُتَّقِينَ	الشهر الحرام بالشهر الحرام والحرمات قصاص فمن اعتدى عليكم فاعتدوا عليه بمثل ما اعتدى عليكم واتقوا الله واعلموا أن الله مع المتقين
2	196	69	2	{Eolamu	ٱعْلَمُ	Ealima	V	STEM|POS:V|IMPV|LEM:Ealima|ROOT:Elm|2MP	وَأَتِمُّوا۟ ٱلْحَجَّ وَٱلْعُمْرَةَ لِلَّهِ فَإِنْ أُحْصِرْتُمْ فَمَا ٱسْتَيْسَرَ مِنَ ٱلْهَدْىِ وَلَا تَحْلِقُوا۟ رُءُوسَكُمْ حَتَّىٰ يَبْلُغَ ٱلْهَدْىُ مَحِلَّهُۥ فَمَن كَانَ مِنكُم مَّرِيضًا أَوْ بِهِۦٓ أَذًى مِّن رَّأْسِهِۦ فَفِدْيَةٌ مِّن صِيَامٍ أَوْ صَدَقَةٍ أَوْ نُسُكٍ فَإِذَآ أَمِنتُمْ فَمَن تَمَتَّعَ بِٱلْعُمْرَةِ إِلَى ٱلْحَجِّ فَمَا ٱسْتَيْسَرَ مِنَ ٱلْهَدْىِ فَمَن لَّمْ يَجِدْ فَصِيَامُ ثَلَٰثَةِ أَيَّامٍ فِى ٱلْحَجِّ وَسَبْعَةٍ إِذَا رَجَعْتُمْ تِلْكَ عَشَرَةٌ كَامِلَةٌ ذَٰلِكَ لِمَن لَّمْ يَكُنْ أَهْلُهُۥ حَاضِرِى ٱلْمَسْجِدِ ٱلْحَرَامِ وَٱتَّقُوا۟ ٱللَّهَ وَٱعْلَمُوٓا۟ أَنَّ ٱللَّهَ شَدِيدُ ٱلْعِقَابِ	وأتموا الحج والعمرة لله فإن أحصرتم فما استيسر من الهدي ولا تحلقوا رءوسكم حتى يبلغ الهدي محله فمن كان منكم مريضا أو به أذى من رأسه ففدية من صيام أو صدقة أو نسك فإذا أمنتم فمن تمتع بالعمرة إلى الحج فما استيسر من الهدي فمن لم يجد فصيام ثلاثة أيام في الحج وسبعة إذا رجعتم تلك عشرة كاملة ذلك لمن لم يكن أهله حاضري المسجد الحرام واتقوا الله واعلموا أن الله شديد العقاب
2	197	3	1	m~aEoluwma`tN	مَّعْلُومَٰتٌ	m~aEoluwma`t	ADJ	STEM|POS:ADJ|LEM:m~aEoluwma`t|ROOT:Elm|MP|INDEF|NOM	ٱلْحَجُّ أَشْهُرٌ مَّعْلُومَٰتٌ فَمَن فَرَضَ فِيهِنَّ ٱلْحَجَّ فَلَا رَفَثَ وَلَا فُسُوقَ وَلَا جِدَالَ فِى ٱلْحَجِّ وَمَا تَفْعَلُوا۟ مِنْ خَيْرٍ يَعْلَمْهُ ٱللَّهُ وَتَزَوَّدُوا۟ فَإِنَّ خَيْرَ ٱلزَّادِ ٱلتَّقْوَىٰ وَٱتَّقُونِ يَٰٓأُو۟لِى ٱلْأَلْبَٰبِ	الحج أشهر معلومات فمن فرض فيهن الحج فلا رفث ولا فسوق ولا جدال في الحج وما تفعلوا من خير يعلمه الله وتزودوا فإن خير الزاد التقوى واتقون يا أولي الألباب
2	197	20	1	yaEolamo	يَعْلَمْ	Ealima	V	STEM|POS:V|IMPF|LEM:Ealima|ROOT:Elm|3MS|MOOD:JUS	ٱلْحَجُّ أَشْهُرٌ مَّعْلُومَٰتٌ فَمَن فَرَضَ فِيهِنَّ ٱلْحَجَّ فَلَا رَفَثَ وَلَا فُسُوقَ وَلَا جِدَالَ فِى ٱلْحَجِّ وَمَا تَفْعَلُوا۟ مِنْ خَيْرٍ يَعْلَمْهُ ٱللَّهُ وَتَزَوَّدُوا۟ فَإِنَّ خَيْرَ ٱلزَّادِ ٱلتَّقْوَىٰ وَٱتَّقُونِ يَٰٓأُو۟لِى ٱلْأَلْبَٰبِ	الحج أشهر معلومات فمن فرض فيهن الحج فلا رفث ولا فسوق ولا جدال في الحج وما تفعلوا من خير يعلمه الله وتزودوا فإن خير الزاد التقوى واتقون يا أولي الألباب
2	203	22	2	{Eolamu	ٱعْلَمُ	Ealima	V	STEM|POS:V|IMPV|LEM:Ealima|ROOT:Elm|2MP	وَٱذْكُرُوا۟ ٱللَّهَ فِىٓ أَيَّامٍ مَّعْدُودَٰتٍ فَمَن تَعَجَّلَ فِى يَوْمَيْنِ فَلَآ إِثْمَ عَلَيْهِ وَمَن تَأَخَّرَ فَلَآ إِثْمَ عَلَيْهِ لِمَنِ ٱتَّقَىٰ وَٱتَّقُوا۟ ٱللَّهَ وَٱعْلَمُوٓا۟ أَنَّكُمْ إِلَيْهِ تُحْشَرُونَ	واذكروا الله في أيام معدودات فمن تعجل في يومين فلا إثم عليه ومن تأخر فلا إثم عليه لمن اتقى واتقوا الله واعلموا أنكم إليه تحشرون
2	209	8	2	{Eolamu	ٱعْلَمُ	Ealima	V	STEM|POS:V|IMPV|LEM:Ealima|ROOT:Elm|2MP	فَإِن زَلَلْتُم مِّنۢ بَعْدِ مَا جَآءَتْكُمُ ٱلْبَيِّنَٰتُ فَٱعْلَمُوٓا۟ أَنَّ ٱللَّهَ عَزِيزٌ حَكِيمٌ	فإن زللتم من بعد ما جاءتكم البينات فاعلموا أن الله عزيز حكيم
2	215	22	1	EaliymN	عَلِيمٌ	Ealiym	N	STEM|POS:N|LEM:Ealiym|ROOT:Elm|MS|INDEF|NOM	يَسْـَٔلُونَكَ مَاذَا يُنفِقُونَ قُلْ مَآ أَنفَقْتُم مِّنْ خَيْرٍ فَلِلْوَٰلِدَيْنِ وَٱلْأَقْرَبِينَ وَٱلْيَتَٰمَىٰ وَٱلْمَسَٰكِينِ وَٱبْنِ ٱلسَّبِيلِ وَمَا تَفْعَلُوا۟ مِنْ خَيْرٍ فَإِنَّ ٱللَّهَ بِهِۦ عَلِيمٌ	يسألونك ماذا ينفقون قل ما أنفقتم من خير فللوالدين والأقربين واليتامى والمساكين وابن السبيل وما تفعلوا من خير فإن الله به عليم
2	216	22	1	yaEolamu	يَعْلَمُ	Ealima	V	STEM|POS:V|IMPF|LEM:Ealima|ROOT:Elm|3MS	كُتِبَ عَلَيْكُمُ ٱلْقِتَالُ وَهُوَ كُرْهٌ لَّكُمْ وَعَسَىٰٓ أَن تَكْرَهُوا۟ شَيْـًٔا وَهُوَ خَيْرٌ لَّكُمْ وَعَسَىٰٓ أَن تُحِبُّوا۟ شَيْـًٔا وَهُوَ شَرٌّ لَّكُمْ وَٱللَّهُ يَعْلَمُ وَأَنتُمْ لَا تَعْلَمُونَ	كتب عليكم القتال وهو كره لكم وعسى أن تكرهوا شيئا وهو خير لكم وعسى أن تحبوا شيئا وهو شر لكم والله يعلم وأنتم لا تعلمون
2	216	25	1	taEolamu	تَعْلَمُ	Ealima	V	STEM|POS:V|IMPF|LEM:Ealima|ROOT:Elm|2MP	كُتِبَ عَلَيْكُمُ ٱلْقِتَالُ وَهُوَ كُرْهٌ لَّكُمْ وَعَسَىٰٓ أَن تَكْرَهُوا۟ شَيْـًٔا وَهُوَ خَيْرٌ لَّكُمْ وَعَسَىٰٓ أَن تُحِبُّوا۟ شَيْـًٔا وَهُوَ شَرٌّ لَّكُمْ وَٱللَّهُ يَعْلَمُ وَأَنتُمْ لَا تَعْلَمُونَ	كتب عليكم القتال وهو كره لكم وعسى أن تكرهوا شيئا وهو خير لكم وعسى أن تحبوا شيئا وهو شر لكم والله يعلم وأنتم لا تعلمون
2	220	15	1	yaEolamu	يَعْلَمُ	Ealima	V	STEM|POS:V|IMPF|LEM:Ealima|ROOT:Elm|3MS	فِى ٱلدُّنْيَا وَٱلْـَٔاخِرَةِ وَيَسْـَٔلُونَكَ عَنِ ٱلْيَتَٰمَىٰ قُلْ إِصْلَاحٌ لَّهُمْ خَيْرٌ وَإِن تُخَالِطُوهُمْ فَإِخْوَٰنُكُمْ وَٱللَّهُ يَعْلَمُ ٱلْمُفْسِدَ مِنَ ٱلْمُصْلِحِ وَلَوْ شَآءَ ٱللَّهُ لَأَعْنَتَكُمْ إِنَّ ٱللَّهَ عَزِيزٌ حَكِيمٌ	في الدنيا والآخرة ويسألونك عن اليتامى قل إصلاح لهم خير وإن تخالطوهم فإخوانكم والله يعلم المفسد من المصلح ولو شاء الله لأعنتكم إن الله عزيز حكيم
2	223	12	2	{Eolamu	ٱعْلَمُ	Ealima	V	STEM|POS:V|IMPV|LEM:Ealima|ROOT:Elm|2MP	نِسَآؤُكُمْ حَرْثٌ لَّكُمْ فَأْتُوا۟ حَرْثَكُمْ أَنَّىٰ شِئْتُمْ وَقَدِّمُوا۟ لِأَنفُسِكُمْ وَٱتَّقُوا۟ ٱللَّهَ وَٱعْلَمُوٓا۟ أَنَّكُم مُّلَٰقُوهُ وَبَشِّرِ ٱلْمُؤْمِنِينَ	نساؤكم حرث لكم فأتوا حرثكم أنى شئتم وقدموا لأنفسكم واتقوا الله واعلموا أنكم ملاقوه وبشر المؤمنين
2	224	14	1	EaliymN	عَلِيمٌ	Ealiym	ADJ	STEM|POS:ADJ|LEM:Ealiym|ROOT:Elm|MS|INDEF|NOM	وَلَا تَجْعَلُوا۟ ٱللَّهَ عُرْضَةً لِّأَيْمَٰنِكُمْ أَن تَبَرُّوا۟ وَتَتَّقُوا۟ وَتُصْلِحُوا۟ بَيْنَ ٱلنَّاسِ وَٱللَّهُ سَمِيعٌ عَلِيمٌ	ولا تجعلوا الله عرضة لأيمانكم أن تبروا وتتقوا وتصلحوا بين الناس والله سميع عليم
2	227	7	1	EaliymN	عَلِيمٌ	Ealiym	ADJ	STEM|POS:ADJ|LEM:Ealiym|ROOT:Elm|MS|INDEF|NOM	وَإِنْ عَزَمُوا۟ ٱلطَّلَٰقَ فَإِنَّ ٱللَّهَ سَمِيعٌ عَلِيمٌ	وإن عزموا الطلاق فإن الله سميع عليم
2	230	30	1	yaEolamu	يَعْلَمُ	Ealima	V	STEM|POS:V|IMPF|LEM:Ealima|ROOT:Elm|3MP	فَإِن طَلَّقَهَا فَلَا تَحِلُّ لَهُۥ مِنۢ بَعْدُ حَتَّىٰ تَنكِحَ زَوْجًا غَيْرَهُۥ فَإِن طَلَّقَهَا فَلَا جُنَاحَ عَلَيْهِمَآ أَن يَتَرَاجَعَآ إِن ظَنَّآ أَن يُقِيمَا حُدُودَ ٱللَّهِ وَتِلْكَ حُدُودُ ٱللَّهِ يُبَيِّنُهَا لِقَوْمٍ يَعْلَمُونَ	فإن طلقها فلا تحل له من بعد حتى تنكح زوجا غيره فإن طلقها فلا جناح عليهما أن يتراجعا إن ظنا أن يقيما حدود الله وتلك حدود الله يبينها لقوم يعلمون
2	231	40	2	{Eolamu	ٱعْلَمُ	Ealima	V	STEM|POS:V|IMPV|LEM:Ealima|ROOT:Elm|2MP	وَإِذَا طَلَّقْتُمُ ٱلنِّسَآءَ فَبَلَغْنَ أَجَلَهُنَّ فَأَمْسِكُوهُنَّ بِمَعْرُوفٍ أَوْ سَرِّحُوهُنَّ بِمَعْرُوفٍ وَلَا تُمْسِكُوهُنَّ ضِرَارًا لِّتَعْتَدُوا۟ وَمَن يَفْعَلْ ذَٰلِكَ فَقَدْ ظَلَمَ نَفْسَهُۥ وَلَا تَتَّخِذُوٓا۟ ءَايَٰتِ ٱللَّهِ هُزُوًا وَٱذْكُرُوا۟ نِعْمَتَ ٱللَّهِ عَلَيْكُمْ وَمَآ أَنزَلَ عَلَيْكُم مِّنَ ٱلْكِتَٰبِ وَٱلْحِكْمَةِ يَعِظُكُم بِهِۦ وَٱتَّقُوا۟ ٱللَّهَ وَٱعْلَمُوٓا۟ أَنَّ ٱللَّهَ بِكُلِّ شَىْءٍ عَلِيمٌ	وإذا طلقتم النساء فبلغن أجلهن فأمسكوهن بمعروف أو سرحوهن بمعروف ولا تمسكوهن ضرارا لتعتدوا ومن يفعل ذلك فقد ظلم نفسه ولا تتخذوا آيات الله هزوا واذكروا نعمت الله عليكم وما أنزل عليكم من الكتاب والحكمة يعظكم به واتقوا الله واعلموا أن الله بكل شيء عليم
2	231	45	1	EaliymN	عَلِيمٌ	Ealiym	N	STEM|POS:N|LEM:Ealiym|ROOT:Elm|MS|INDEF|NOM	وَإِذَا طَلَّقْتُمُ ٱلنِّسَآءَ فَبَلَغْنَ أَجَلَهُنَّ فَأَمْسِكُوهُنَّ بِمَعْرُوفٍ أَوْ سَرِّحُوهُنَّ بِمَعْرُوفٍ وَلَا تُمْسِكُوهُنَّ ضِرَارًا لِّتَعْتَدُوا۟ وَمَن يَفْعَلْ ذَٰلِكَ فَقَدْ ظَلَمَ نَفْسَهُۥ وَلَا تَتَّخِذُوٓا۟ ءَايَٰتِ ٱللَّهِ هُزُوًا وَٱذْكُرُوا۟ نِعْمَتَ ٱللَّهِ عَلَيْكُمْ وَمَآ أَنزَلَ عَلَيْكُم مِّنَ ٱلْكِتَٰبِ وَٱلْحِكْمَةِ يَعِظُكُم بِهِۦ وَٱتَّقُوا۟ ٱللَّهَ وَٱعْلَمُوٓا۟ أَنَّ ٱللَّهَ بِكُلِّ شَىْءٍ عَلِيمٌ	وإذا طلقتم النساء فبلغن أجلهن فأمسكوهن بمعروف أو سرحوهن بمعروف ولا تمسكوهن ضرارا لتعتدوا ومن يفعل ذلك فقد ظلم نفسه ولا تتخذوا آيات الله هزوا واذكروا نعمت الله عليكم وما أنزل عليكم من الكتاب والحكمة يعظكم به واتقوا الله واعلموا أن الله بكل شيء عليم
2	232	30	1	yaEolamu	يَعْلَمُ	Ealima	V	STEM|POS:V|IMPF|LEM:Ealima|ROOT:Elm|3MS	وَإِذَا طَلَّقْتُمُ ٱلنِّسَآءَ فَبَلَغْنَ أَجَلَهُنَّ فَلَا تَعْضُلُوهُنَّ أَن يَنكِحْنَ أَزْوَٰجَهُنَّ إِذَا تَرَٰضَوْا۟ بَيْنَهُم بِٱلْمَعْرُوفِ ذَٰلِكَ يُوعَظُ بِهِۦ مَن كَانَ مِنكُمْ يُؤْمِنُ بِٱللَّهِ وَٱلْيَوْمِ ٱلْـَٔاخِرِ ذَٰلِكُمْ أَزْكَىٰ لَكُمْ وَأَطْهَرُ وَٱللَّهُ يَعْلَمُ وَأَنتُمْ لَا تَعْلَمُونَ	وإذا طلقتم النساء فبلغن أجلهن فلا تعضلوهن أن ينكحن أزواجهن إذا تراضوا بينهم بالمعروف ذلك يوعظ به من كان منكم يؤمن بالله واليوم الآخر ذلكم أزكى لكم وأطهر والله يعلم وأنتم لا تعلمون
2	232	33	1	taEolamu	تَعْلَمُ	Ealima	V	STEM|POS:V|IMPF|LEM:Ealima|ROOT:Elm|2MP	وَإِذَا طَلَّقْتُمُ ٱلنِّسَآءَ فَبَلَغْنَ أَجَلَهُنَّ فَلَا تَعْضُلُوهُنَّ أَن يَنكِحْنَ أَزْوَٰجَهُنَّ إِذَا تَرَٰضَوْا۟ بَيْنَهُم بِٱلْمَعْرُوفِ ذَٰلِكَ يُوعَظُ بِهِۦ مَن كَانَ مِنكُمْ يُؤْمِنُ بِٱللَّهِ وَٱلْيَوْمِ ٱلْـَٔاخِرِ ذَٰلِكُمْ أَزْكَىٰ لَكُمْ وَأَطْهَرُ وَٱللَّهُ يَعْلَمُ وَأَنتُمْ لَا تَعْلَمُونَ	وإذا طلقتم النساء فبلغن أجلهن فلا تعضلوهن أن ينكحن أزواجهن إذا تراضوا بينهم بالمعروف ذلك يوعظ به من كان منكم يؤمن بالله واليوم الآخر ذلكم أزكى لكم وأطهر والله يعلم وأنتم لا تعلمون
2	233	59	2	{Eolamu	ٱعْلَمُ	Ealima	V	STEM|POS:V|IMPV|LEM:Ealima|ROOT:Elm|2MP	وَٱلْوَٰلِدَٰتُ يُرْضِعْنَ أَوْلَٰدَهُنَّ حَوْلَيْنِ كَامِلَيْنِ لِمَنْ أَرَادَ أَن يُتِمَّ ٱلرَّضَاعَةَ وَعَلَى ٱلْمَوْلُودِ لَهُۥ رِزْقُهُنَّ وَكِسْوَتُهُنَّ بِٱلْمَعْرُوفِ لَا تُكَلَّفُ نَفْسٌ إِلَّا وُسْعَهَا لَا تُضَآرَّ وَٰلِدَةٌۢ بِوَلَدِهَا وَلَا مَوْلُودٌ لَّهُۥ بِوَلَدِهِۦ وَعَلَى ٱلْوَارِثِ مِثْلُ ذَٰلِكَ فَإِنْ أَرَادَا فِصَالًا عَن تَرَاضٍ مِّنْهُمَا وَتَشَاوُرٍ فَلَا جُنَاحَ عَلَيْهِمَا وَإِنْ أَرَدتُّمْ أَن تَسْتَرْضِعُوٓا۟ أَوْلَٰدَكُمْ فَلَا جُنَاحَ عَلَيْكُمْ إِذَا سَلَّمْتُم مَّآ ءَاتَيْتُم بِٱلْمَعْرُوفِ وَٱتَّقُوا۟ ٱللَّهَ وَٱعْلَمُوٓا۟ أَنَّ ٱللَّهَ بِمَا تَعْمَلُونَ بَصِيرٌ	والوالدات يرضعن أولادهن حولين كاملين لمن أراد أن يتم الرضاعة وعلى المولود له رزقهن وكسوتهن بالمعروف لا تكلف نفس إلا وسعها لا تضار والدة بولدها ولا مولود له بولده وعلى الوارث مثل ذلك فإن أرادا فصالا عن تراض منهما وتشاور فلا جناح عليهما وإن أردتم أن تسترضعوا أولادكم فلا جناح عليكم إذا سلمتم ما آتيتم بالمعروف واتقوا الله واعلموا أن الله بما تعملون بصير
2	235	14	1	Ealima	عَلِمَ	Ealima	V	STEM|POS:V|PERF|LEM:Ealima|ROOT:Elm|3MS	وَلَا جُنَاحَ عَلَيْكُمْ فِيمَا عَرَّضْتُم بِهِۦ مِنْ خِطْبَةِ ٱلنِّسَآءِ أَوْ أَكْنَنتُمْ فِىٓ أَنفُسِكُمْ عَلِمَ ٱللَّهُ أَنَّكُمْ سَتَذْكُرُونَهُنَّ وَلَٰكِن لَّا تُوَاعِدُوهُنَّ سِرًّا إِلَّآ أَن تَقُولُوا۟ قَوْلًا مَّعْرُوفًا وَلَا تَعْزِمُوا۟ عُقْدَةَ ٱلنِّكَاحِ حَتَّىٰ يَبْلُغَ ٱلْكِتَٰبُ أَجَلَهُۥ وَٱعْلَمُوٓا۟ أَنَّ ٱللَّهَ يَعْلَمُ مَا فِىٓ أَنفُسِكُمْ فَٱحْذَرُوهُ وَٱعْلَمُوٓا۟ أَنَّ ٱللَّهَ غَفُورٌ حَلِيمٌ	ولا جناح عليكم فيما عرضتم به من خطبة النساء أو أكننتم في أنفسكم علم الله أنكم ستذكرونهن ولكن لا تواعدوهن سرا إلا أن تقولوا قولا معروفا ولا تعزموا عقدة النكاح حتى يبلغ الكتاب أجله واعلموا أن الله يعلم ما في أنفسكم فاحذروه واعلموا أن الله غفور حليم
2	235	35	2	{Eolamu	ٱعْلَمُ	Ealima	V	STEM|POS:V|IMPV|LEM:Ealima|ROOT:Elm|2MP	وَلَا جُنَاحَ عَلَيْكُمْ فِيمَا عَرَّضْتُم بِهِۦ مِنْ خِطْبَةِ ٱلنِّسَآءِ أَوْ أَكْنَنتُمْ فِىٓ أَنفُسِكُمْ عَلِمَ ٱللَّهُ أَنَّكُمْ سَتَذْكُرُونَهُنَّ وَلَٰكِن لَّا تُوَاعِدُوهُنَّ سِرًّا إِلَّآ أَن تَقُولُوا۟ قَوْلًا مَّعْرُوفًا وَلَا تَعْزِمُوا۟ عُقْدَةَ ٱلنِّكَاحِ حَتَّىٰ يَبْلُغَ ٱلْكِتَٰبُ أَجَلَهُۥ وَٱعْلَمُوٓا۟ أَنَّ ٱللَّهَ يَعْلَمُ مَا فِىٓ أَنفُسِكُمْ فَٱحْذَرُوهُ وَٱعْلَمُوٓا۟ أَنَّ ٱللَّهَ غَفُورٌ حَلِيمٌ	ولا جناح عليكم فيما عرضتم به من خطبة النساء أو أكننتم في أنفسكم علم الله أنكم ستذكرونهن ولكن لا تواعدوهن سرا إلا أن تقولوا قولا معروفا ولا تعزموا عقدة النكاح حتى يبلغ الكتاب أجله واعلموا أن الله يعلم ما في أنفسكم فاحذروه واعلموا أن الله غفور حليم
2	235	38	1	yaEolamu	يَعْلَمُ	Ealima	V	STEM|POS:V|IMPF|LEM:Ealima|ROOT:Elm|3MS	وَلَا جُنَاحَ عَلَيْكُمْ فِيمَا عَرَّضْتُم بِهِۦ مِنْ خِطْبَةِ ٱلنِّسَآءِ أَوْ أَكْنَنتُمْ فِىٓ أَنفُسِكُمْ عَلِمَ ٱللَّهُ أَنَّكُمْ سَتَذْكُرُونَهُنَّ وَلَٰكِن لَّا تُوَاعِدُوهُنَّ سِرًّا إِلَّآ أَن تَقُولُوا۟ قَوْلًا مَّعْرُوفًا وَلَا تَعْزِمُوا۟ عُقْدَةَ ٱلنِّكَاحِ حَتَّىٰ يَبْلُغَ ٱلْكِتَٰبُ أَجَلَهُۥ وَٱعْلَمُوٓا۟ أَنَّ ٱللَّهَ يَعْلَمُ مَا فِىٓ أَنفُسِكُمْ فَٱحْذَرُوهُ وَٱعْلَمُوٓا۟ أَنَّ ٱللَّهَ غَفُورٌ حَلِيمٌ	ولا جناح عليكم فيما عرضتم به من خطبة النساء أو أكننتم في أنفسكم علم الله أنكم ستذكرونهن ولكن لا تواعدوهن سرا إلا أن تقولوا قولا معروفا ولا تعزموا عقدة النكاح حتى يبلغ الكتاب أجله واعلموا أن الله يعلم ما في أنفسكم فاحذروه واعلموا أن الله غفور حليم
2	235	43	2	{Eolamu	ٱعْلَمُ	Ealima	V	STEM|POS:V|IMPV|LEM:Ealima|ROOT:Elm|2MP	وَلَا جُنَاحَ عَلَيْكُمْ فِيمَا عَرَّضْتُم بِهِۦ مِنْ خِطْبَةِ ٱلنِّسَآءِ أَوْ أَكْنَنتُمْ فِىٓ أَنفُسِكُمْ عَلِمَ ٱللَّهُ أَنَّكُمْ سَتَذْكُرُونَهُنَّ وَلَٰكِن لَّا تُوَاعِدُوهُنَّ سِرًّا إِلَّآ أَن تَقُولُوا۟ قَوْلًا مَّعْرُوفًا وَلَا تَعْزِمُوا۟ عُقْدَةَ ٱلنِّكَاحِ حَتَّىٰ يَبْلُغَ ٱلْكِتَٰبُ أَجَلَهُۥ وَٱعْلَمُوٓا۟ أَنَّ ٱللَّهَ يَعْلَمُ مَا فِىٓ أَنفُسِكُمْ فَٱحْذَرُوهُ وَٱعْلَمُوٓا۟ أَنَّ ٱللَّهَ غَفُورٌ حَلِيمٌ	ولا جناح عليكم فيما عرضتم به من خطبة النساء أو أكننتم في أنفسكم علم الله أنكم ستذكرونهن ولكن لا تواعدوهن سرا إلا أن تقولوا قولا معروفا ولا تعزموا عقدة النكاح حتى يبلغ الكتاب أجله واعلموا أن الله يعلم ما في أنفسكم فاحذروه واعلموا أن الله غفور حليم
2	239	11	1	Eal~ama	عَلَّمَ	Eal~ama	V	STEM|POS:V|PERF|(II)|LEM:Eal~ama|ROOT:Elm|3MS	فَإِنْ خِفْتُمْ فَرِجَالًا أَوْ رُكْبَانًا فَإِذَآ أَمِنتُمْ فَٱذْكُرُوا۟ ٱللَّهَ كَمَا عَلَّمَكُم مَّا لَمْ تَكُونُوا۟ تَعْلَمُونَ	فإن خفتم فرجالا أو ركبانا فإذا أمنتم فاذكروا الله كما علمكم ما لم تكونوا تعلمون
2	239	15	1	taEolamu	تَعْلَمُ	Ealima	V	STEM|POS:V|IMPF|LEM:Ealima|ROOT:Elm|2MP	فَإِنْ خِفْتُمْ فَرِجَالًا أَوْ رُكْبَانًا فَإِذَآ أَمِنتُمْ فَٱذْكُرُوا۟ ٱللَّهَ كَمَا عَلَّمَكُم مَّا لَمْ تَكُونُوا۟ تَعْلَمُونَ	فإن خفتم فرجالا أو ركبانا فإذا أمنتم فاذكروا الله كما علمكم ما لم تكونوا تعلمون
2	244	5	2	{Eolamu	ٱعْلَمُ	Ealima	V	STEM|POS:V|IMPV|LEM:Ealima|ROOT:Elm|2MP	وَقَٰتِلُوا۟ فِى سَبِيلِ ٱللَّهِ وَٱعْلَمُوٓا۟ أَنَّ ٱللَّهَ سَمِيعٌ عَلِيمٌ	وقاتلوا في سبيل الله واعلموا أن الله سميع عليم
2	244	9	1	EaliymN	عَلِيمٌ	Ealiym	ADJ	STEM|POS:ADJ|LEM:Ealiym|ROOT:Elm|MS|INDEF|NOM	وَقَٰتِلُوا۟ فِى سَبِيلِ ٱللَّهِ وَٱعْلَمُوٓا۟ أَنَّ ٱللَّهَ سَمِيعٌ عَلِيمٌ	وقاتلوا في سبيل الله واعلموا أن الله سميع عليم
2	246	53	1	EaliymN[	عَلِيمٌ[	Ealiym	N	STEM|POS:N|LEM:Ealiym|ROOT:Elm|MS|INDEF|NOM	أَلَمْ تَرَ إِلَى ٱلْمَلَإِ مِنۢ بَنِىٓ إِسْرَٰٓءِيلَ مِنۢ بَعْدِ مُوسَىٰٓ إِذْ قَالُوا۟ لِنَبِىٍّ لَّهُمُ ٱبْعَثْ لَنَا مَلِكًا نُّقَٰتِلْ فِى سَبِيلِ ٱللَّهِ قَالَ هَلْ عَسَيْتُمْ إِن كُتِبَ عَلَيْكُمُ ٱلْقِتَالُ أَلَّا تُقَٰتِلُوا۟ قَالُوا۟ وَمَا لَنَآ أَلَّا نُقَٰتِلَ فِى سَبِيلِ ٱللَّهِ وَقَدْ أُخْرِجْنَا مِن دِيَٰرِنَا وَأَبْنَآئِنَا فَلَمَّا كُتِبَ عَلَيْهِمُ ٱلْقِتَالُ تَوَلَّوْا۟ إِلَّا قَلِيلًا مِّنْهُمْ وَٱللَّهُ عَلِيمٌۢ بِٱلظَّٰلِمِينَ	ألم تر إلى الملإ من بني إسرائيل من بعد موسى إذ قالوا لنبي لهم ابعث لنا ملكا نقاتل في سبيل الله قال هل عسيتم إن كتب عليكم القتال ألا تقاتلوا قالوا وما لنا ألا نقاتل في سبيل الله وقد أخرجنا من ديارنا وأبنائنا فلما كتب عليهم القتال تولوا إلا قليلا منهم والله عليم بالظالمين
2	247	34	2	Eilomi	عِلْمِ	Eilom	N	STEM|POS:N|LEM:Eilom|ROOT:Elm|M|GEN	وَقَالَ لَهُمْ نَبِيُّهُمْ إِنَّ ٱللَّهَ قَدْ بَعَثَ لَكُمْ طَالُوتَ مَلِكًا قَالُوٓا۟ أَنَّىٰ يَكُونُ لَهُ ٱلْمُلْكُ عَلَيْنَا وَنَحْنُ أَحَقُّ بِٱلْمُلْكِ مِنْهُ وَلَمْ يُؤْتَ سَعَةً مِّنَ ٱلْمَالِ قَالَ إِنَّ ٱللَّهَ ٱصْطَفَىٰهُ عَلَيْكُمْ وَزَادَهُۥ بَسْطَةً فِى ٱلْعِلْمِ وَٱلْجِسْمِ وَٱللَّهُ يُؤْتِى مُلْكَهُۥ مَن يَشَآءُ وَٱللَّهُ وَٰسِعٌ عَلِيمٌ	وقال لهم نبيهم إن الله قد بعث لكم طالوت ملكا قالوا أنى يكون له الملك علينا ونحن أحق بالملك منه ولم يؤت سعة من المال قال إن الله اصطفاه عليكم وزاده بسطة في العلم والجسم والله يؤتي ملكه من يشاء والله واسع عليم
2	247	43	1	EaliymN	عَلِيمٌ	Ealiym	ADJ	STEM|POS:ADJ|LEM:Ealiym|ROOT:Elm|MS|INDEF|NOM	وَقَالَ لَهُمْ نَبِيُّهُمْ إِنَّ ٱللَّهَ قَدْ بَعَثَ لَكُمْ طَالُوتَ مَلِكًا قَالُوٓا۟ أَنَّىٰ يَكُونُ لَهُ ٱلْمُلْكُ عَلَيْنَا وَنَحْنُ أَحَقُّ بِٱلْمُلْكِ مِنْهُ وَلَمْ يُؤْتَ سَعَةً مِّنَ ٱلْمَالِ قَالَ إِنَّ ٱللَّهَ ٱصْطَفَىٰهُ عَلَيْكُمْ وَزَادَهُۥ بَسْطَةً فِى ٱلْعِلْمِ وَٱلْجِسْمِ وَٱللَّهُ يُؤْتِى مُلْكَهُۥ مَن يَشَآءُ وَٱللَّهُ وَٰسِعٌ عَلِيمٌ	وقال لهم نبيهم إن الله قد بعث لكم طالوت ملكا قالوا أنى يكون له الملك علينا ونحن أحق بالملك منه ولم يؤت سعة من المال قال إن الله اصطفاه عليكم وزاده بسطة في العلم والجسم والله يؤتي ملكه من يشاء والله واسع عليم
2	251	11	2	Eal~ama	عَلَّمَ	Eal~ama	V	STEM|POS:V|PERF|(II)|LEM:Eal~ama|ROOT:Elm|3MS	فَهَزَمُوهُم بِإِذْنِ ٱللَّهِ وَقَتَلَ دَاوُۥدُ جَالُوتَ وَءَاتَىٰهُ ٱللَّهُ ٱلْمُلْكَ وَٱلْحِكْمَةَ وَعَلَّمَهُۥ مِمَّا يَشَآءُ وَلَوْلَا دَفْعُ ٱللَّهِ ٱلنَّاسَ بَعْضَهُم بِبَعْضٍ لَّفَسَدَتِ ٱلْأَرْضُ وَلَٰكِنَّ ٱللَّهَ ذُو فَضْلٍ عَلَى ٱلْعَٰلَمِينَ	فهزموهم بإذن الله وقتل داوود جالوت وآتاه الله الملك والحكمة وعلمه مما يشاء ولولا دفع الله الناس بعضهم ببعض لفسدت الأرض ولكن الله ذو فضل على العالمين
2	251	27	2	Ea`lamiyna	عَٰلَمِينَ	Ea`lamiyn	N	STEM|POS:N|LEM:Ea`lamiyn|ROOT:Elm|MP|GEN	فَهَزَمُوهُم بِإِذْنِ ٱللَّهِ وَقَتَلَ دَاوُۥدُ جَالُوتَ وَءَاتَىٰهُ ٱللَّهُ ٱلْمُلْكَ وَٱلْحِكْمَةَ وَعَلَّمَهُۥ مِمَّا يَشَآءُ وَلَوْلَا دَفْعُ ٱللَّهِ ٱلنَّاسَ بَعْضَهُم بِبَعْضٍ لَّفَسَدَتِ ٱلْأَرْضُ وَلَٰكِنَّ ٱللَّهَ ذُو فَضْلٍ عَلَى ٱلْعَٰلَمِينَ	فهزموهم بإذن الله وقتل داوود جالوت وآتاه الله الملك والحكمة وعلمه مما يشاء ولولا دفع الله الناس بعضهم ببعض لفسدت الأرض ولكن الله ذو فضل على العالمين
2	255	27	1	yaEolamu	يَعْلَمُ	Ealima	V	STEM|POS:V|IMPF|LEM:Ealima|ROOT:Elm|3MS	ٱللَّهُ لَآ إِلَٰهَ إِلَّا هُوَ ٱلْحَىُّ ٱلْقَيُّومُ لَا تَأْخُذُهُۥ سِنَةٌ وَلَا نَوْمٌ لَّهُۥ مَا فِى ٱلسَّمَٰوَٰتِ وَمَا فِى ٱلْأَرْضِ مَن ذَا ٱلَّذِى يَشْفَعُ عِندَهُۥٓ إِلَّا بِإِذْنِهِۦ يَعْلَمُ مَا بَيْنَ أَيْدِيهِمْ وَمَا خَلْفَهُمْ وَلَا يُحِيطُونَ بِشَىْءٍ مِّنْ عِلْمِهِۦٓ إِلَّا بِمَا شَآءَ وَسِعَ كُرْسِيُّهُ ٱلسَّمَٰوَٰتِ وَٱلْأَرْضَ وَلَا يَـُٔودُهُۥ حِفْظُهُمَا وَهُوَ ٱلْعَلِىُّ ٱلْعَظِيمُ	الله لا إله إلا هو الحي القيوم لا تأخذه سنة ولا نوم له ما في السماوات وما في الأرض من ذا الذي يشفع عنده إلا بإذنه يعلم ما بين أيديهم وما خلفهم ولا يحيطون بشيء من علمه إلا بما شاء وسع كرسيه السماوات والأرض ولا يئوده حفظهما وهو العلي العظيم
2	255	37	1	Eilomi	عِلْمِ	Eilom	N	STEM|POS:N|LEM:Eilom|ROOT:Elm|M|GEN	ٱللَّهُ لَآ إِلَٰهَ إِلَّا هُوَ ٱلْحَىُّ ٱلْقَيُّومُ لَا تَأْخُذُهُۥ سِنَةٌ وَلَا نَوْمٌ لَّهُۥ مَا فِى ٱلسَّمَٰوَٰتِ وَمَا فِى ٱلْأَرْضِ مَن ذَا ٱلَّذِى يَشْفَعُ عِندَهُۥٓ إِلَّا بِإِذْنِهِۦ يَعْلَمُ مَا بَيْنَ أَيْدِيهِمْ وَمَا خَلْفَهُمْ وَلَا يُحِيطُونَ بِشَىْءٍ مِّنْ عِلْمِهِۦٓ إِلَّا بِمَا شَآءَ وَسِعَ كُرْسِيُّهُ ٱلسَّمَٰوَٰتِ وَٱلْأَرْضَ وَلَا يَـُٔودُهُۥ حِفْظُهُمَا وَهُوَ ٱلْعَلِىُّ ٱلْعَظِيمُ	الله لا إله إلا هو الحي القيوم لا تأخذه سنة ولا نوم له ما في السماوات وما في الأرض من ذا الذي يشفع عنده إلا بإذنه يعلم ما بين أيديهم وما خلفهم ولا يحيطون بشيء من علمه إلا بما شاء وسع كرسيه السماوات والأرض ولا يئوده حفظهما وهو العلي العظيم
2	256	24	1	EaliymN	عَلِيمٌ	Ealiym	ADJ	STEM|POS:ADJ|LEM:Ealiym|ROOT:Elm|MS|INDEF|NOM	لَآ إِكْرَاهَ فِى ٱلدِّينِ قَد تَّبَيَّنَ ٱلرُّشْدُ مِنَ ٱلْغَىِّ فَمَن يَكْفُرْ بِٱلطَّٰغُوتِ وَيُؤْمِنۢ بِٱللَّهِ فَقَدِ ٱسْتَمْسَكَ بِٱلْعُرْوَةِ ٱلْوُثْقَىٰ لَا ٱنفِصَامَ لَهَا وَٱللَّهُ سَمِيعٌ عَلِيمٌ	لا إكراه في الدين قد تبين الرشد من الغي فمن يكفر بالطاغوت ويؤمن بالله فقد استمسك بالعروة الوثقى لا انفصام لها والله سميع عليم
2	259	61	1	>aEolamu	أَعْلَمُ	Ealima	V	STEM|POS:V|IMPF|LEM:Ealima|ROOT:Elm|1S	أَوْ كَٱلَّذِى مَرَّ عَلَىٰ قَرْيَةٍ وَهِىَ خَاوِيَةٌ عَلَىٰ عُرُوشِهَا قَالَ أَنَّىٰ يُحْىِۦ هَٰذِهِ ٱللَّهُ بَعْدَ مَوْتِهَا فَأَمَاتَهُ ٱللَّهُ مِا۟ئَةَ عَامٍ ثُمَّ بَعَثَهُۥ قَالَ كَمْ لَبِثْتَ قَالَ لَبِثْتُ يَوْمًا أَوْ بَعْضَ يَوْمٍ قَالَ بَل لَّبِثْتَ مِا۟ئَةَ عَامٍ فَٱنظُرْ إِلَىٰ طَعَامِكَ وَشَرَابِكَ لَمْ يَتَسَنَّهْ وَٱنظُرْ إِلَىٰ حِمَارِكَ وَلِنَجْعَلَكَ ءَايَةً لِّلنَّاسِ وَٱنظُرْ إِلَى ٱلْعِظَامِ كَيْفَ نُنشِزُهَا ثُمَّ نَكْسُوهَا لَحْمًا فَلَمَّا تَبَيَّنَ لَهُۥ قَالَ أَعْلَمُ أَنَّ ٱللَّهَ عَلَىٰ كُلِّ شَىْءٍ قَدِيرٌ	أو كالذي مر على قرية وهي خاوية على عروشها قال أنى يحيي هذه الله بعد موتها فأماته الله مائة عام ثم بعثه قال كم لبثت قال لبثت يوما أو بعض يوم قال بل لبثت مائة عام فانظر إلى طعامك وشرابك لم يتسنه وانظر إلى حمارك ولنجعلك آية للناس وانظر إلى العظام كيف ننشزها ثم نكسوها لحما فلما تبين له قال أعلم أن الله على كل شيء قدير
2	260	35	2	{Eolamo	ٱعْلَمْ	Ealima	V	STEM|POS:V|IMPV|LEM:Ealima|ROOT:Elm|2MS	وَإِذْ قَالَ إِبْرَٰهِـۧمُ رَبِّ أَرِنِى كَيْفَ تُحْىِ ٱلْمَوْتَىٰ قَالَ أَوَلَمْ تُؤْمِن قَالَ بَلَىٰ وَلَٰكِن لِّيَطْمَئِنَّ قَلْبِى قَالَ فَخُذْ أَرْبَعَةً مِّنَ ٱلطَّيْرِ فَصُرْهُنَّ إِلَيْكَ ثُمَّ ٱجْعَلْ عَلَىٰ كُلِّ جَبَلٍ مِّنْهُنَّ جُزْءًا ثُمَّ ٱدْعُهُنَّ يَأْتِينَكَ سَعْيًا وَٱعْلَمْ أَنَّ ٱللَّهَ عَزِيزٌ حَكِيمٌ	وإذ قال إبراهيم رب أرني كيف تحيي الموتى قال أولم تؤمن قال بلى ولكن ليطمئن قلبي قال فخذ أربعة من الطير فصرهن إليك ثم اجعل على كل جبل منهن جزءا ثم ادعهن يأتينك سعيا واعلم أن الله عزيز حكيم
2	261	24	1	EaliymN	عَلِيمٌ	Ealiym	ADJ	STEM|POS:ADJ|LEM:Ealiym|ROOT:Elm|MS|INDEF|NOM	مَّثَلُ ٱلَّذِينَ يُنفِقُونَ أَمْوَٰلَهُمْ فِى سَبِيلِ ٱللَّهِ كَمَثَلِ حَبَّةٍ أَنۢبَتَتْ سَبْعَ سَنَابِلَ فِى كُلِّ سُنۢبُلَةٍ مِّا۟ئَةُ حَبَّةٍ وَٱللَّهُ يُضَٰعِفُ لِمَن يَشَآءُ وَٱللَّهُ وَٰسِعٌ عَلِيمٌ	مثل الذين ينفقون أموالهم في سبيل الله كمثل حبة أنبتت سبع سنابل في كل سنبلة مائة حبة والله يضاعف لمن يشاء والله واسع عليم
2	267	25	2	{Eolamu	ٱعْلَمُ	Ealima	V	STEM|POS:V|IMPV|LEM:Ealima|ROOT:Elm|2MP	يَٰٓأَيُّهَا ٱلَّذِينَ ءَامَنُوٓا۟ أَنفِقُوا۟ مِن طَيِّبَٰتِ مَا كَسَبْتُمْ وَمِمَّآ أَخْرَجْنَا لَكُم مِّنَ ٱلْأَرْضِ وَلَا تَيَمَّمُوا۟ ٱلْخَبِيثَ مِنْهُ تُنفِقُونَ وَلَسْتُم بِـَٔاخِذِيهِ إِلَّآ أَن تُغْمِضُوا۟ فِيهِ وَٱعْلَمُوٓا۟ أَنَّ ٱللَّهَ غَنِىٌّ حَمِيدٌ	يا أيها الذين آمنوا أنفقوا من طيبات ما كسبتم ومما أخرجنا لكم من الأرض ولا تيمموا الخبيث منه تنفقون ولستم بآخذيه إلا أن تغمضوا فيه واعلموا أن الله غني حميد
2	268	13	1	EaliymN	عَلِيمٌ	Ealiym	ADJ	STEM|POS:ADJ|LEM:Ealiym|ROOT:Elm|MS|INDEF|NOM	ٱلشَّيْطَٰنُ يَعِدُكُمُ ٱلْفَقْرَ وَيَأْمُرُكُم بِٱلْفَحْشَآءِ وَٱللَّهُ يَعِدُكُم مَّغْفِرَةً مِّنْهُ وَفَضْلًا وَٱللَّهُ وَٰسِعٌ عَلِيمٌ	الشيطان يعدكم الفقر ويأمركم بالفحشاء والله يعدكم مغفرة منه وفضلا والله واسع عليم
2	270	11	1	yaEolamu	يَعْلَمُ	Ealima	V	STEM|POS:V|IMPF|LEM:Ealima|ROOT:Elm|3MS	وَمَآ أَنفَقْتُم مِّن نَّفَقَةٍ أَوْ نَذَرْتُم مِّن نَّذْرٍ فَإِنَّ ٱللَّهَ يَعْلَمُهُۥ وَمَا لِلظَّٰلِمِينَ مِنْ أَنصَارٍ	وما أنفقتم من نفقة أو نذرتم من نذر فإن الله يعلمه وما للظالمين من أنصار
2	273	30	1	EaliymN	عَلِيمٌ	Ealiym	N	STEM|POS:N|LEM:Ealiym|ROOT:Elm|MS|INDEF|NOM	لِلْفُقَرَآءِ ٱلَّذِينَ أُحْصِرُوا۟ فِى سَبِيلِ ٱللَّهِ لَا يَسْتَطِيعُونَ ضَرْبًا فِى ٱلْأَرْضِ يَحْسَبُهُمُ ٱلْجَاهِلُ أَغْنِيَآءَ مِنَ ٱلتَّعَفُّفِ تَعْرِفُهُم بِسِيمَٰهُمْ لَا يَسْـَٔلُونَ ٱلنَّاسَ إِلْحَافًا وَمَا تُنفِقُوا۟ مِنْ خَيْرٍ فَإِنَّ ٱللَّهَ بِهِۦ عَلِيمٌ	للفقراء الذين أحصروا في سبيل الله لا يستطيعون ضربا في الأرض يحسبهم الجاهل أغنياء من التعفف تعرفهم بسيماهم لا يسألون الناس إلحافا وما تنفقوا من خير فإن الله به عليم
2	280	14	1	taEolamu	تَعْلَمُ	Ealima	V	STEM|POS:V|IMPF|LEM:Ealima|ROOT:Elm|2MP	وَإِن كَانَ ذُو عُسْرَةٍ فَنَظِرَةٌ إِلَىٰ مَيْسَرَةٍ وَأَن تَصَدَّقُوا۟ خَيْرٌ لَّكُمْ إِن كُنتُمْ تَعْلَمُونَ	وإن كان ذو عسرة فنظرة إلى ميسرة وأن تصدقوا خير لكم إن كنتم تعلمون
2	282	21	1	Eal~ama	عَلَّمَ	Eal~ama	V	STEM|POS:V|PERF|(II)|LEM:Eal~ama|ROOT:Elm|3MS	يَٰٓأَيُّهَا ٱلَّذِينَ ءَامَنُوٓا۟ إِذَا تَدَايَنتُم بِدَيْنٍ إِلَىٰٓ أَجَلٍ مُّسَمًّى فَٱكْتُبُوهُ وَلْيَكْتُب بَّيْنَكُمْ كَاتِبٌۢ بِٱلْعَدْلِ وَلَا يَأْبَ كَاتِبٌ أَن يَكْتُبَ كَمَا عَلَّمَهُ ٱللَّهُ فَلْيَكْتُبْ وَلْيُمْلِلِ ٱلَّذِى عَلَيْهِ ٱلْحَقُّ وَلْيَتَّقِ ٱللَّهَ رَبَّهُۥ وَلَا يَبْخَسْ مِنْهُ شَيْـًٔا فَإِن كَانَ ٱلَّذِى عَلَيْهِ ٱلْحَقُّ سَفِيهًا أَوْ ضَعِيفًا أَوْ لَا يَسْتَطِيعُ أَن يُمِلَّ هُوَ فَلْيُمْلِلْ وَلِيُّهُۥ بِٱلْعَدْلِ وَٱسْتَشْهِدُوا۟ شَهِيدَيْنِ مِن رِّجَالِكُمْ فَإِن لَّمْ يَكُونَا رَجُلَيْنِ فَرَجُلٌ وَٱمْرَأَتَانِ مِمَّن تَرْضَوْنَ مِنَ ٱلشُّهَدَآءِ أَن تَضِلَّ إِحْدَىٰهُمَا فَتُذَكِّرَ إِحْدَىٰهُمَا ٱلْأُخْرَىٰ وَلَا يَأْبَ ٱلشُّهَدَآءُ إِذَا مَا دُعُوا۟ وَلَا تَسْـَٔمُوٓا۟ أَن تَكْتُبُوهُ صَغِيرًا أَوْ كَبِيرًا إِلَىٰٓ أَجَلِهِۦ ذَٰلِكُمْ أَقْسَطُ عِندَ ٱللَّهِ وَأَقْوَمُ لِلشَّهَٰدَةِ وَأَدْنَىٰٓ أَلَّا تَرْتَابُوٓا۟ إِلَّآ أَن تَكُونَ تِجَٰرَةً حَاضِرَةً تُدِيرُونَهَا بَيْنَكُمْ فَلَيْسَ عَلَيْكُمْ جُنَاحٌ أَلَّا تَكْتُبُوهَا وَأَشْهِدُوٓا۟ إِذَا تَبَايَعْتُمْ وَلَا يُضَآرَّ كَاتِبٌ وَلَا شَهِيدٌ وَإِن تَفْعَلُوا۟ فَإِنَّهُۥ فُسُوقٌۢ بِكُمْ وَٱتَّقُوا۟ ٱللَّهَ وَيُعَلِّمُكُمُ ٱللَّهُ وَٱللَّهُ بِكُلِّ شَىْءٍ عَلِيمٌ	يا أيها الذين آمنوا إذا تداينتم بدين إلى أجل مسمى فاكتبوه وليكتب بينكم كاتب بالعدل ولا يأب كاتب أن يكتب كما علمه الله فليكتب وليملل الذي عليه الحق وليتق الله ربه ولا يبخس منه شيئا فإن كان الذي عليه الحق سفيها أو ضعيفا أو لا يستطيع أن يمل هو فليملل وليه بالعدل واستشهدوا شهيدين من رجالكم فإن لم يكونا رجلين فرجل وامرأتان ممن ترضون من الشهداء أن تضل إحداهما فتذكر إحداهما الأخرى ولا يأب الشهداء إذا ما دعوا ولا تسأموا أن تكتبوه صغيرا أو كبيرا إلى أجله ذلكم أقسط عند الله وأقوم للشهادة وأدنى ألا ترتابوا إلا أن تكون تجارة حاضرة تديرونها بينكم فليس عليكم جناح ألا تكتبوها وأشهدوا إذا تبايعتم ولا يضار كاتب ولا شهيد وإن تفعلوا فإنه فسوق بكم واتقوا الله ويعلمكم الله والله بكل شيء عليم
2	282	123	2	yuEal~imu	يُعَلِّمُ	Eal~ama	V	STEM|POS:V|IMPF|(II)|LEM:Eal~ama|ROOT:Elm|3MS	يَٰٓأَيُّهَا ٱلَّذِينَ ءَامَنُوٓا۟ إِذَا تَدَايَنتُم بِدَيْنٍ إِلَىٰٓ أَجَلٍ مُّسَمًّى فَٱكْتُبُوهُ وَلْيَكْتُب بَّيْنَكُمْ كَاتِبٌۢ بِٱلْعَدْلِ وَلَا يَأْبَ كَاتِبٌ أَن يَكْتُبَ كَمَا عَلَّمَهُ ٱللَّهُ فَلْيَكْتُبْ وَلْيُمْلِلِ ٱلَّذِى عَلَيْهِ ٱلْحَقُّ وَلْيَتَّقِ ٱللَّهَ رَبَّهُۥ وَلَا يَبْخَسْ مِنْهُ شَيْـًٔا فَإِن كَانَ ٱلَّذِى عَلَيْهِ ٱلْحَقُّ سَفِيهًا أَوْ ضَعِيفًا أَوْ لَا يَسْتَطِيعُ أَن يُمِلَّ هُوَ فَلْيُمْلِلْ وَلِيُّهُۥ بِٱلْعَدْلِ وَٱسْتَشْهِدُوا۟ شَهِيدَيْنِ مِن رِّجَالِكُمْ فَإِن لَّمْ يَكُونَا رَجُلَيْنِ فَرَجُلٌ وَٱمْرَأَتَانِ مِمَّن تَرْضَوْنَ مِنَ ٱلشُّهَدَآءِ أَن تَضِلَّ إِحْدَىٰهُمَا فَتُذَكِّرَ إِحْدَىٰهُمَا ٱلْأُخْرَىٰ وَلَا يَأْبَ ٱلشُّهَدَآءُ إِذَا مَا دُعُوا۟ وَلَا تَسْـَٔمُوٓا۟ أَن تَكْتُبُوهُ صَغِيرًا أَوْ كَبِيرًا إِلَىٰٓ أَجَلِهِۦ ذَٰلِكُمْ أَقْسَطُ عِندَ ٱللَّهِ وَأَقْوَمُ لِلشَّهَٰدَةِ وَأَدْنَىٰٓ أَلَّا تَرْتَابُوٓا۟ إِلَّآ أَن تَكُونَ تِجَٰرَةً حَاضِرَةً تُدِيرُونَهَا بَيْنَكُمْ فَلَيْسَ عَلَيْكُمْ جُنَاحٌ أَلَّا تَكْتُبُوهَا وَأَشْهِدُوٓا۟ إِذَا تَبَايَعْتُمْ وَلَا يُضَآرَّ كَاتِبٌ وَلَا شَهِيدٌ وَإِن تَفْعَلُوا۟ فَإِنَّهُۥ فُسُوقٌۢ بِكُمْ وَٱتَّقُوا۟ ٱللَّهَ وَيُعَلِّمُكُمُ ٱللَّهُ وَٱللَّهُ بِكُلِّ شَىْءٍ عَلِيمٌ	يا أيها الذين آمنوا إذا تداينتم بدين إلى أجل مسمى فاكتبوه وليكتب بينكم كاتب بالعدل ولا يأب كاتب أن يكتب كما علمه الله فليكتب وليملل الذي عليه الحق وليتق الله ربه ولا يبخس منه شيئا فإن كان الذي عليه الحق سفيها أو ضعيفا أو لا يستطيع أن يمل هو فليملل وليه بالعدل واستشهدوا شهيدين من رجالكم فإن لم يكونا رجلين فرجل وامرأتان ممن ترضون من الشهداء أن تضل إحداهما فتذكر إحداهما الأخرى ولا يأب الشهداء إذا ما دعوا ولا تسأموا أن تكتبوه صغيرا أو كبيرا إلى أجله ذلكم أقسط عند الله وأقوم للشهادة وأدنى ألا ترتابوا إلا أن تكون تجارة حاضرة تديرونها بينكم فليس عليكم جناح ألا تكتبوها وأشهدوا إذا تبايعتم ولا يضار كاتب ولا شهيد وإن تفعلوا فإنه فسوق بكم واتقوا الله ويعلمكم الله والله بكل شيء عليم
2	282	128	1	EaliymN	عَلِيمٌ	Ealiym	N	STEM|POS:N|LEM:Ealiym|ROOT:Elm|MS|INDEF|NOM	يَٰٓأَيُّهَا ٱلَّذِينَ ءَامَنُوٓا۟ إِذَا تَدَايَنتُم بِدَيْنٍ إِلَىٰٓ أَجَلٍ مُّسَمًّى فَٱكْتُبُوهُ وَلْيَكْتُب بَّيْنَكُمْ كَاتِبٌۢ بِٱلْعَدْلِ وَلَا يَأْبَ كَاتِبٌ أَن يَكْتُبَ كَمَا عَلَّمَهُ ٱللَّهُ فَلْيَكْتُبْ وَلْيُمْلِلِ ٱلَّذِى عَلَيْهِ ٱلْحَقُّ وَلْيَتَّقِ ٱللَّهَ رَبَّهُۥ وَلَا يَبْخَسْ مِنْهُ شَيْـًٔا فَإِن كَانَ ٱلَّذِى عَلَيْهِ ٱلْحَقُّ سَفِيهًا أَوْ ضَعِيفًا أَوْ لَا يَسْتَطِيعُ أَن يُمِلَّ هُوَ فَلْيُمْلِلْ وَلِيُّهُۥ بِٱلْعَدْلِ وَٱسْتَشْهِدُوا۟ شَهِيدَيْنِ مِن رِّجَالِكُمْ فَإِن لَّمْ يَكُونَا رَجُلَيْنِ فَرَجُلٌ وَٱمْرَأَتَانِ مِمَّن تَرْضَوْنَ مِنَ ٱلشُّهَدَآءِ أَن تَضِلَّ إِحْدَىٰهُمَا فَتُذَكِّرَ إِحْدَىٰهُمَا ٱلْأُخْرَىٰ وَلَا يَأْبَ ٱلشُّهَدَآءُ إِذَا مَا دُعُوا۟ وَلَا تَسْـَٔمُوٓا۟ أَن تَكْتُبُوهُ صَغِيرًا أَوْ كَبِيرًا إِلَىٰٓ أَجَلِهِۦ ذَٰلِكُمْ أَقْسَطُ عِندَ ٱللَّهِ وَأَقْوَمُ لِلشَّهَٰدَةِ وَأَدْنَىٰٓ أَلَّا تَرْتَابُوٓا۟ إِلَّآ أَن تَكُونَ تِجَٰرَةً حَاضِرَةً تُدِيرُونَهَا بَيْنَكُمْ فَلَيْسَ عَلَيْكُمْ جُنَاحٌ أَلَّا تَكْتُبُوهَا وَأَشْهِدُوٓا۟ إِذَا تَبَايَعْتُمْ وَلَا يُضَآرَّ كَاتِبٌ وَلَا شَهِيدٌ وَإِن تَفْعَلُوا۟ فَإِنَّهُۥ فُسُوقٌۢ بِكُمْ وَٱتَّقُوا۟ ٱللَّهَ وَيُعَلِّمُكُمُ ٱللَّهُ وَٱللَّهُ بِكُلِّ شَىْءٍ عَلِيمٌ	يا أيها الذين آمنوا إذا تداينتم بدين إلى أجل مسمى فاكتبوه وليكتب بينكم كاتب بالعدل ولا يأب كاتب أن يكتب كما علمه الله فليكتب وليملل الذي عليه الحق وليتق الله ربه ولا يبخس منه شيئا فإن كان الذي عليه الحق سفيها أو ضعيفا أو لا يستطيع أن يمل هو فليملل وليه بالعدل واستشهدوا شهيدين من رجالكم فإن لم يكونا رجلين فرجل وامرأتان ممن ترضون من الشهداء أن تضل إحداهما فتذكر إحداهما الأخرى ولا يأب الشهداء إذا ما دعوا ولا تسأموا أن تكتبوه صغيرا أو كبيرا إلى أجله ذلكم أقسط عند الله وأقوم للشهادة وأدنى ألا ترتابوا إلا أن تكون تجارة حاضرة تديرونها بينكم فليس عليكم جناح ألا تكتبوها وأشهدوا إذا تبايعتم ولا يضار كاتب ولا شهيد وإن تفعلوا فإنه فسوق بكم واتقوا الله ويعلمكم الله والله بكل شيء عليم
2	283	32	1	EaliymN	عَلِيمٌ	Ealiym	N	STEM|POS:N|LEM:Ealiym|ROOT:Elm|MS|INDEF|NOM	وَإِن كُنتُمْ عَلَىٰ سَفَرٍ وَلَمْ تَجِدُوا۟ كَاتِبًا فَرِهَٰنٌ مَّقْبُوضَةٌ فَإِنْ أَمِنَ بَعْضُكُم بَعْضًا فَلْيُؤَدِّ ٱلَّذِى ٱؤْتُمِنَ أَمَٰنَتَهُۥ وَلْيَتَّقِ ٱللَّهَ رَبَّهُۥ وَلَا تَكْتُمُوا۟ ٱلشَّهَٰدَةَ وَمَن يَكْتُمْهَا فَإِنَّهُۥٓ ءَاثِمٌ قَلْبُهُۥ وَٱللَّهُ بِمَا تَعْمَلُونَ عَلِيمٌ	وإن كنتم على سفر ولم تجدوا كاتبا فرهان مقبوضة فإن أمن بعضكم بعضا فليؤد الذي اؤتمن أمانته وليتق الله ربه ولا تكتموا الشهادة ومن يكتمها فإنه آثم قلبه والله بما تعملون عليم
3	7	28	1	yaEolamu	يَعْلَمُ	Ealima	V	STEM|POS:V|IMPF|LEM:Ealima|ROOT:Elm|3MS	هُوَ ٱلَّذِىٓ أَنزَلَ عَلَيْكَ ٱلْكِتَٰبَ مِنْهُ ءَايَٰتٌ مُّحْكَمَٰتٌ هُنَّ أُمُّ ٱلْكِتَٰبِ وَأُخَرُ مُتَشَٰبِهَٰتٌ فَأَمَّا ٱلَّذِينَ فِى قُلُوبِهِمْ زَيْغٌ فَيَتَّبِعُونَ مَا تَشَٰبَهَ مِنْهُ ٱبْتِغَآءَ ٱلْفِتْنَةِ وَٱبْتِغَآءَ تَأْوِيلِهِۦ وَمَا يَعْلَمُ تَأْوِيلَهُۥٓ إِلَّا ٱللَّهُ وَٱلرَّٰسِخُونَ فِى ٱلْعِلْمِ يَقُولُونَ ءَامَنَّا بِهِۦ كُلٌّ مِّنْ عِندِ رَبِّنَا وَمَا يَذَّكَّرُ إِلَّآ أُو۟لُوا۟ ٱلْأَلْبَٰبِ	هو الذي أنزل عليك الكتاب منه آيات محكمات هن أم الكتاب وأخر متشابهات فأما الذين في قلوبهم زيغ فيتبعون ما تشابه منه ابتغاء الفتنة وابتغاء تأويله وما يعلم تأويله إلا الله والراسخون في العلم يقولون آمنا به كل من عند ربنا وما يذكر إلا أولو الألباب
3	7	34	2	Eilomi	عِلْمِ	Eilom	N	STEM|POS:N|LEM:Eilom|ROOT:Elm|M|GEN	هُوَ ٱلَّذِىٓ أَنزَلَ عَلَيْكَ ٱلْكِتَٰبَ مِنْهُ ءَايَٰتٌ مُّحْكَمَٰتٌ هُنَّ أُمُّ ٱلْكِتَٰبِ وَأُخَرُ مُتَشَٰبِهَٰتٌ فَأَمَّا ٱلَّذِينَ فِى قُلُوبِهِمْ زَيْغٌ فَيَتَّبِعُونَ مَا تَشَٰبَهَ مِنْهُ ٱبْتِغَآءَ ٱلْفِتْنَةِ وَٱبْتِغَآءَ تَأْوِيلِهِۦ وَمَا يَعْلَمُ تَأْوِيلَهُۥٓ إِلَّا ٱللَّهُ وَٱلرَّٰسِخُونَ فِى ٱلْعِلْمِ يَقُولُونَ ءَامَنَّا بِهِۦ كُلٌّ مِّنْ عِندِ رَبِّنَا وَمَا يَذَّكَّرُ إِلَّآ أُو۟لُوا۟ ٱلْأَلْبَٰبِ	هو الذي أنزل عليك الكتاب منه آيات محكمات هن أم الكتاب وأخر متشابهات فأما الذين في قلوبهم زيغ فيتبعون ما تشابه منه ابتغاء الفتنة وابتغاء تأويله وما يعلم تأويله إلا الله والراسخون في العلم يقولون آمنا به كل من عند ربنا وما يذكر إلا أولو الألباب
3	18	10	2	Eilomi	عِلْمِ	Eilom	N	STEM|POS:N|LEM:Eilom|ROOT:Elm|M|GEN	شَهِدَ ٱللَّهُ أَنَّهُۥ لَآ إِلَٰهَ إِلَّا هُوَ وَٱلْمَلَٰٓئِكَةُ وَأُو۟لُوا۟ ٱلْعِلْمِ قَآئِمًۢا بِٱلْقِسْطِ لَآ إِلَٰهَ إِلَّا هُوَ ٱلْعَزِيزُ ٱلْحَكِيمُ	شهد الله أنه لا إله إلا هو والملائكة وأولو العلم قائما بالقسط لا إله إلا هو العزيز الحكيم
3	19	16	2	Eilomu	عِلْمُ	Eilom	N	STEM|POS:N|LEM:Eilom|ROOT:Elm|M|NOM	إِنَّ ٱلدِّينَ عِندَ ٱللَّهِ ٱلْإِسْلَٰمُ وَمَا ٱخْتَلَفَ ٱلَّذِينَ أُوتُوا۟ ٱلْكِتَٰبَ إِلَّا مِنۢ بَعْدِ مَا جَآءَهُمُ ٱلْعِلْمُ بَغْيًۢا بَيْنَهُمْ وَمَن يَكْفُرْ بِـَٔايَٰتِ ٱللَّهِ فَإِنَّ ٱللَّهَ سَرِيعُ ٱلْحِسَابِ	إن الدين عند الله الإسلام وما اختلف الذين أوتوا الكتاب إلا من بعد ما جاءهم العلم بغيا بينهم ومن يكفر بآيات الله فإن الله سريع الحساب
3	29	9	1	yaEolamo	يَعْلَمْ	Ealima	V	STEM|POS:V|IMPF|LEM:Ealima|ROOT:Elm|3MS|MOOD:JUS	قُلْ إِن تُخْفُوا۟ مَا فِى صُدُورِكُمْ أَوْ تُبْدُوهُ يَعْلَمْهُ ٱللَّهُ وَيَعْلَمُ مَا فِى ٱلسَّمَٰوَٰتِ وَمَا فِى ٱلْأَرْضِ وَٱللَّهُ عَلَىٰ كُلِّ شَىْءٍ قَدِيرٌ	قل إن تخفوا ما في صدوركم أو تبدوه يعلمه الله ويعلم ما في السماوات وما في الأرض والله على كل شيء قدير
3	29	11	2	yaEolamu	يَعْلَمُ	Ealima	V	STEM|POS:V|IMPF|LEM:Ealima|ROOT:Elm|3MS	قُلْ إِن تُخْفُوا۟ مَا فِى صُدُورِكُمْ أَوْ تُبْدُوهُ يَعْلَمْهُ ٱللَّهُ وَيَعْلَمُ مَا فِى ٱلسَّمَٰوَٰتِ وَمَا فِى ٱلْأَرْضِ وَٱللَّهُ عَلَىٰ كُلِّ شَىْءٍ قَدِيرٌ	قل إن تخفوا ما في صدوركم أو تبدوه يعلمه الله ويعلم ما في السماوات وما في الأرض والله على كل شيء قدير
3	33	11	2	Ea`lamiyna	عَٰلَمِينَ	Ea`lamiyn	N	STEM|POS:N|LEM:Ea`lamiyn|ROOT:Elm|MP|GEN	إِنَّ ٱللَّهَ ٱصْطَفَىٰٓ ءَادَمَ وَنُوحًا وَءَالَ إِبْرَٰهِيمَ وَءَالَ عِمْرَٰنَ عَلَى ٱلْعَٰلَمِينَ	إن الله اصطفى آدم ونوحا وآل إبراهيم وآل عمران على العالمين
3	34	7	1	EaliymN	عَلِيمٌ	Ealiym	ADJ	STEM|POS:ADJ|LEM:Ealiym|ROOT:Elm|MS|INDEF|NOM	ذُرِّيَّةًۢ بَعْضُهَا مِنۢ بَعْضٍ وَٱللَّهُ سَمِيعٌ عَلِيمٌ	ذرية بعضها من بعض والله سميع عليم
3	35	18	2	Ealiymu	عَلِيمُ	Ealiym	ADJ	STEM|POS:ADJ|LEM:Ealiym|ROOT:Elm|MS|NOM	إِذْ قَالَتِ ٱمْرَأَتُ عِمْرَٰنَ رَبِّ إِنِّى نَذَرْتُ لَكَ مَا فِى بَطْنِى مُحَرَّرًا فَتَقَبَّلْ مِنِّىٓ إِنَّكَ أَنتَ ٱلسَّمِيعُ ٱلْعَلِيمُ	إذ قالت امرأت عمران رب إني نذرت لك ما في بطني محررا فتقبل مني إنك أنت السميع العليم
3	36	9	1	>aEolamu	أَعْلَمُ	>aEolam	N	STEM|POS:N|LEM:>aEolam|ROOT:Elm|MS|NOM	فَلَمَّا وَضَعَتْهَا قَالَتْ رَبِّ إِنِّى وَضَعْتُهَآ أُنثَىٰ وَٱللَّهُ أَعْلَمُ بِمَا وَضَعَتْ وَلَيْسَ ٱلذَّكَرُ كَٱلْأُنثَىٰ وَإِنِّى سَمَّيْتُهَا مَرْيَمَ وَإِنِّىٓ أُعِيذُهَا بِكَ وَذُرِّيَّتَهَا مِنَ ٱلشَّيْطَٰنِ ٱلرَّجِيمِ	فلما وضعتها قالت رب إني وضعتها أنثى والله أعلم بما وضعت وليس الذكر كالأنثى وإني سميتها مريم وإني أعيذها بك وذريتها من الشيطان الرجيم
3	42	12	2	Ea`lamiyna	عَٰلَمِينَ	Ea`lamiyn	N	STEM|POS:N|LEM:Ea`lamiyn|ROOT:Elm|MP|GEN	وَإِذْ قَالَتِ ٱلْمَلَٰٓئِكَةُ يَٰمَرْيَمُ إِنَّ ٱللَّهَ ٱصْطَفَىٰكِ وَطَهَّرَكِ وَٱصْطَفَىٰكِ عَلَىٰ نِسَآءِ ٱلْعَٰلَمِينَ	وإذ قالت الملائكة يا مريم إن الله اصطفاك وطهرك واصطفاك على نساء العالمين
3	48	1	2	yuEal~imu	يُعَلِّمُ	Eal~ama	V	STEM|POS:V|IMPF|(II)|LEM:Eal~ama|ROOT:Elm|3MS	وَيُعَلِّمُهُ ٱلْكِتَٰبَ وَٱلْحِكْمَةَ وَٱلتَّوْرَىٰةَ وَٱلْإِنجِيلَ	ويعلمه الكتاب والحكمة والتوراة والإنجيل
3	61	9	2	Eilomi	عِلْمِ	Eilom	N	STEM|POS:N|LEM:Eilom|ROOT:Elm|M|GEN	فَمَنْ حَآجَّكَ فِيهِ مِنۢ بَعْدِ مَا جَآءَكَ مِنَ ٱلْعِلْمِ فَقُلْ تَعَالَوْا۟ نَدْعُ أَبْنَآءَنَا وَأَبْنَآءَكُمْ وَنِسَآءَنَا وَنِسَآءَكُمْ وَأَنفُسَنَا وَأَنفُسَكُمْ ثُمَّ نَبْتَهِلْ فَنَجْعَل لَّعْنَتَ ٱللَّهِ عَلَى ٱلْكَٰذِبِينَ	فمن حاجك فيه من بعد ما جاءك من العلم فقل تعالوا ندع أبناءنا وأبناءكم ونساءنا ونساءكم وأنفسنا وأنفسكم ثم نبتهل فنجعل لعنت الله على الكاذبين
3	63	5	1	EaliymN[	عَلِيمٌ[	Ealiym	N	STEM|POS:N|LEM:Ealiym|ROOT:Elm|MS|INDEF|NOM	فَإِن تَوَلَّوْا۟ فَإِنَّ ٱللَّهَ عَلِيمٌۢ بِٱلْمُفْسِدِينَ	فإن تولوا فإن الله عليم بالمفسدين
3	66	7	1	EilomN	عِلْمٌ	Eilom	N	STEM|POS:N|LEM:Eilom|ROOT:Elm|M|INDEF|NOM	هَٰٓأَنتُمْ هَٰٓؤُلَآءِ حَٰجَجْتُمْ فِيمَا لَكُم بِهِۦ عِلْمٌ فَلِمَ تُحَآجُّونَ فِيمَا لَيْسَ لَكُم بِهِۦ عِلْمٌ وَٱللَّهُ يَعْلَمُ وَأَنتُمْ لَا تَعْلَمُونَ	ها أنتم هؤلاء حاججتم فيما لكم به علم فلم تحاجون فيما ليس لكم به علم والله يعلم وأنتم لا تعلمون
3	66	14	1	EilomN	عِلْمٌ	Eilom	N	STEM|POS:N|LEM:Eilom|ROOT:Elm|M|INDEF|NOM	هَٰٓأَنتُمْ هَٰٓؤُلَآءِ حَٰجَجْتُمْ فِيمَا لَكُم بِهِۦ عِلْمٌ فَلِمَ تُحَآجُّونَ فِيمَا لَيْسَ لَكُم بِهِۦ عِلْمٌ وَٱللَّهُ يَعْلَمُ وَأَنتُمْ لَا تَعْلَمُونَ	ها أنتم هؤلاء حاججتم فيما لكم به علم فلم تحاجون فيما ليس لكم به علم والله يعلم وأنتم لا تعلمون
3	66	16	1	yaEolamu	يَعْلَمُ	Ealima	V	STEM|POS:V|IMPF|LEM:Ealima|ROOT:Elm|3MS	هَٰٓأَنتُمْ هَٰٓؤُلَآءِ حَٰجَجْتُمْ فِيمَا لَكُم بِهِۦ عِلْمٌ فَلِمَ تُحَآجُّونَ فِيمَا لَيْسَ لَكُم بِهِۦ عِلْمٌ وَٱللَّهُ يَعْلَمُ وَأَنتُمْ لَا تَعْلَمُونَ	ها أنتم هؤلاء حاججتم فيما لكم به علم فلم تحاجون فيما ليس لكم به علم والله يعلم وأنتم لا تعلمون
3	66	19	1	taEolamu	تَعْلَمُ	Ealima	V	STEM|POS:V|IMPF|LEM:Ealima|ROOT:Elm|2MP	هَٰٓأَنتُمْ هَٰٓؤُلَآءِ حَٰجَجْتُمْ فِيمَا لَكُم بِهِۦ عِلْمٌ فَلِمَ تُحَآجُّونَ فِيمَا لَيْسَ لَكُم بِهِۦ عِلْمٌ وَٱللَّهُ يَعْلَمُ وَأَنتُمْ لَا تَعْلَمُونَ	ها أنتم هؤلاء حاججتم فيما لكم به علم فلم تحاجون فيما ليس لكم به علم والله يعلم وأنتم لا تعلمون
3	71	10	1	taEolamu	تَعْلَمُ	Ealima	V	STEM|POS:V|IMPF|LEM:Ealima|ROOT:Elm|2MP	يَٰٓأَهْلَ ٱلْكِتَٰبِ لِمَ تَلْبِسُونَ ٱلْحَقَّ بِٱلْبَٰطِلِ وَتَكْتُمُونَ ٱلْحَقَّ وَأَنتُمْ تَعْلَمُونَ	يا أهل الكتاب لم تلبسون الحق بالباطل وتكتمون الحق وأنتم تعلمون
3	73	32	1	EaliymN	عَلِيمٌ	Ealiym	ADJ	STEM|POS:ADJ|LEM:Ealiym|ROOT:Elm|MS|INDEF|NOM	وَلَا تُؤْمِنُوٓا۟ إِلَّا لِمَن تَبِعَ دِينَكُمْ قُلْ إِنَّ ٱلْهُدَىٰ هُدَى ٱللَّهِ أَن يُؤْتَىٰٓ أَحَدٌ مِّثْلَ مَآ أُوتِيتُمْ أَوْ يُحَآجُّوكُمْ عِندَ رَبِّكُمْ قُلْ إِنَّ ٱلْفَضْلَ بِيَدِ ٱللَّهِ يُؤْتِيهِ مَن يَشَآءُ وَٱللَّهُ وَٰسِعٌ عَلِيمٌ	ولا تؤمنوا إلا لمن تبع دينكم قل إن الهدى هدى الله أن يؤتى أحد مثل ما أوتيتم أو يحاجوكم عند ربكم قل إن الفضل بيد الله يؤتيه من يشاء والله واسع عليم
3	75	36	1	yaEolamu	يَعْلَمُ	Ealima	V	STEM|POS:V|IMPF|LEM:Ealima|ROOT:Elm|3MP	وَمِنْ أَهْلِ ٱلْكِتَٰبِ مَنْ إِن تَأْمَنْهُ بِقِنطَارٍ يُؤَدِّهِۦٓ إِلَيْكَ وَمِنْهُم مَّنْ إِن تَأْمَنْهُ بِدِينَارٍ لَّا يُؤَدِّهِۦٓ إِلَيْكَ إِلَّا مَا دُمْتَ عَلَيْهِ قَآئِمًا ذَٰلِكَ بِأَنَّهُمْ قَالُوا۟ لَيْسَ عَلَيْنَا فِى ٱلْأُمِّيِّـۧنَ سَبِيلٌ وَيَقُولُونَ عَلَى ٱللَّهِ ٱلْكَذِبَ وَهُمْ يَعْلَمُونَ	ومن أهل الكتاب من إن تأمنه بقنطار يؤده إليك ومنهم من إن تأمنه بدينار لا يؤده إليك إلا ما دمت عليه قائما ذلك بأنهم قالوا ليس علينا في الأميين سبيل ويقولون على الله الكذب وهم يعلمون
3	78	29	1	yaEolamu	يَعْلَمُ	Ealima	V	STEM|POS:V|IMPF|LEM:Ealima|ROOT:Elm|3MP	وَإِنَّ مِنْهُمْ لَفَرِيقًا يَلْوُۥنَ أَلْسِنَتَهُم بِٱلْكِتَٰبِ لِتَحْسَبُوهُ مِنَ ٱلْكِتَٰبِ وَمَا هُوَ مِنَ ٱلْكِتَٰبِ وَيَقُولُونَ هُوَ مِنْ عِندِ ٱللَّهِ وَمَا هُوَ مِنْ عِندِ ٱللَّهِ وَيَقُولُونَ عَلَى ٱللَّهِ ٱلْكَذِبَ وَهُمْ يَعْلَمُونَ	وإن منهم لفريقا يلوون ألسنتهم بالكتاب لتحسبوه من الكتاب وما هو من الكتاب ويقولون هو من عند الله وما هو من عند الله ويقولون على الله الكذب وهم يعلمون
3	79	24	1	tuEal~imu	تُعَلِّمُ	Eal~ama	V	STEM|POS:V|IMPF|(II)|LEM:Eal~ama|ROOT:Elm|2MP	مَا كَانَ لِبَشَرٍ أَن يُؤْتِيَهُ ٱللَّهُ ٱلْكِتَٰبَ وَٱلْحُكْمَ وَٱلنُّبُوَّةَ ثُمَّ يَقُولَ لِلنَّاسِ كُونُوا۟ عِبَادًا لِّى مِن دُونِ ٱللَّهِ وَلَٰكِن كُونُوا۟ رَبَّٰنِيِّـۧنَ بِمَا كُنتُمْ تُعَلِّمُونَ ٱلْكِتَٰبَ وَبِمَا كُنتُمْ تَدْرُسُونَ	ما كان لبشر أن يؤتيه الله الكتاب والحكم والنبوة ثم يقول للناس كونوا عبادا لي من دون الله ولكن كونوا ربانيين بما كنتم تعلمون الكتاب وبما كنتم تدرسون
3	92	15	1	EaliymN	عَلِيمٌ	Ealiym	N	STEM|POS:N|LEM:Ealiym|ROOT:Elm|MS|INDEF|NOM	لَن تَنَالُوا۟ ٱلْبِرَّ حَتَّىٰ تُنفِقُوا۟ مِمَّا تُحِبُّونَ وَمَا تُنفِقُوا۟ مِن شَىْءٍ فَإِنَّ ٱللَّهَ بِهِۦ عَلِيمٌ	لن تنالوا البر حتى تنفقوا مما تحبون وما تنفقوا من شيء فإن الله به عليم
3	96	10	3	Ea`lamiyna	عَٰلَمِينَ	Ea`lamiyn	N	STEM|POS:N|LEM:Ea`lamiyn|ROOT:Elm|MP|GEN	إِنَّ أَوَّلَ بَيْتٍ وُضِعَ لِلنَّاسِ لَلَّذِى بِبَكَّةَ مُبَارَكًا وَهُدًى لِّلْعَٰلَمِينَ	إن أول بيت وضع للناس للذي ببكة مباركا وهدى للعالمين
3	97	25	2	Ea`lamiyna	عَٰلَمِينَ	Ea`lamiyn	N	STEM|POS:N|LEM:Ea`lamiyn|ROOT:Elm|MP|GEN	فِيهِ ءَايَٰتٌۢ بَيِّنَٰتٌ مَّقَامُ إِبْرَٰهِيمَ وَمَن دَخَلَهُۥ كَانَ ءَامِنًا وَلِلَّهِ عَلَى ٱلنَّاسِ حِجُّ ٱلْبَيْتِ مَنِ ٱسْتَطَاعَ إِلَيْهِ سَبِيلًا وَمَن كَفَرَ فَإِنَّ ٱللَّهَ غَنِىٌّ عَنِ ٱلْعَٰلَمِينَ	فيه آيات بينات مقام إبراهيم ومن دخله كان آمنا ولله على الناس حج البيت من استطاع إليه سبيلا ومن كفر فإن الله غني عن العالمين
3	108	11	3	Ea`lamiyna	عَٰلَمِينَ	Ea`lamiyn	N	STEM|POS:N|LEM:Ea`lamiyn|ROOT:Elm|MP|GEN	تِلْكَ ءَايَٰتُ ٱللَّهِ نَتْلُوهَا عَلَيْكَ بِٱلْحَقِّ وَمَا ٱللَّهُ يُرِيدُ ظُلْمًا لِّلْعَٰلَمِينَ	تلك آيات الله نتلوها عليك بالحق وما الله يريد ظلما للعالمين
3	115	8	1	EaliymN[	عَلِيمٌ[	Ealiym	N	STEM|POS:N|LEM:Ealiym|ROOT:Elm|MS|INDEF|NOM	وَمَا يَفْعَلُوا۟ مِنْ خَيْرٍ فَلَن يُكْفَرُوهُ وَٱللَّهُ عَلِيمٌۢ بِٱلْمُتَّقِينَ	وما يفعلوا من خير فلن يكفروه والله عليم بالمتقين
3	119	25	1	EaliymN[	عَلِيمٌ[	Ealiym	N	STEM|POS:N|LEM:Ealiym|ROOT:Elm|MS|INDEF|NOM	هَٰٓأَنتُمْ أُو۟لَآءِ تُحِبُّونَهُمْ وَلَا يُحِبُّونَكُمْ وَتُؤْمِنُونَ بِٱلْكِتَٰبِ كُلِّهِۦ وَإِذَا لَقُوكُمْ قَالُوٓا۟ ءَامَنَّا وَإِذَا خَلَوْا۟ عَضُّوا۟ عَلَيْكُمُ ٱلْأَنَامِلَ مِنَ ٱلْغَيْظِ قُلْ مُوتُوا۟ بِغَيْظِكُمْ إِنَّ ٱللَّهَ عَلِيمٌۢ بِذَاتِ ٱلصُّدُورِ	ها أنتم أولاء تحبونهم ولا يحبونكم وتؤمنون بالكتاب كله وإذا لقوكم قالوا آمنا وإذا خلوا عضوا عليكم الأنامل من الغيظ قل موتوا بغيظكم إن الله عليم بذات الصدور
3	121	11	1	EaliymN	عَلِيمٌ	Ealiym	ADJ	STEM|POS:ADJ|LEM:Ealiym|ROOT:Elm|MS|INDEF|NOM	وَإِذْ غَدَوْتَ مِنْ أَهْلِكَ تُبَوِّئُ ٱلْمُؤْمِنِينَ مَقَٰعِدَ لِلْقِتَالِ وَٱللَّهُ سَمِيعٌ عَلِيمٌ	وإذ غدوت من أهلك تبوئ المؤمنين مقاعد للقتال والله سميع عليم
3	135	23	1	yaEolamu	يَعْلَمُ	Ealima	V	STEM|POS:V|IMPF|LEM:Ealima|ROOT:Elm|3MP	وَٱلَّذِينَ إِذَا فَعَلُوا۟ فَٰحِشَةً أَوْ ظَلَمُوٓا۟ أَنفُسَهُمْ ذَكَرُوا۟ ٱللَّهَ فَٱسْتَغْفَرُوا۟ لِذُنُوبِهِمْ وَمَن يَغْفِرُ ٱلذُّنُوبَ إِلَّا ٱللَّهُ وَلَمْ يُصِرُّوا۟ عَلَىٰ مَا فَعَلُوا۟ وَهُمْ يَعْلَمُونَ	والذين إذا فعلوا فاحشة أو ظلموا أنفسهم ذكروا الله فاستغفروا لذنوبهم ومن يغفر الذنوب إلا الله ولم يصروا على ما فعلوا وهم يعلمون
3	140	14	3	yaEolama	يَعْلَمَ	Ealima	V	STEM|POS:V|IMPF|LEM:Ealima|ROOT:Elm|3MS|MOOD:SUBJ	إِن يَمْسَسْكُمْ قَرْحٌ فَقَدْ مَسَّ ٱلْقَوْمَ قَرْحٌ مِّثْلُهُۥ وَتِلْكَ ٱلْأَيَّامُ نُدَاوِلُهَا بَيْنَ ٱلنَّاسِ وَلِيَعْلَمَ ٱللَّهُ ٱلَّذِينَ ءَامَنُوا۟ وَيَتَّخِذَ مِنكُمْ شُهَدَآءَ وَٱللَّهُ لَا يُحِبُّ ٱلظَّٰلِمِينَ	إن يمسسكم قرح فقد مس القوم قرح مثله وتلك الأيام نداولها بين الناس وليعلم الله الذين آمنوا ويتخذ منكم شهداء والله لا يحب الظالمين
3	142	7	1	yaEolami	يَعْلَمِ	Ealima	V	STEM|POS:V|IMPF|LEM:Ealima|ROOT:Elm|3MS|MOOD:JUS	أَمْ حَسِبْتُمْ أَن تَدْخُلُوا۟ ٱلْجَنَّةَ وَلَمَّا يَعْلَمِ ٱللَّهُ ٱلَّذِينَ جَٰهَدُوا۟ مِنكُمْ وَيَعْلَمَ ٱلصَّٰبِرِينَ	أم حسبتم أن تدخلوا الجنة ولما يعلم الله الذين جاهدوا منكم ويعلم الصابرين
3	142	12	2	yaEolama	يَعْلَمَ	Ealima	V	STEM|POS:V|IMPF|LEM:Ealima|ROOT:Elm|3MS|MOOD:SUBJ	أَمْ حَسِبْتُمْ أَن تَدْخُلُوا۟ ٱلْجَنَّةَ وَلَمَّا يَعْلَمِ ٱللَّهُ ٱلَّذِينَ جَٰهَدُوا۟ مِنكُمْ وَيَعْلَمَ ٱلصَّٰبِرِينَ	أم حسبتم أن تدخلوا الجنة ولما يعلم الله الذين جاهدوا منكم ويعلم الصابرين
3	154	73	1	EaliymN[	عَلِيمٌ[	Ealiym	N	STEM|POS:N|LEM:Ealiym|ROOT:Elm|MS|INDEF|NOM	ثُمَّ أَنزَلَ عَلَيْكُم مِّنۢ بَعْدِ ٱلْغَمِّ أَمَنَةً نُّعَاسًا يَغْشَىٰ طَآئِفَةً مِّنكُمْ وَطَآئِفَةٌ قَدْ أَهَمَّتْهُمْ أَنفُسُهُمْ يَظُنُّونَ بِٱللَّهِ غَيْرَ ٱلْحَقِّ ظَنَّ ٱلْجَٰهِلِيَّةِ يَقُولُونَ هَل لَّنَا مِنَ ٱلْأَمْرِ مِن شَىْءٍ قُلْ إِنَّ ٱلْأَمْرَ كُلَّهُۥ لِلَّهِ يُخْفُونَ فِىٓ أَنفُسِهِم مَّا لَا يُبْدُونَ لَكَ يَقُولُونَ لَوْ كَانَ لَنَا مِنَ ٱلْأَمْرِ شَىْءٌ مَّا قُتِلْنَا هَٰهُنَا قُل لَّوْ كُنتُمْ فِى بُيُوتِكُمْ لَبَرَزَ ٱلَّذِينَ كُتِبَ عَلَيْهِمُ ٱلْقَتْلُ إِلَىٰ مَضَاجِعِهِمْ وَلِيَبْتَلِىَ ٱللَّهُ مَا فِى صُدُورِكُمْ وَلِيُمَحِّصَ مَا فِى قُلُوبِكُمْ وَٱللَّهُ عَلِيمٌۢ بِذَاتِ ٱلصُّدُورِ	ثم أنزل عليكم من بعد الغم أمنة نعاسا يغشى طائفة منكم وطائفة قد أهمتهم أنفسهم يظنون بالله غير الحق ظن الجاهلية يقولون هل لنا من الأمر من شيء قل إن الأمر كله لله يخفون في أنفسهم ما لا يبدون لك يقولون لو كان لنا من الأمر شيء ما قتلنا هاهنا قل لو كنتم في بيوتكم لبرز الذين كتب عليهم القتل إلى مضاجعهم وليبتلي الله ما في صدوركم وليمحص ما في قلوبكم والله عليم بذات الصدور
3	164	16	2	yuEal~imu	يُعَلِّمُ	Eal~ama	V	STEM|POS:V|IMPF|(II)|LEM:Eal~ama|ROOT:Elm|3MS	لَقَدْ مَنَّ ٱللَّهُ عَلَى ٱلْمُؤْمِنِينَ إِذْ بَعَثَ فِيهِمْ رَسُولًا مِّنْ أَنفُسِهِمْ يَتْلُوا۟ عَلَيْهِمْ ءَايَٰتِهِۦ وَيُزَكِّيهِمْ وَيُعَلِّمُهُمُ ٱلْكِتَٰبَ وَٱلْحِكْمَةَ وَإِن كَانُوا۟ مِن قَبْلُ لَفِى ضَلَٰلٍ مُّبِينٍ	لقد من الله على المؤمنين إذ بعث فيهم رسولا من أنفسهم يتلو عليهم آياته ويزكيهم ويعلمهم الكتاب والحكمة وإن كانوا من قبل لفي ضلال مبين
3	166	8	3	yaEolama	يَعْلَمَ	Ealima	V	STEM|POS:V|IMPF|LEM:Ealima|ROOT:Elm|3MS|MOOD:SUBJ	وَمَآ أَصَٰبَكُمْ يَوْمَ ٱلْتَقَى ٱلْجَمْعَانِ فَبِإِذْنِ ٱللَّهِ وَلِيَعْلَمَ ٱلْمُؤْمِنِينَ	وما أصابكم يوم التقى الجمعان فبإذن الله وليعلم المؤمنين
3	167	1	3	yaEolama	يَعْلَمَ	Ealima	V	STEM|POS:V|IMPF|LEM:Ealima|ROOT:Elm|3MS|MOOD:SUBJ	وَلِيَعْلَمَ ٱلَّذِينَ نَافَقُوا۟ وَقِيلَ لَهُمْ تَعَالَوْا۟ قَٰتِلُوا۟ فِى سَبِيلِ ٱللَّهِ أَوِ ٱدْفَعُوا۟ قَالُوا۟ لَوْ نَعْلَمُ قِتَالًا لَّٱتَّبَعْنَٰكُمْ هُمْ لِلْكُفْرِ يَوْمَئِذٍ أَقْرَبُ مِنْهُمْ لِلْإِيمَٰنِ يَقُولُونَ بِأَفْوَٰهِهِم مَّا لَيْسَ فِى قُلُوبِهِمْ وَٱللَّهُ أَعْلَمُ بِمَا يَكْتُمُونَ	وليعلم الذين نافقوا وقيل لهم تعالوا قاتلوا في سبيل الله أو ادفعوا قالوا لو نعلم قتالا لاتبعناكم هم للكفر يومئذ أقرب منهم للإيمان يقولون بأفواههم ما ليس في قلوبهم والله أعلم بما يكتمون
3	167	15	1	naEolamu	نَعْلَمُ	Ealima	V	STEM|POS:V|IMPF|LEM:Ealima|ROOT:Elm|1P	وَلِيَعْلَمَ ٱلَّذِينَ نَافَقُوا۟ وَقِيلَ لَهُمْ تَعَالَوْا۟ قَٰتِلُوا۟ فِى سَبِيلِ ٱللَّهِ أَوِ ٱدْفَعُوا۟ قَالُوا۟ لَوْ نَعْلَمُ قِتَالًا لَّٱتَّبَعْنَٰكُمْ هُمْ لِلْكُفْرِ يَوْمَئِذٍ أَقْرَبُ مِنْهُمْ لِلْإِيمَٰنِ يَقُولُونَ بِأَفْوَٰهِهِم مَّا لَيْسَ فِى قُلُوبِهِمْ وَٱللَّهُ أَعْلَمُ بِمَا يَكْتُمُونَ	وليعلم الذين نافقوا وقيل لهم تعالوا قاتلوا في سبيل الله أو ادفعوا قالوا لو نعلم قتالا لاتبعناكم هم للكفر يومئذ أقرب منهم للإيمان يقولون بأفواههم ما ليس في قلوبهم والله أعلم بما يكتمون
3	167	31	1	>aEolamu	أَعْلَمُ	>aEolam	N	STEM|POS:N|LEM:>aEolam|ROOT:Elm|MS|NOM	وَلِيَعْلَمَ ٱلَّذِينَ نَافَقُوا۟ وَقِيلَ لَهُمْ تَعَالَوْا۟ قَٰتِلُوا۟ فِى سَبِيلِ ٱللَّهِ أَوِ ٱدْفَعُوا۟ قَالُوا۟ لَوْ نَعْلَمُ قِتَالًا لَّٱتَّبَعْنَٰكُمْ هُمْ لِلْكُفْرِ يَوْمَئِذٍ أَقْرَبُ مِنْهُمْ لِلْإِيمَٰنِ يَقُولُونَ بِأَفْوَٰهِهِم مَّا لَيْسَ فِى قُلُوبِهِمْ وَٱللَّهُ أَعْلَمُ بِمَا يَكْتُمُونَ	وليعلم الذين نافقوا وقيل لهم تعالوا قاتلوا في سبيل الله أو ادفعوا قالوا لو نعلم قتالا لاتبعناكم هم للكفر يومئذ أقرب منهم للإيمان يقولون بأفواههم ما ليس في قلوبهم والله أعلم بما يكتمون
4	11	70	1	EaliymFA	عَلِيمًا	Ealiym	N	STEM|POS:N|LEM:Ealiym|ROOT:Elm|MS|INDEF|ACC	يُوصِيكُمُ ٱللَّهُ فِىٓ أَوْلَٰدِكُمْ لِلذَّكَرِ مِثْلُ حَظِّ ٱلْأُنثَيَيْنِ فَإِن كُنَّ نِسَآءً فَوْقَ ٱثْنَتَيْنِ فَلَهُنَّ ثُلُثَا مَا تَرَكَ وَإِن كَانَتْ وَٰحِدَةً فَلَهَا ٱلنِّصْفُ وَلِأَبَوَيْهِ لِكُلِّ وَٰحِدٍ مِّنْهُمَا ٱلسُّدُسُ مِمَّا تَرَكَ إِن كَانَ لَهُۥ وَلَدٌ فَإِن لَّمْ يَكُن لَّهُۥ وَلَدٌ وَوَرِثَهُۥٓ أَبَوَاهُ فَلِأُمِّهِ ٱلثُّلُثُ فَإِن كَانَ لَهُۥٓ إِخْوَةٌ فَلِأُمِّهِ ٱلسُّدُسُ مِنۢ بَعْدِ وَصِيَّةٍ يُوصِى بِهَآ أَوْ دَيْنٍ ءَابَآؤُكُمْ وَأَبْنَآؤُكُمْ لَا تَدْرُونَ أَيُّهُمْ أَقْرَبُ لَكُمْ نَفْعًا فَرِيضَةً مِّنَ ٱللَّهِ إِنَّ ٱللَّهَ كَانَ عَلِيمًا حَكِيمًا	يوصيكم الله في أولادكم للذكر مثل حظ الأنثيين فإن كن نساء فوق اثنتين فلهن ثلثا ما ترك وإن كانت واحدة فلها النصف ولأبويه لكل واحد منهما السدس مما ترك إن كان له ولد فإن لم يكن له ولد وورثه أبواه فلأمه الثلث فإن كان له إخوة فلأمه السدس من بعد وصية يوصي بها أو دين آباؤكم وأبناؤكم لا تدرون أيهم أقرب لكم نفعا فريضة من الله إن الله كان عليما حكيما
4	12	87	1	EaliymN	عَلِيمٌ	Ealiym	N	STEM|POS:N|LEM:Ealiym|ROOT:Elm|MS|INDEF|NOM	وَلَكُمْ نِصْفُ مَا تَرَكَ أَزْوَٰجُكُمْ إِن لَّمْ يَكُن لَّهُنَّ وَلَدٌ فَإِن كَانَ لَهُنَّ وَلَدٌ فَلَكُمُ ٱلرُّبُعُ مِمَّا تَرَكْنَ مِنۢ بَعْدِ وَصِيَّةٍ يُوصِينَ بِهَآ أَوْ دَيْنٍ وَلَهُنَّ ٱلرُّبُعُ مِمَّا تَرَكْتُمْ إِن لَّمْ يَكُن لَّكُمْ وَلَدٌ فَإِن كَانَ لَكُمْ وَلَدٌ فَلَهُنَّ ٱلثُّمُنُ مِمَّا تَرَكْتُم مِّنۢ بَعْدِ وَصِيَّةٍ تُوصُونَ بِهَآ أَوْ دَيْنٍ وَإِن كَانَ رَجُلٌ يُورَثُ كَلَٰلَةً أَوِ ٱمْرَأَةٌ وَلَهُۥٓ أَخٌ أَوْ أُخْتٌ فَلِكُلِّ وَٰحِدٍ مِّنْهُمَا ٱلسُّدُسُ فَإِن كَانُوٓا۟ أَكْثَرَ مِن ذَٰلِكَ فَهُمْ شُرَكَآءُ فِى ٱلثُّلُثِ مِنۢ بَعْدِ وَصِيَّةٍ يُوصَىٰ بِهَآ أَوْ دَيْنٍ غَيْرَ مُضَآرٍّ وَصِيَّةً مِّنَ ٱللَّهِ وَٱللَّهُ عَلِيمٌ حَلِيمٌ	ولكم نصف ما ترك أزواجكم إن لم يكن لهن ولد فإن كان لهن ولد فلكم الربع مما تركن من بعد وصية يوصين بها أو دين ولهن الربع مما تركتم إن لم يكن لكم ولد فإن كان لكم ولد فلهن الثمن مما تركتم من بعد وصية توصون بها أو دين وإن كان رجل يورث كلالة أو امرأة وله أخ أو أخت فلكل واحد منهما السدس فإن كانوا أكثر من ذلك فهم شركاء في الثلث من بعد وصية يوصى بها أو دين غير مضار وصية من الله والله عليم حليم
4	17	19	1	EaliymFA	عَلِيمًا	Ealiym	N	STEM|POS:N|LEM:Ealiym|ROOT:Elm|MS|INDEF|ACC	إِنَّمَا ٱلتَّوْبَةُ عَلَى ٱللَّهِ لِلَّذِينَ يَعْمَلُونَ ٱلسُّوٓءَ بِجَهَٰلَةٍ ثُمَّ يَتُوبُونَ مِن قَرِيبٍ فَأُو۟لَٰٓئِكَ يَتُوبُ ٱللَّهُ عَلَيْهِمْ وَكَانَ ٱللَّهُ عَلِيمًا حَكِيمًا	إنما التوبة على الله للذين يعملون السوء بجهالة ثم يتوبون من قريب فأولئك يتوب الله عليهم وكان الله عليما حكيما
4	24	41	1	EaliymFA	عَلِيمًا	Ealiym	N	STEM|POS:N|LEM:Ealiym|ROOT:Elm|MS|INDEF|ACC	وَٱلْمُحْصَنَٰتُ مِنَ ٱلنِّسَآءِ إِلَّا مَا مَلَكَتْ أَيْمَٰنُكُمْ كِتَٰبَ ٱللَّهِ عَلَيْكُمْ وَأُحِلَّ لَكُم مَّا وَرَآءَ ذَٰلِكُمْ أَن تَبْتَغُوا۟ بِأَمْوَٰلِكُم مُّحْصِنِينَ غَيْرَ مُسَٰفِحِينَ فَمَا ٱسْتَمْتَعْتُم بِهِۦ مِنْهُنَّ فَـَٔاتُوهُنَّ أُجُورَهُنَّ فَرِيضَةً وَلَا جُنَاحَ عَلَيْكُمْ فِيمَا تَرَٰضَيْتُم بِهِۦ مِنۢ بَعْدِ ٱلْفَرِيضَةِ إِنَّ ٱللَّهَ كَانَ عَلِيمًا حَكِيمًا	والمحصنات من النساء إلا ما ملكت أيمانكم كتاب الله عليكم وأحل لكم ما وراء ذلكم أن تبتغوا بأموالكم محصنين غير مسافحين فما استمتعتم به منهن فآتوهن أجورهن فريضة ولا جناح عليكم فيما تراضيتم به من بعد الفريضة إن الله كان عليما حكيما
4	25	18	1	>aEolamu	أَعْلَمُ	>aEolam	N	STEM|POS:N|LEM:>aEolam|ROOT:Elm|MS|NOM	وَمَن لَّمْ يَسْتَطِعْ مِنكُمْ طَوْلًا أَن يَنكِحَ ٱلْمُحْصَنَٰتِ ٱلْمُؤْمِنَٰتِ فَمِن مَّا مَلَكَتْ أَيْمَٰنُكُم مِّن فَتَيَٰتِكُمُ ٱلْمُؤْمِنَٰتِ وَٱللَّهُ أَعْلَمُ بِإِيمَٰنِكُم بَعْضُكُم مِّنۢ بَعْضٍ فَٱنكِحُوهُنَّ بِإِذْنِ أَهْلِهِنَّ وَءَاتُوهُنَّ أُجُورَهُنَّ بِٱلْمَعْرُوفِ مُحْصَنَٰتٍ غَيْرَ مُسَٰفِحَٰتٍ وَلَا مُتَّخِذَٰتِ أَخْدَانٍ فَإِذَآ أُحْصِنَّ فَإِنْ أَتَيْنَ بِفَٰحِشَةٍ فَعَلَيْهِنَّ نِصْفُ مَا عَلَى ٱلْمُحْصَنَٰتِ مِنَ ٱلْعَذَابِ ذَٰلِكَ لِمَنْ خَشِىَ ٱلْعَنَتَ مِنكُمْ وَأَن تَصْبِرُوا۟ خَيْرٌ لَّكُمْ وَٱللَّهُ غَفُورٌ رَّحِيمٌ	ومن لم يستطع منكم طولا أن ينكح المحصنات المؤمنات فمن ما ملكت أيمانكم من فتياتكم المؤمنات والله أعلم بإيمانكم بعضكم من بعض فانكحوهن بإذن أهلهن وآتوهن أجورهن بالمعروف محصنات غير مسافحات ولا متخذات أخدان فإذا أحصن فإن أتين بفاحشة فعليهن نصف ما على المحصنات من العذاب ذلك لمن خشي العنت منكم وأن تصبروا خير لكم والله غفور رحيم
4	26	13	1	EaliymN	عَلِيمٌ	Ealiym	N	STEM|POS:N|LEM:Ealiym|ROOT:Elm|MS|INDEF|NOM	يُرِيدُ ٱللَّهُ لِيُبَيِّنَ لَكُمْ وَيَهْدِيَكُمْ سُنَنَ ٱلَّذِينَ مِن قَبْلِكُمْ وَيَتُوبَ عَلَيْكُمْ وَٱللَّهُ عَلِيمٌ حَكِيمٌ	يريد الله ليبين لكم ويهديكم سنن الذين من قبلكم ويتوب عليكم والله عليم حكيم
4	32	27	1	EaliymFA	عَلِيمًا	Ealiym	N	STEM|POS:N|LEM:Ealiym|ROOT:Elm|MS|INDEF|ACC	وَلَا تَتَمَنَّوْا۟ مَا فَضَّلَ ٱللَّهُ بِهِۦ بَعْضَكُمْ عَلَىٰ بَعْضٍ لِّلرِّجَالِ نَصِيبٌ مِّمَّا ٱكْتَسَبُوا۟ وَلِلنِّسَآءِ نَصِيبٌ مِّمَّا ٱكْتَسَبْنَ وَسْـَٔلُوا۟ ٱللَّهَ مِن فَضْلِهِۦٓ إِنَّ ٱللَّهَ كَانَ بِكُلِّ شَىْءٍ عَلِيمًا	ولا تتمنوا ما فضل الله به بعضكم على بعض للرجال نصيب مما اكتسبوا وللنساء نصيب مما اكتسبن واسألوا الله من فضله إن الله كان بكل شيء عليما
4	35	21	1	EaliymFA	عَلِيمًا	Ealiym	N	STEM|POS:N|LEM:Ealiym|ROOT:Elm|MS|INDEF|ACC	وَإِنْ خِفْتُمْ شِقَاقَ بَيْنِهِمَا فَٱبْعَثُوا۟ حَكَمًا مِّنْ أَهْلِهِۦ وَحَكَمًا مِّنْ أَهْلِهَآ إِن يُرِيدَآ إِصْلَٰحًا يُوَفِّقِ ٱللَّهُ بَيْنَهُمَآ إِنَّ ٱللَّهَ كَانَ عَلِيمًا خَبِيرًا	وإن خفتم شقاق بينهما فابعثوا حكما من أهله وحكما من أهلها إن يريدا إصلاحا يوفق الله بينهما إن الله كان عليما خبيرا
4	39	15	1	EaliymFA	عَلِيمًا	Ealiym	N	STEM|POS:N|LEM:Ealiym|ROOT:Elm|MS|INDEF|ACC	وَمَاذَا عَلَيْهِمْ لَوْ ءَامَنُوا۟ بِٱللَّهِ وَٱلْيَوْمِ ٱلْـَٔاخِرِ وَأَنفَقُوا۟ مِمَّا رَزَقَهُمُ ٱللَّهُ وَكَانَ ٱللَّهُ بِهِمْ عَلِيمًا	وماذا عليهم لو آمنوا بالله واليوم الآخر وأنفقوا مما رزقهم الله وكان الله بهم عليما
4	43	10	1	taEolamu	تَعْلَمُ	Ealima	V	STEM|POS:V|IMPF|LEM:Ealima|ROOT:Elm|2MP|MOOD:SUBJ	يَٰٓأَيُّهَا ٱلَّذِينَ ءَامَنُوا۟ لَا تَقْرَبُوا۟ ٱلصَّلَوٰةَ وَأَنتُمْ سُكَٰرَىٰ حَتَّىٰ تَعْلَمُوا۟ مَا تَقُولُونَ وَلَا جُنُبًا إِلَّا عَابِرِى سَبِيلٍ حَتَّىٰ تَغْتَسِلُوا۟ وَإِن كُنتُم مَّرْضَىٰٓ أَوْ عَلَىٰ سَفَرٍ أَوْ جَآءَ أَحَدٌ مِّنكُم مِّنَ ٱلْغَآئِطِ أَوْ لَٰمَسْتُمُ ٱلنِّسَآءَ فَلَمْ تَجِدُوا۟ مَآءً فَتَيَمَّمُوا۟ صَعِيدًا طَيِّبًا فَٱمْسَحُوا۟ بِوُجُوهِكُمْ وَأَيْدِيكُمْ إِنَّ ٱللَّهَ كَانَ عَفُوًّا غَفُورًا	يا أيها الذين آمنوا لا تقربوا الصلاة وأنتم سكارى حتى تعلموا ما تقولون ولا جنبا إلا عابري سبيل حتى تغتسلوا وإن كنتم مرضى أو على سفر أو جاء أحد منكم من الغائط أو لامستم النساء فلم تجدوا ماء فتيمموا صعيدا طيبا فامسحوا بوجوهكم وأيديكم إن الله كان عفوا غفورا
4	45	2	1	>aEolamu	أَعْلَمُ	>aEolam	N	STEM|POS:N|LEM:>aEolam|ROOT:Elm|MS|NOM	وَٱللَّهُ أَعْلَمُ بِأَعْدَآئِكُمْ وَكَفَىٰ بِٱللَّهِ وَلِيًّا وَكَفَىٰ بِٱللَّهِ نَصِيرًا	والله أعلم بأعدائكم وكفى بالله وليا وكفى بالله نصيرا
4	63	3	1	yaEolamu	يَعْلَمُ	Ealima	V	STEM|POS:V|IMPF|LEM:Ealima|ROOT:Elm|3MS	أُو۟لَٰٓئِكَ ٱلَّذِينَ يَعْلَمُ ٱللَّهُ مَا فِى قُلُوبِهِمْ فَأَعْرِضْ عَنْهُمْ وَعِظْهُمْ وَقُل لَّهُمْ فِىٓ أَنفُسِهِمْ قَوْلًۢا بَلِيغًا	أولئك الذين يعلم الله ما في قلوبهم فأعرض عنهم وعظهم وقل لهم في أنفسهم قولا بليغا
4	70	7	1	EaliymFA	عَلِيمًا	Ealiym	N	STEM|POS:N|LEM:Ealiym|ROOT:Elm|MS|INDEF|ACC	ذَٰلِكَ ٱلْفَضْلُ مِنَ ٱللَّهِ وَكَفَىٰ بِٱللَّهِ عَلِيمًا	ذلك الفضل من الله وكفى بالله عليما
4	83	18	2	Ealima	عَلِمَ	Ealima	V	STEM|POS:V|PERF|LEM:Ealima|ROOT:Elm|3MS	وَإِذَا جَآءَهُمْ أَمْرٌ مِّنَ ٱلْأَمْنِ أَوِ ٱلْخَوْفِ أَذَاعُوا۟ بِهِۦ وَلَوْ رَدُّوهُ إِلَى ٱلرَّسُولِ وَإِلَىٰٓ أُو۟لِى ٱلْأَمْرِ مِنْهُمْ لَعَلِمَهُ ٱلَّذِينَ يَسْتَنۢبِطُونَهُۥ مِنْهُمْ وَلَوْلَا فَضْلُ ٱللَّهِ عَلَيْكُمْ وَرَحْمَتُهُۥ لَٱتَّبَعْتُمُ ٱلشَّيْطَٰنَ إِلَّا قَلِيلًا	وإذا جاءهم أمر من الأمن أو الخوف أذاعوا به ولو ردوه إلى الرسول وإلى أولي الأمر منهم لعلمه الذين يستنبطونه منهم ولولا فضل الله عليكم ورحمته لاتبعتم الشيطان إلا قليلا
4	92	59	1	EaliymFA	عَلِيمًا	Ealiym	N	STEM|POS:N|LEM:Ealiym|ROOT:Elm|MS|INDEF|ACC	وَمَا كَانَ لِمُؤْمِنٍ أَن يَقْتُلَ مُؤْمِنًا إِلَّا خَطَـًٔا وَمَن قَتَلَ مُؤْمِنًا خَطَـًٔا فَتَحْرِيرُ رَقَبَةٍ مُّؤْمِنَةٍ وَدِيَةٌ مُّسَلَّمَةٌ إِلَىٰٓ أَهْلِهِۦٓ إِلَّآ أَن يَصَّدَّقُوا۟ فَإِن كَانَ مِن قَوْمٍ عَدُوٍّ لَّكُمْ وَهُوَ مُؤْمِنٌ فَتَحْرِيرُ رَقَبَةٍ مُّؤْمِنَةٍ وَإِن كَانَ مِن قَوْمٍۭ بَيْنَكُمْ وَبَيْنَهُم مِّيثَٰقٌ فَدِيَةٌ مُّسَلَّمَةٌ إِلَىٰٓ أَهْلِهِۦ وَتَحْرِيرُ رَقَبَةٍ مُّؤْمِنَةٍ فَمَن لَّمْ يَجِدْ فَصِيَامُ شَهْرَيْنِ مُتَتَابِعَيْنِ تَوْبَةً مِّنَ ٱللَّهِ وَكَانَ ٱللَّهُ عَلِيمًا حَكِيمًا	وما كان لمؤمن أن يقتل مؤمنا إلا خطأ ومن قتل مؤمنا خطأ فتحرير رقبة مؤمنة ودية مسلمة إلى أهله إلا أن يصدقوا فإن كان من قوم عدو لكم وهو مؤمن فتحرير رقبة مؤمنة وإن كان من قوم بينكم وبينهم ميثاق فدية مسلمة إلى أهله وتحرير رقبة مؤمنة فمن لم يجد فصيام شهرين متتابعين توبة من الله وكان الله عليما حكيما
4	104	21	1	EaliymFA	عَلِيمًا	Ealiym	N	STEM|POS:N|LEM:Ealiym|ROOT:Elm|MS|INDEF|ACC	وَلَا تَهِنُوا۟ فِى ٱبْتِغَآءِ ٱلْقَوْمِ إِن تَكُونُوا۟ تَأْلَمُونَ فَإِنَّهُمْ يَأْلَمُونَ كَمَا تَأْلَمُونَ وَتَرْجُونَ مِنَ ٱللَّهِ مَا لَا يَرْجُونَ وَكَانَ ٱللَّهُ عَلِيمًا حَكِيمًا	ولا تهنوا في ابتغاء القوم إن تكونوا تألمون فإنهم يألمون كما تألمون وترجون من الله ما لا يرجون وكان الله عليما حكيما
4	111	10	1	EaliymFA	عَلِيمًا	Ealiym	N	STEM|POS:N|LEM:Ealiym|ROOT:Elm|MS|INDEF|ACC	وَمَن يَكْسِبْ إِثْمًا فَإِنَّمَا يَكْسِبُهُۥ عَلَىٰ نَفْسِهِۦ وَكَانَ ٱللَّهُ عَلِيمًا حَكِيمًا	ومن يكسب إثما فإنما يكسبه على نفسه وكان الله عليما حكيما
4	113	24	2	Eal~ama	عَلَّمَ	Eal~ama	V	STEM|POS:V|PERF|(II)|LEM:Eal~ama|ROOT:Elm|3MS	وَلَوْلَا فَضْلُ ٱللَّهِ عَلَيْكَ وَرَحْمَتُهُۥ لَهَمَّت طَّآئِفَةٌ مِّنْهُمْ أَن يُضِلُّوكَ وَمَا يُضِلُّونَ إِلَّآ أَنفُسَهُمْ وَمَا يَضُرُّونَكَ مِن شَىْءٍ وَأَنزَلَ ٱللَّهُ عَلَيْكَ ٱلْكِتَٰبَ وَٱلْحِكْمَةَ وَعَلَّمَكَ مَا لَمْ تَكُن تَعْلَمُ وَكَانَ فَضْلُ ٱللَّهِ عَلَيْكَ عَظِيمًا	ولولا فضل الله عليك ورحمته لهمت طائفة منهم أن يضلوك وما يضلون إلا أنفسهم وما يضرونك من شيء وأنزل الله عليك الكتاب والحكمة وعلمك ما لم تكن تعلم وكان فضل الله عليك عظيما
4	113	28	1	taEolamu	تَعْلَمُ	Ealima	V	STEM|POS:V|IMPF|LEM:Ealima|ROOT:Elm|3FS	وَلَوْلَا فَضْلُ ٱللَّهِ عَلَيْكَ وَرَحْمَتُهُۥ لَهَمَّت طَّآئِفَةٌ مِّنْهُمْ أَن يُضِلُّوكَ وَمَا يُضِلُّونَ إِلَّآ أَنفُسَهُمْ وَمَا يَضُرُّونَكَ مِن شَىْءٍ وَأَنزَلَ ٱللَّهُ عَلَيْكَ ٱلْكِتَٰبَ وَٱلْحِكْمَةَ وَعَلَّمَكَ مَا لَمْ تَكُن تَعْلَمُ وَكَانَ فَضْلُ ٱللَّهِ عَلَيْكَ عَظِيمًا	ولولا فضل الله عليك ورحمته لهمت طائفة منهم أن يضلوك وما يضلون إلا أنفسهم وما يضرونك من شيء وأنزل الله عليك الكتاب والحكمة وعلمك ما لم تكن تعلم وكان فضل الله عليك عظيما
4	127	40	1	EaliymFA	عَلِيمًا	Ealiym	N	STEM|POS:N|LEM:Ealiym|ROOT:Elm|MS|INDEF|ACC	وَيَسْتَفْتُونَكَ فِى ٱلنِّسَآءِ قُلِ ٱللَّهُ يُفْتِيكُمْ فِيهِنَّ وَمَا يُتْلَىٰ عَلَيْكُمْ فِى ٱلْكِتَٰبِ فِى يَتَٰمَى ٱلنِّسَآءِ ٱلَّٰتِى لَا تُؤْتُونَهُنَّ مَا كُتِبَ لَهُنَّ وَتَرْغَبُونَ أَن تَنكِحُوهُنَّ وَٱلْمُسْتَضْعَفِينَ مِنَ ٱلْوِلْدَٰنِ وَأَن تَقُومُوا۟ لِلْيَتَٰمَىٰ بِٱلْقِسْطِ وَمَا تَفْعَلُوا۟ مِنْ خَيْرٍ فَإِنَّ ٱللَّهَ كَانَ بِهِۦ عَلِيمًا	ويستفتونك في النساء قل الله يفتيكم فيهن وما يتلى عليكم في الكتاب في يتامى النساء اللاتي لا تؤتونهن ما كتب لهن وترغبون أن تنكحوهن والمستضعفين من الولدان وأن تقوموا لليتامى بالقسط وما تفعلوا من خير فإن الله كان به عليما
4	147	11	1	EaliymFA	عَلِيمًا	Ealiym	ADJ	STEM|POS:ADJ|LEM:Ealiym|ROOT:Elm|MS|INDEF|ACC	مَّا يَفْعَلُ ٱللَّهُ بِعَذَابِكُمْ إِن شَكَرْتُمْ وَءَامَنتُمْ وَكَانَ ٱللَّهُ شَاكِرًا عَلِيمًا	ما يفعل الله بعذابكم إن شكرتم وآمنتم وكان الله شاكرا عليما
4	148	14	1	EaliymFA	عَلِيمًا	Ealiym	ADJ	STEM|POS:ADJ|LEM:Ealiym|ROOT:Elm|MS|INDEF|ACC	لَّا يُحِبُّ ٱللَّهُ ٱلْجَهْرَ بِٱلسُّوٓءِ مِنَ ٱلْقَوْلِ إِلَّا مَن ظُلِمَ وَكَانَ ٱللَّهُ سَمِيعًا عَلِيمًا	لا يحب الله الجهر بالسوء من القول إلا من ظلم وكان الله سميعا عليما
4	157	28	1	EilomK	عِلْمٍ	Eilom	N	STEM|POS:N|LEM:Eilom|ROOT:Elm|M|INDEF|GEN	وَقَوْلِهِمْ إِنَّا قَتَلْنَا ٱلْمَسِيحَ عِيسَى ٱبْنَ مَرْيَمَ رَسُولَ ٱللَّهِ وَمَا قَتَلُوهُ وَمَا صَلَبُوهُ وَلَٰكِن شُبِّهَ لَهُمْ وَإِنَّ ٱلَّذِينَ ٱخْتَلَفُوا۟ فِيهِ لَفِى شَكٍّ مِّنْهُ مَا لَهُم بِهِۦ مِنْ عِلْمٍ إِلَّا ٱتِّبَاعَ ٱلظَّنِّ وَمَا قَتَلُوهُ يَقِينًۢا	وقولهم إنا قتلنا المسيح عيسى ابن مريم رسول الله وما قتلوه وما صلبوه ولكن شبه لهم وإن الذين اختلفوا فيه لفي شك منه ما لهم به من علم إلا اتباع الظن وما قتلوه يقينا
4	162	4	2	Eilomi	عِلْمِ	Eilom	N	STEM|POS:N|LEM:Eilom|ROOT:Elm|M|GEN	لَّٰكِنِ ٱلرَّٰسِخُونَ فِى ٱلْعِلْمِ مِنْهُمْ وَٱلْمُؤْمِنُونَ يُؤْمِنُونَ بِمَآ أُنزِلَ إِلَيْكَ وَمَآ أُنزِلَ مِن قَبْلِكَ وَٱلْمُقِيمِينَ ٱلصَّلَوٰةَ وَٱلْمُؤْتُونَ ٱلزَّكَوٰةَ وَٱلْمُؤْمِنُونَ بِٱللَّهِ وَٱلْيَوْمِ ٱلْـَٔاخِرِ أُو۟لَٰٓئِكَ سَنُؤْتِيهِمْ أَجْرًا عَظِيمًا	لكن الراسخون في العلم منهم والمؤمنون يؤمنون بما أنزل إليك وما أنزل من قبلك والمقيمين الصلاة والمؤتون الزكاة والمؤمنون بالله واليوم الآخر أولئك سنؤتيهم أجرا عظيما
4	166	8	2	Eilomi	عِلْمِ	Eilom	N	STEM|POS:N|LEM:Eilom|ROOT:Elm|M|GEN	لَّٰكِنِ ٱللَّهُ يَشْهَدُ بِمَآ أَنزَلَ إِلَيْكَ أَنزَلَهُۥ بِعِلْمِهِۦ وَٱلْمَلَٰٓئِكَةُ يَشْهَدُونَ وَكَفَىٰ بِٱللَّهِ شَهِيدًا	لكن الله يشهد بما أنزل إليك أنزله بعلمه والملائكة يشهدون وكفى بالله شهيدا
4	170	22	1	EaliymFA	عَلِيمًا	Ealiym	N	STEM|POS:N|LEM:Ealiym|ROOT:Elm|MS|INDEF|ACC	يَٰٓأَيُّهَا ٱلنَّاسُ قَدْ جَآءَكُمُ ٱلرَّسُولُ بِٱلْحَقِّ مِن رَّبِّكُمْ فَـَٔامِنُوا۟ خَيْرًا لَّكُمْ وَإِن تَكْفُرُوا۟ فَإِنَّ لِلَّهِ مَا فِى ٱلسَّمَٰوَٰتِ وَٱلْأَرْضِ وَكَانَ ٱللَّهُ عَلِيمًا حَكِيمًا	يا أيها الناس قد جاءكم الرسول بالحق من ربكم فآمنوا خيرا لكم وإن تكفروا فإن لله ما في السماوات والأرض وكان الله عليما حكيما
4	176	50	1	EaliymN[	عَلِيمٌ[	Ealiym	N	STEM|POS:N|LEM:Ealiym|ROOT:Elm|MS|INDEF|NOM	يَسْتَفْتُونَكَ قُلِ ٱللَّهُ يُفْتِيكُمْ فِى ٱلْكَلَٰلَةِ إِنِ ٱمْرُؤٌا۟ هَلَكَ لَيْسَ لَهُۥ وَلَدٌ وَلَهُۥٓ أُخْتٌ فَلَهَا نِصْفُ مَا تَرَكَ وَهُوَ يَرِثُهَآ إِن لَّمْ يَكُن لَّهَا وَلَدٌ فَإِن كَانَتَا ٱثْنَتَيْنِ فَلَهُمَا ٱلثُّلُثَانِ مِمَّا تَرَكَ وَإِن كَانُوٓا۟ إِخْوَةً رِّجَالًا وَنِسَآءً فَلِلذَّكَرِ مِثْلُ حَظِّ ٱلْأُنثَيَيْنِ يُبَيِّنُ ٱللَّهُ لَكُمْ أَن تَضِلُّوا۟ وَٱللَّهُ بِكُلِّ شَىْءٍ عَلِيمٌۢ	يستفتونك قل الله يفتيكم في الكلالة إن امرؤ هلك ليس له ولد وله أخت فلها نصف ما ترك وهو يرثها إن لم يكن لها ولد فإن كانتا اثنتين فلهما الثلثان مما ترك وإن كانوا إخوة رجالا ونساء فللذكر مثل حظ الأنثيين يبين الله لكم أن تضلوا والله بكل شيء عليم
5	4	10	1	Eal~amo	عَلَّمْ	Eal~ama	V	STEM|POS:V|PERF|(II)|LEM:Eal~ama|ROOT:Elm|2MP	يَسْـَٔلُونَكَ مَاذَآ أُحِلَّ لَهُمْ قُلْ أُحِلَّ لَكُمُ ٱلطَّيِّبَٰتُ وَمَا عَلَّمْتُم مِّنَ ٱلْجَوَارِحِ مُكَلِّبِينَ تُعَلِّمُونَهُنَّ مِمَّا عَلَّمَكُمُ ٱللَّهُ فَكُلُوا۟ مِمَّآ أَمْسَكْنَ عَلَيْكُمْ وَٱذْكُرُوا۟ ٱسْمَ ٱللَّهِ عَلَيْهِ وَٱتَّقُوا۟ ٱللَّهَ إِنَّ ٱللَّهَ سَرِيعُ ٱلْحِسَابِ	يسألونك ماذا أحل لهم قل أحل لكم الطيبات وما علمتم من الجوارح مكلبين تعلمونهن مما علمكم الله فكلوا مما أمسكن عليكم واذكروا اسم الله عليه واتقوا الله إن الله سريع الحساب
5	4	14	1	tuEal~imu	تُعَلِّمُ	Eal~ama	V	STEM|POS:V|IMPF|(II)|LEM:Eal~ama|ROOT:Elm|2MP	يَسْـَٔلُونَكَ مَاذَآ أُحِلَّ لَهُمْ قُلْ أُحِلَّ لَكُمُ ٱلطَّيِّبَٰتُ وَمَا عَلَّمْتُم مِّنَ ٱلْجَوَارِحِ مُكَلِّبِينَ تُعَلِّمُونَهُنَّ مِمَّا عَلَّمَكُمُ ٱللَّهُ فَكُلُوا۟ مِمَّآ أَمْسَكْنَ عَلَيْكُمْ وَٱذْكُرُوا۟ ٱسْمَ ٱللَّهِ عَلَيْهِ وَٱتَّقُوا۟ ٱللَّهَ إِنَّ ٱللَّهَ سَرِيعُ ٱلْحِسَابِ	يسألونك ماذا أحل لهم قل أحل لكم الطيبات وما علمتم من الجوارح مكلبين تعلمونهن مما علمكم الله فكلوا مما أمسكن عليكم واذكروا اسم الله عليه واتقوا الله إن الله سريع الحساب
5	4	16	1	Eal~ama	عَلَّمَ	Eal~ama	V	STEM|POS:V|PERF|(II)|LEM:Eal~ama|ROOT:Elm|3MS	يَسْـَٔلُونَكَ مَاذَآ أُحِلَّ لَهُمْ قُلْ أُحِلَّ لَكُمُ ٱلطَّيِّبَٰتُ وَمَا عَلَّمْتُم مِّنَ ٱلْجَوَارِحِ مُكَلِّبِينَ تُعَلِّمُونَهُنَّ مِمَّا عَلَّمَكُمُ ٱللَّهُ فَكُلُوا۟ مِمَّآ أَمْسَكْنَ عَلَيْكُمْ وَٱذْكُرُوا۟ ٱسْمَ ٱللَّهِ عَلَيْهِ وَٱتَّقُوا۟ ٱللَّهَ إِنَّ ٱللَّهَ سَرِيعُ ٱلْحِسَابِ	يسألونك ماذا أحل لهم قل أحل لكم الطيبات وما علمتم من الجوارح مكلبين تعلمونهن مما علمكم الله فكلوا مما أمسكن عليكم واذكروا اسم الله عليه واتقوا الله إن الله سريع الحساب
5	7	17	1	EaliymN[	عَلِيمٌ[	Ealiym	N	STEM|POS:N|LEM:Ealiym|ROOT:Elm|MS|INDEF|NOM	وَٱذْكُرُوا۟ نِعْمَةَ ٱللَّهِ عَلَيْكُمْ وَمِيثَٰقَهُ ٱلَّذِى وَاثَقَكُم بِهِۦٓ إِذْ قُلْتُمْ سَمِعْنَا وَأَطَعْنَا وَٱتَّقُوا۟ ٱللَّهَ إِنَّ ٱللَّهَ عَلِيمٌۢ بِذَاتِ ٱلصُّدُورِ	واذكروا نعمة الله عليكم وميثاقه الذي واثقكم به إذ قلتم سمعنا وأطعنا واتقوا الله إن الله عليم بذات الصدور
5	20	22	2	Ea`lamiyna	عَٰلَمِينَ	Ea`lamiyn	N	STEM|POS:N|LEM:Ea`lamiyn|ROOT:Elm|MP|GEN	وَإِذْ قَالَ مُوسَىٰ لِقَوْمِهِۦ يَٰقَوْمِ ٱذْكُرُوا۟ نِعْمَةَ ٱللَّهِ عَلَيْكُمْ إِذْ جَعَلَ فِيكُمْ أَنۢبِيَآءَ وَجَعَلَكُم مُّلُوكًا وَءَاتَىٰكُم مَّا لَمْ يُؤْتِ أَحَدًا مِّنَ ٱلْعَٰلَمِينَ	وإذ قال موسى لقومه يا قوم اذكروا نعمة الله عليكم إذ جعل فيكم أنبياء وجعلكم ملوكا وآتاكم ما لم يؤت أحدا من العالمين
5	28	16	2	Ea`lamiyna	عَٰلَمِينَ	Ea`lamiyn	N	STEM|POS:N|LEM:Ea`lamiyn|ROOT:Elm|MP|GEN	لَئِنۢ بَسَطتَ إِلَىَّ يَدَكَ لِتَقْتُلَنِى مَآ أَنَا۠ بِبَاسِطٍ يَدِىَ إِلَيْكَ لِأَقْتُلَكَ إِنِّىٓ أَخَافُ ٱللَّهَ رَبَّ ٱلْعَٰلَمِينَ	لئن بسطت إلي يدك لتقتلني ما أنا بباسط يدي إليك لأقتلك إني أخاف الله رب العالمين
5	34	9	2	{Eolamu	ٱعْلَمُ	Ealima	V	STEM|POS:V|IMPV|LEM:Ealima|ROOT:Elm|2MP	إِلَّا ٱلَّذِينَ تَابُوا۟ مِن قَبْلِ أَن تَقْدِرُوا۟ عَلَيْهِمْ فَٱعْلَمُوٓا۟ أَنَّ ٱللَّهَ غَفُورٌ رَّحِيمٌ	إلا الذين تابوا من قبل أن تقدروا عليهم فاعلموا أن الله غفور رحيم
5	40	2	1	taEolamo	تَعْلَمْ	Ealima	V	STEM|POS:V|IMPF|LEM:Ealima|ROOT:Elm|2MS|MOOD:JUS	أَلَمْ تَعْلَمْ أَنَّ ٱللَّهَ لَهُۥ مُلْكُ ٱلسَّمَٰوَٰتِ وَٱلْأَرْضِ يُعَذِّبُ مَن يَشَآءُ وَيَغْفِرُ لِمَن يَشَآءُ وَٱللَّهُ عَلَىٰ كُلِّ شَىْءٍ قَدِيرٌ	ألم تعلم أن الله له ملك السماوات والأرض يعذب من يشاء ويغفر لمن يشاء والله على كل شيء قدير
5	49	21	2	{Eolamo	ٱعْلَمْ	Ealima	V	STEM|POS:V|IMPV|LEM:Ealima|ROOT:Elm|2MS	وَأَنِ ٱحْكُم بَيْنَهُم بِمَآ أَنزَلَ ٱللَّهُ وَلَا تَتَّبِعْ أَهْوَآءَهُمْ وَٱحْذَرْهُمْ أَن يَفْتِنُوكَ عَنۢ بَعْضِ مَآ أَنزَلَ ٱللَّهُ إِلَيْكَ فَإِن تَوَلَّوْا۟ فَٱعْلَمْ أَنَّمَا يُرِيدُ ٱللَّهُ أَن يُصِيبَهُم بِبَعْضِ ذُنُوبِهِمْ وَإِنَّ كَثِيرًا مِّنَ ٱلنَّاسِ لَفَٰسِقُونَ	وأن احكم بينهم بما أنزل الله ولا تتبع أهواءهم واحذرهم أن يفتنوك عن بعض ما أنزل الله إليك فإن تولوا فاعلم أنما يريد الله أن يصيبهم ببعض ذنوبهم وإن كثيرا من الناس لفاسقون
5	54	37	1	EaliymN	عَلِيمٌ	Ealiym	ADJ	STEM|POS:ADJ|LEM:Ealiym|ROOT:Elm|MS|INDEF|NOM	يَٰٓأَيُّهَا ٱلَّذِينَ ءَامَنُوا۟ مَن يَرْتَدَّ مِنكُمْ عَن دِينِهِۦ فَسَوْفَ يَأْتِى ٱللَّهُ بِقَوْمٍ يُحِبُّهُمْ وَيُحِبُّونَهُۥٓ أَذِلَّةٍ عَلَى ٱلْمُؤْمِنِينَ أَعِزَّةٍ عَلَى ٱلْكَٰفِرِينَ يُجَٰهِدُونَ فِى سَبِيلِ ٱللَّهِ وَلَا يَخَافُونَ لَوْمَةَ لَآئِمٍ ذَٰلِكَ فَضْلُ ٱللَّهِ يُؤْتِيهِ مَن يَشَآءُ وَٱللَّهُ وَٰسِعٌ عَلِيمٌ	يا أيها الذين آمنوا من يرتد منكم عن دينه فسوف يأتي الله بقوم يحبهم ويحبونه أذلة على المؤمنين أعزة على الكافرين يجاهدون في سبيل الله ولا يخافون لومة لائم ذلك فضل الله يؤتيه من يشاء والله واسع عليم
5	61	13	1	>aEolamu	أَعْلَمُ	>aEolam	N	STEM|POS:N|LEM:>aEolam|ROOT:Elm|MS|NOM	وَإِذَا جَآءُوكُمْ قَالُوٓا۟ ءَامَنَّا وَقَد دَّخَلُوا۟ بِٱلْكُفْرِ وَهُمْ قَدْ خَرَجُوا۟ بِهِۦ وَٱللَّهُ أَعْلَمُ بِمَا كَانُوا۟ يَكْتُمُونَ	وإذا جاءوكم قالوا آمنا وقد دخلوا بالكفر وهم قد خرجوا به والله أعلم بما كانوا يكتمون
5	76	16	2	Ealiymu	عَلِيمُ	Ealiym	ADJ	STEM|POS:ADJ|LEM:Ealiym|ROOT:Elm|MS|NOM	قُلْ أَتَعْبُدُونَ مِن دُونِ ٱللَّهِ مَا لَا يَمْلِكُ لَكُمْ ضَرًّا وَلَا نَفْعًا وَٱللَّهُ هُوَ ٱلسَّمِيعُ ٱلْعَلِيمُ	قل أتعبدون من دون الله ما لا يملك لكم ضرا ولا نفعا والله هو السميع العليم
5	92	8	2	{Eolamu	ٱعْلَمُ	Ealima	V	STEM|POS:V|IMPV|LEM:Ealima|ROOT:Elm|2MP	وَأَطِيعُوا۟ ٱللَّهَ وَأَطِيعُوا۟ ٱلرَّسُولَ وَٱحْذَرُوا۟ فَإِن تَوَلَّيْتُمْ فَٱعْلَمُوٓا۟ أَنَّمَا عَلَىٰ رَسُولِنَا ٱلْبَلَٰغُ ٱلْمُبِينُ	وأطيعوا الله وأطيعوا الرسول واحذروا فإن توليتم فاعلموا أنما على رسولنا البلاغ المبين
5	94	12	2	yaEolama	يَعْلَمَ	Ealima	V	STEM|POS:V|IMPF|LEM:Ealima|ROOT:Elm|3MS|MOOD:SUBJ	يَٰٓأَيُّهَا ٱلَّذِينَ ءَامَنُوا۟ لَيَبْلُوَنَّكُمُ ٱللَّهُ بِشَىْءٍ مِّنَ ٱلصَّيْدِ تَنَالُهُۥٓ أَيْدِيكُمْ وَرِمَاحُكُمْ لِيَعْلَمَ ٱللَّهُ مَن يَخَافُهُۥ بِٱلْغَيْبِ فَمَنِ ٱعْتَدَىٰ بَعْدَ ذَٰلِكَ فَلَهُۥ عَذَابٌ أَلِيمٌ	يا أيها الذين آمنوا ليبلونكم الله بشيء من الصيد تناله أيديكم ورماحكم ليعلم الله من يخافه بالغيب فمن اعتدى بعد ذلك فله عذاب أليم
5	97	13	2	taEolamu	تَعْلَمُ	Ealima	V	STEM|POS:V|IMPF|LEM:Ealima|ROOT:Elm|2MP|MOOD:SUBJ	جَعَلَ ٱللَّهُ ٱلْكَعْبَةَ ٱلْبَيْتَ ٱلْحَرَامَ قِيَٰمًا لِّلنَّاسِ وَٱلشَّهْرَ ٱلْحَرَامَ وَٱلْهَدْىَ وَٱلْقَلَٰٓئِدَ ذَٰلِكَ لِتَعْلَمُوٓا۟ أَنَّ ٱللَّهَ يَعْلَمُ مَا فِى ٱلسَّمَٰوَٰتِ وَمَا فِى ٱلْأَرْضِ وَأَنَّ ٱللَّهَ بِكُلِّ شَىْءٍ عَلِيمٌ	جعل الله الكعبة البيت الحرام قياما للناس والشهر الحرام والهدي والقلائد ذلك لتعلموا أن الله يعلم ما في السماوات وما في الأرض وأن الله بكل شيء عليم
5	97	16	1	yaEolamu	يَعْلَمُ	Ealima	V	STEM|POS:V|IMPF|LEM:Ealima|ROOT:Elm|3MS	جَعَلَ ٱللَّهُ ٱلْكَعْبَةَ ٱلْبَيْتَ ٱلْحَرَامَ قِيَٰمًا لِّلنَّاسِ وَٱلشَّهْرَ ٱلْحَرَامَ وَٱلْهَدْىَ وَٱلْقَلَٰٓئِدَ ذَٰلِكَ لِتَعْلَمُوٓا۟ أَنَّ ٱللَّهَ يَعْلَمُ مَا فِى ٱلسَّمَٰوَٰتِ وَمَا فِى ٱلْأَرْضِ وَأَنَّ ٱللَّهَ بِكُلِّ شَىْءٍ عَلِيمٌ	جعل الله الكعبة البيت الحرام قياما للناس والشهر الحرام والهدي والقلائد ذلك لتعلموا أن الله يعلم ما في السماوات وما في الأرض وأن الله بكل شيء عليم
5	97	27	1	EaliymN	عَلِيمٌ	Ealiym	N	STEM|POS:N|LEM:Ealiym|ROOT:Elm|MS|INDEF|NOM	جَعَلَ ٱللَّهُ ٱلْكَعْبَةَ ٱلْبَيْتَ ٱلْحَرَامَ قِيَٰمًا لِّلنَّاسِ وَٱلشَّهْرَ ٱلْحَرَامَ وَٱلْهَدْىَ وَٱلْقَلَٰٓئِدَ ذَٰلِكَ لِتَعْلَمُوٓا۟ أَنَّ ٱللَّهَ يَعْلَمُ مَا فِى ٱلسَّمَٰوَٰتِ وَمَا فِى ٱلْأَرْضِ وَأَنَّ ٱللَّهَ بِكُلِّ شَىْءٍ عَلِيمٌ	جعل الله الكعبة البيت الحرام قياما للناس والشهر الحرام والهدي والقلائد ذلك لتعلموا أن الله يعلم ما في السماوات وما في الأرض وأن الله بكل شيء عليم
5	98	1	1	{Eolamu	ٱعْلَمُ	Ealima	V	STEM|POS:V|IMPV|LEM:Ealima|ROOT:Elm|2MP	ٱعْلَمُوٓا۟ أَنَّ ٱللَّهَ شَدِيدُ ٱلْعِقَابِ وَأَنَّ ٱللَّهَ غَفُورٌ رَّحِيمٌ	اعلموا أن الله شديد العقاب وأن الله غفور رحيم
5	99	7	1	yaEolamu	يَعْلَمُ	Ealima	V	STEM|POS:V|IMPF|LEM:Ealima|ROOT:Elm|3MS	مَّا عَلَى ٱلرَّسُولِ إِلَّا ٱلْبَلَٰغُ وَٱللَّهُ يَعْلَمُ مَا تُبْدُونَ وَمَا تَكْتُمُونَ	ما على الرسول إلا البلاغ والله يعلم ما تبدون وما تكتمون
5	104	21	1	yaEolamu	يَعْلَمُ	Ealima	V	STEM|POS:V|IMPF|LEM:Ealima|ROOT:Elm|3MP	وَإِذَا قِيلَ لَهُمْ تَعَالَوْا۟ إِلَىٰ مَآ أَنزَلَ ٱللَّهُ وَإِلَى ٱلرَّسُولِ قَالُوا۟ حَسْبُنَا مَا وَجَدْنَا عَلَيْهِ ءَابَآءَنَآ أَوَلَوْ كَانَ ءَابَآؤُهُمْ لَا يَعْلَمُونَ شَيْـًٔا وَلَا يَهْتَدُونَ	وإذا قيل لهم تعالوا إلى ما أنزل الله وإلى الرسول قالوا حسبنا ما وجدنا عليه آباءنا أولو كان آباؤهم لا يعلمون شيئا ولا يهتدون
5	109	10	1	Eiloma	عِلْمَ	Eilom	N	STEM|POS:N|LEM:Eilom|ROOT:Elm|M|ACC	يَوْمَ يَجْمَعُ ٱللَّهُ ٱلرُّسُلَ فَيَقُولُ مَاذَآ أُجِبْتُمْ قَالُوا۟ لَا عِلْمَ لَنَآ إِنَّكَ أَنتَ عَلَّٰمُ ٱلْغُيُوبِ	يوم يجمع الله الرسل فيقول ماذا أجبتم قالوا لا علم لنا إنك أنت علام الغيوب
5	109	14	1	Eal~a`mu	عَلَّٰمُ	Eal~a`m	N	STEM|POS:N|LEM:Eal~a`m|ROOT:Elm|MS|NOM	يَوْمَ يَجْمَعُ ٱللَّهُ ٱلرُّسُلَ فَيَقُولُ مَاذَآ أُجِبْتُمْ قَالُوا۟ لَا عِلْمَ لَنَآ إِنَّكَ أَنتَ عَلَّٰمُ ٱلْغُيُوبِ	يوم يجمع الله الرسل فيقول ماذا أجبتم قالوا لا علم لنا إنك أنت علام الغيوب
5	110	22	1	Eal~amo	عَلَّمْ	Eal~ama	V	STEM|POS:V|PERF|(II)|LEM:Eal~ama|ROOT:Elm|1S	إِذْ قَالَ ٱللَّهُ يَٰعِيسَى ٱبْنَ مَرْيَمَ ٱذْكُرْ نِعْمَتِى عَلَيْكَ وَعَلَىٰ وَٰلِدَتِكَ إِذْ أَيَّدتُّكَ بِرُوحِ ٱلْقُدُسِ تُكَلِّمُ ٱلنَّاسَ فِى ٱلْمَهْدِ وَكَهْلًا وَإِذْ عَلَّمْتُكَ ٱلْكِتَٰبَ وَٱلْحِكْمَةَ وَٱلتَّوْرَىٰةَ وَٱلْإِنجِيلَ وَإِذْ تَخْلُقُ مِنَ ٱلطِّينِ كَهَيْـَٔةِ ٱلطَّيْرِ بِإِذْنِى فَتَنفُخُ فِيهَا فَتَكُونُ طَيْرًۢا بِإِذْنِى وَتُبْرِئُ ٱلْأَكْمَهَ وَٱلْأَبْرَصَ بِإِذْنِى وَإِذْ تُخْرِجُ ٱلْمَوْتَىٰ بِإِذْنِى وَإِذْ كَفَفْتُ بَنِىٓ إِسْرَٰٓءِيلَ عَنكَ إِذْ جِئْتَهُم بِٱلْبَيِّنَٰتِ فَقَالَ ٱلَّذِينَ كَفَرُوا۟ مِنْهُمْ إِنْ هَٰذَآ إِلَّا سِحْرٌ مُّبِينٌ	إذ قال الله يا عيسى ابن مريم اذكر نعمتي عليك وعلى والدتك إذ أيدتك بروح القدس تكلم الناس في المهد وكهلا وإذ علمتك الكتاب والحكمة والتوراة والإنجيل وإذ تخلق من الطين كهيئة الطير بإذني فتنفخ فيها فتكون طيرا بإذني وتبرئ الأكمه والأبرص بإذني وإذ تخرج الموتى بإذني وإذ كففت بني إسرائيل عنك إذ جئتهم بالبينات فقال الذين كفروا منهم إن هذا إلا سحر مبين
5	113	8	2	naEolama	نَعْلَمَ	Ealima	V	STEM|POS:V|IMPF|LEM:Ealima|ROOT:Elm|1P|MOOD:SUBJ	قَالُوا۟ نُرِيدُ أَن نَّأْكُلَ مِنْهَا وَتَطْمَئِنَّ قُلُوبُنَا وَنَعْلَمَ أَن قَدْ صَدَقْتَنَا وَنَكُونَ عَلَيْهَا مِنَ ٱلشَّٰهِدِينَ	قالوا نريد أن نأكل منها وتطمئن قلوبنا ونعلم أن قد صدقتنا ونكون عليها من الشاهدين
5	115	17	2	Ea`lamiyna	عَٰلَمِينَ	Ea`lamiyn	N	STEM|POS:N|LEM:Ea`lamiyn|ROOT:Elm|MP|GEN	قَالَ ٱللَّهُ إِنِّى مُنَزِّلُهَا عَلَيْكُمْ فَمَن يَكْفُرْ بَعْدُ مِنكُمْ فَإِنِّىٓ أُعَذِّبُهُۥ عَذَابًا لَّآ أُعَذِّبُهُۥٓ أَحَدًا مِّنَ ٱلْعَٰلَمِينَ	قال الله إني منزلها عليكم فمن يكفر بعد منكم فإني أعذبه عذابا لا أعذبه أحدا من العالمين
5	116	31	1	Ealimo	عَلِمْ	Ealima	V	STEM|POS:V|PERF|LEM:Ealima|ROOT:Elm|2MS	وَإِذْ قَالَ ٱللَّهُ يَٰعِيسَى ٱبْنَ مَرْيَمَ ءَأَنتَ قُلْتَ لِلنَّاسِ ٱتَّخِذُونِى وَأُمِّىَ إِلَٰهَيْنِ مِن دُونِ ٱللَّهِ قَالَ سُبْحَٰنَكَ مَا يَكُونُ لِىٓ أَنْ أَقُولَ مَا لَيْسَ لِى بِحَقٍّ إِن كُنتُ قُلْتُهُۥ فَقَدْ عَلِمْتَهُۥ تَعْلَمُ مَا فِى نَفْسِى وَلَآ أَعْلَمُ مَا فِى نَفْسِكَ إِنَّكَ أَنتَ عَلَّٰمُ ٱلْغُيُوبِ	وإذ قال الله يا عيسى ابن مريم أأنت قلت للناس اتخذوني وأمي إلهين من دون الله قال سبحانك ما يكون لي أن أقول ما ليس لي بحق إن كنت قلته فقد علمته تعلم ما في نفسي ولا أعلم ما في نفسك إنك أنت علام الغيوب
5	116	32	1	taEolamu	تَعْلَمُ	Ealima	V	STEM|POS:V|IMPF|LEM:Ealima|ROOT:Elm|2MS	وَإِذْ قَالَ ٱللَّهُ يَٰعِيسَى ٱبْنَ مَرْيَمَ ءَأَنتَ قُلْتَ لِلنَّاسِ ٱتَّخِذُونِى وَأُمِّىَ إِلَٰهَيْنِ مِن دُونِ ٱللَّهِ قَالَ سُبْحَٰنَكَ مَا يَكُونُ لِىٓ أَنْ أَقُولَ مَا لَيْسَ لِى بِحَقٍّ إِن كُنتُ قُلْتُهُۥ فَقَدْ عَلِمْتَهُۥ تَعْلَمُ مَا فِى نَفْسِى وَلَآ أَعْلَمُ مَا فِى نَفْسِكَ إِنَّكَ أَنتَ عَلَّٰمُ ٱلْغُيُوبِ	وإذ قال الله يا عيسى ابن مريم أأنت قلت للناس اتخذوني وأمي إلهين من دون الله قال سبحانك ما يكون لي أن أقول ما ليس لي بحق إن كنت قلته فقد علمته تعلم ما في نفسي ولا أعلم ما في نفسك إنك أنت علام الغيوب
5	116	37	1	>aEolamu	أَعْلَمُ	Ealima	V	STEM|POS:V|IMPF|LEM:Ealima|ROOT:Elm|1S	وَإِذْ قَالَ ٱللَّهُ يَٰعِيسَى ٱبْنَ مَرْيَمَ ءَأَنتَ قُلْتَ لِلنَّاسِ ٱتَّخِذُونِى وَأُمِّىَ إِلَٰهَيْنِ مِن دُونِ ٱللَّهِ قَالَ سُبْحَٰنَكَ مَا يَكُونُ لِىٓ أَنْ أَقُولَ مَا لَيْسَ لِى بِحَقٍّ إِن كُنتُ قُلْتُهُۥ فَقَدْ عَلِمْتَهُۥ تَعْلَمُ مَا فِى نَفْسِى وَلَآ أَعْلَمُ مَا فِى نَفْسِكَ إِنَّكَ أَنتَ عَلَّٰمُ ٱلْغُيُوبِ	وإذ قال الله يا عيسى ابن مريم أأنت قلت للناس اتخذوني وأمي إلهين من دون الله قال سبحانك ما يكون لي أن أقول ما ليس لي بحق إن كنت قلته فقد علمته تعلم ما في نفسي ولا أعلم ما في نفسك إنك أنت علام الغيوب
5	116	43	1	Eal~a`mu	عَلَّٰمُ	Eal~a`m	N	STEM|POS:N|LEM:Eal~a`m|ROOT:Elm|MS|NOM	وَإِذْ قَالَ ٱللَّهُ يَٰعِيسَى ٱبْنَ مَرْيَمَ ءَأَنتَ قُلْتَ لِلنَّاسِ ٱتَّخِذُونِى وَأُمِّىَ إِلَٰهَيْنِ مِن دُونِ ٱللَّهِ قَالَ سُبْحَٰنَكَ مَا يَكُونُ لِىٓ أَنْ أَقُولَ مَا لَيْسَ لِى بِحَقٍّ إِن كُنتُ قُلْتُهُۥ فَقَدْ عَلِمْتَهُۥ تَعْلَمُ مَا فِى نَفْسِى وَلَآ أَعْلَمُ مَا فِى نَفْسِكَ إِنَّكَ أَنتَ عَلَّٰمُ ٱلْغُيُوبِ	وإذ قال الله يا عيسى ابن مريم أأنت قلت للناس اتخذوني وأمي إلهين من دون الله قال سبحانك ما يكون لي أن أقول ما ليس لي بحق إن كنت قلته فقد علمته تعلم ما في نفسي ولا أعلم ما في نفسك إنك أنت علام الغيوب
6	3	7	1	yaEolamu	يَعْلَمُ	Ealima	V	STEM|POS:V|IMPF|LEM:Ealima|ROOT:Elm|3MS	وَهُوَ ٱللَّهُ فِى ٱلسَّمَٰوَٰتِ وَفِى ٱلْأَرْضِ يَعْلَمُ سِرَّكُمْ وَجَهْرَكُمْ وَيَعْلَمُ مَا تَكْسِبُونَ	وهو الله في السماوات وفي الأرض يعلم سركم وجهركم ويعلم ما تكسبون
6	3	10	2	yaEolamu	يَعْلَمُ	Ealima	V	STEM|POS:V|IMPF|LEM:Ealima|ROOT:Elm|3MS	وَهُوَ ٱللَّهُ فِى ٱلسَّمَٰوَٰتِ وَفِى ٱلْأَرْضِ يَعْلَمُ سِرَّكُمْ وَجَهْرَكُمْ وَيَعْلَمُ مَا تَكْسِبُونَ	وهو الله في السماوات وفي الأرض يعلم سركم وجهركم ويعلم ما تكسبون
6	13	9	2	Ealiymu	عَلِيمُ	Ealiym	ADJ	STEM|POS:ADJ|LEM:Ealiym|ROOT:Elm|MS|NOM	وَلَهُۥ مَا سَكَنَ فِى ٱلَّيْلِ وَٱلنَّهَارِ وَهُوَ ٱلسَّمِيعُ ٱلْعَلِيمُ	وله ما سكن في الليل والنهار وهو السميع العليم
6	33	2	1	naEolamu	نَعْلَمُ	Ealima	V	STEM|POS:V|IMPF|LEM:Ealima|ROOT:Elm|1P	قَدْ نَعْلَمُ إِنَّهُۥ لَيَحْزُنُكَ ٱلَّذِى يَقُولُونَ فَإِنَّهُمْ لَا يُكَذِّبُونَكَ وَلَٰكِنَّ ٱلظَّٰلِمِينَ بِـَٔايَٰتِ ٱللَّهِ يَجْحَدُونَ	قد نعلم إنه ليحزنك الذي يقولون فإنهم لا يكذبونك ولكن الظالمين بآيات الله يجحدون
6	37	19	1	yaEolamu	يَعْلَمُ	Ealima	V	STEM|POS:V|IMPF|LEM:Ealima|ROOT:Elm|3MP	وَقَالُوا۟ لَوْلَا نُزِّلَ عَلَيْهِ ءَايَةٌ مِّن رَّبِّهِۦ قُلْ إِنَّ ٱللَّهَ قَادِرٌ عَلَىٰٓ أَن يُنَزِّلَ ءَايَةً وَلَٰكِنَّ أَكْثَرَهُمْ لَا يَعْلَمُونَ	وقالوا لولا نزل عليه آية من ربه قل إن الله قادر على أن ينزل آية ولكن أكثرهم لا يعلمون
6	45	9	2	Ea`lamiyna	عَٰلَمِينَ	Ea`lamiyn	N	STEM|POS:N|LEM:Ea`lamiyn|ROOT:Elm|MP|GEN	فَقُطِعَ دَابِرُ ٱلْقَوْمِ ٱلَّذِينَ ظَلَمُوا۟ وَٱلْحَمْدُ لِلَّهِ رَبِّ ٱلْعَٰلَمِينَ	فقطع دابر القوم الذين ظلموا والحمد لله رب العالمين
6	50	9	1	>aEolamu	أَعْلَمُ	Ealima	V	STEM|POS:V|IMPF|LEM:Ealima|ROOT:Elm|1S	قُل لَّآ أَقُولُ لَكُمْ عِندِى خَزَآئِنُ ٱللَّهِ وَلَآ أَعْلَمُ ٱلْغَيْبَ وَلَآ أَقُولُ لَكُمْ إِنِّى مَلَكٌ إِنْ أَتَّبِعُ إِلَّا مَا يُوحَىٰٓ إِلَىَّ قُلْ هَلْ يَسْتَوِى ٱلْأَعْمَىٰ وَٱلْبَصِيرُ أَفَلَا تَتَفَكَّرُونَ	قل لا أقول لكم عندي خزائن الله ولا أعلم الغيب ولا أقول لكم إني ملك إن أتبع إلا ما يوحى إلي قل هل يستوي الأعمى والبصير أفلا تتفكرون
6	53	14	2	>aEolama	أَعْلَمَ	>aEolam	N	STEM|POS:N|LEM:>aEolam|ROOT:Elm|MS|GEN	وَكَذَٰلِكَ فَتَنَّا بَعْضَهُم بِبَعْضٍ لِّيَقُولُوٓا۟ أَهَٰٓؤُلَآءِ مَنَّ ٱللَّهُ عَلَيْهِم مِّنۢ بَيْنِنَآ أَلَيْسَ ٱللَّهُ بِأَعْلَمَ بِٱلشَّٰكِرِينَ	وكذلك فتنا بعضهم ببعض ليقولوا أهؤلاء من الله عليهم من بيننا أليس الله بأعلم بالشاكرين
6	58	13	1	>aEolamu	أَعْلَمُ	>aEolam	N	STEM|POS:N|LEM:>aEolam|ROOT:Elm|MS|NOM	قُل لَّوْ أَنَّ عِندِى مَا تَسْتَعْجِلُونَ بِهِۦ لَقُضِىَ ٱلْأَمْرُ بَيْنِى وَبَيْنَكُمْ وَٱللَّهُ أَعْلَمُ بِٱلظَّٰلِمِينَ	قل لو أن عندي ما تستعجلون به لقضي الأمر بيني وبينكم والله أعلم بالظالمين
6	59	5	1	yaEolamu	يَعْلَمُ	Ealima	V	STEM|POS:V|IMPF|LEM:Ealima|ROOT:Elm|3MS	وَعِندَهُۥ مَفَاتِحُ ٱلْغَيْبِ لَا يَعْلَمُهَآ إِلَّا هُوَ وَيَعْلَمُ مَا فِى ٱلْبَرِّ وَٱلْبَحْرِ وَمَا تَسْقُطُ مِن وَرَقَةٍ إِلَّا يَعْلَمُهَا وَلَا حَبَّةٍ فِى ظُلُمَٰتِ ٱلْأَرْضِ وَلَا رَطْبٍ وَلَا يَابِسٍ إِلَّا فِى كِتَٰبٍ مُّبِينٍ	وعنده مفاتح الغيب لا يعلمها إلا هو ويعلم ما في البر والبحر وما تسقط من ورقة إلا يعلمها ولا حبة في ظلمات الأرض ولا رطب ولا يابس إلا في كتاب مبين
6	59	8	2	yaEolamu	يَعْلَمُ	Ealima	V	STEM|POS:V|IMPF|LEM:Ealima|ROOT:Elm|3MS	وَعِندَهُۥ مَفَاتِحُ ٱلْغَيْبِ لَا يَعْلَمُهَآ إِلَّا هُوَ وَيَعْلَمُ مَا فِى ٱلْبَرِّ وَٱلْبَحْرِ وَمَا تَسْقُطُ مِن وَرَقَةٍ إِلَّا يَعْلَمُهَا وَلَا حَبَّةٍ فِى ظُلُمَٰتِ ٱلْأَرْضِ وَلَا رَطْبٍ وَلَا يَابِسٍ إِلَّا فِى كِتَٰبٍ مُّبِينٍ	وعنده مفاتح الغيب لا يعلمها إلا هو ويعلم ما في البر والبحر وما تسقط من ورقة إلا يعلمها ولا حبة في ظلمات الأرض ولا رطب ولا يابس إلا في كتاب مبين
6	59	18	1	yaEolamu	يَعْلَمُ	Ealima	V	STEM|POS:V|IMPF|LEM:Ealima|ROOT:Elm|3MS	وَعِندَهُۥ مَفَاتِحُ ٱلْغَيْبِ لَا يَعْلَمُهَآ إِلَّا هُوَ وَيَعْلَمُ مَا فِى ٱلْبَرِّ وَٱلْبَحْرِ وَمَا تَسْقُطُ مِن وَرَقَةٍ إِلَّا يَعْلَمُهَا وَلَا حَبَّةٍ فِى ظُلُمَٰتِ ٱلْأَرْضِ وَلَا رَطْبٍ وَلَا يَابِسٍ إِلَّا فِى كِتَٰبٍ مُّبِينٍ	وعنده مفاتح الغيب لا يعلمها إلا هو ويعلم ما في البر والبحر وما تسقط من ورقة إلا يعلمها ولا حبة في ظلمات الأرض ولا رطب ولا يابس إلا في كتاب مبين
6	60	5	2	yaEolamu	يَعْلَمُ	Ealima	V	STEM|POS:V|IMPF|LEM:Ealima|ROOT:Elm|3MS	وَهُوَ ٱلَّذِى يَتَوَفَّىٰكُم بِٱلَّيْلِ وَيَعْلَمُ مَا جَرَحْتُم بِٱلنَّهَارِ ثُمَّ يَبْعَثُكُمْ فِيهِ لِيُقْضَىٰٓ أَجَلٌ مُّسَمًّى ثُمَّ إِلَيْهِ مَرْجِعُكُمْ ثُمَّ يُنَبِّئُكُم بِمَا كُنتُمْ تَعْمَلُونَ	وهو الذي يتوفاكم بالليل ويعلم ما جرحتم بالنهار ثم يبعثكم فيه ليقضى أجل مسمى ثم إليه مرجعكم ثم ينبئكم بما كنتم تعملون
6	67	5	1	taEolamu	تَعْلَمُ	Ealima	V	STEM|POS:V|IMPF|LEM:Ealima|ROOT:Elm|2MP	لِّكُلِّ نَبَإٍ مُّسْتَقَرٌّ وَسَوْفَ تَعْلَمُونَ	لكل نبإ مستقر وسوف تعلمون
6	71	39	2	Ea`lamiyna	عَٰلَمِينَ	Ea`lamiyn	N	STEM|POS:N|LEM:Ea`lamiyn|ROOT:Elm|MP|GEN	قُلْ أَنَدْعُوا۟ مِن دُونِ ٱللَّهِ مَا لَا يَنفَعُنَا وَلَا يَضُرُّنَا وَنُرَدُّ عَلَىٰٓ أَعْقَابِنَا بَعْدَ إِذْ هَدَىٰنَا ٱللَّهُ كَٱلَّذِى ٱسْتَهْوَتْهُ ٱلشَّيَٰطِينُ فِى ٱلْأَرْضِ حَيْرَانَ لَهُۥٓ أَصْحَٰبٌ يَدْعُونَهُۥٓ إِلَى ٱلْهُدَى ٱئْتِنَا قُلْ إِنَّ هُدَى ٱللَّهِ هُوَ ٱلْهُدَىٰ وَأُمِرْنَا لِنُسْلِمَ لِرَبِّ ٱلْعَٰلَمِينَ	قل أندعو من دون الله ما لا ينفعنا ولا يضرنا ونرد على أعقابنا بعد إذ هدانا الله كالذي استهوته الشياطين في الأرض حيران له أصحاب يدعونه إلى الهدى ائتنا قل إن هدى الله هو الهدى وأمرنا لنسلم لرب العالمين
6	73	19	1	Ea`limu	عَٰلِمُ	Ea`lim	N	STEM|POS:N|ACT|PCPL|LEM:Ea`lim|ROOT:Elm|M|NOM	وَهُوَ ٱلَّذِى خَلَقَ ٱلسَّمَٰوَٰتِ وَٱلْأَرْضَ بِٱلْحَقِّ وَيَوْمَ يَقُولُ كُن فَيَكُونُ قَوْلُهُ ٱلْحَقُّ وَلَهُ ٱلْمُلْكُ يَوْمَ يُنفَخُ فِى ٱلصُّورِ عَٰلِمُ ٱلْغَيْبِ وَٱلشَّهَٰدَةِ وَهُوَ ٱلْحَكِيمُ ٱلْخَبِيرُ	وهو الذي خلق السماوات والأرض بالحق ويوم يقول كن فيكون قوله الحق وله الملك يوم ينفخ في الصور عالم الغيب والشهادة وهو الحكيم الخبير
6	80	23	1	EilomFA	عِلْمًا	Eilom	N	STEM|POS:N|LEM:Eilom|ROOT:Elm|M|INDEF|ACC	وَحَآجَّهُۥ قَوْمُهُۥ قَالَ أَتُحَٰٓجُّوٓنِّى فِى ٱللَّهِ وَقَدْ هَدَىٰنِ وَلَآ أَخَافُ مَا تُشْرِكُونَ بِهِۦٓ إِلَّآ أَن يَشَآءَ رَبِّى شَيْـًٔا وَسِعَ رَبِّى كُلَّ شَىْءٍ عِلْمًا أَفَلَا تَتَذَكَّرُونَ	وحاجه قومه قال أتحاجوني في الله وقد هدان ولا أخاف ما تشركون به إلا أن يشاء ربي شيئا وسع ربي كل شيء علما أفلا تتذكرون
6	81	22	1	taEolamu	تَعْلَمُ	Ealima	V	STEM|POS:V|IMPF|LEM:Ealima|ROOT:Elm|2MP	وَكَيْفَ أَخَافُ مَآ أَشْرَكْتُمْ وَلَا تَخَافُونَ أَنَّكُمْ أَشْرَكْتُم بِٱللَّهِ مَا لَمْ يُنَزِّلْ بِهِۦ عَلَيْكُمْ سُلْطَٰنًا فَأَىُّ ٱلْفَرِيقَيْنِ أَحَقُّ بِٱلْأَمْنِ إِن كُنتُمْ تَعْلَمُونَ	وكيف أخاف ما أشركتم ولا تخافون أنكم أشركتم بالله ما لم ينزل به عليكم سلطانا فأي الفريقين أحق بالأمن إن كنتم تعلمون
6	83	14	1	EaliymN	عَلِيمٌ	Ealiym	ADJ	STEM|POS:ADJ|LEM:Ealiym|ROOT:Elm|MS|INDEF|NOM	وَتِلْكَ حُجَّتُنَآ ءَاتَيْنَٰهَآ إِبْرَٰهِيمَ عَلَىٰ قَوْمِهِۦ نَرْفَعُ دَرَجَٰتٍ مَّن نَّشَآءُ إِنَّ رَبَّكَ حَكِيمٌ عَلِيمٌ	وتلك حجتنا آتيناها إبراهيم على قومه نرفع درجات من نشاء إن ربك حكيم عليم
6	86	8	2	Ea`lamiyna	عَٰلَمِينَ	Ea`lamiyn	N	STEM|POS:N|LEM:Ea`lamiyn|ROOT:Elm|MP|GEN	وَإِسْمَٰعِيلَ وَٱلْيَسَعَ وَيُونُسَ وَلُوطًا وَكُلًّا فَضَّلْنَا عَلَى ٱلْعَٰلَمِينَ	وإسماعيل واليسع ويونس ولوطا وكلا فضلنا على العالمين
6	90	16	3	Ea`lamiyna	عَٰلَمِينَ	Ea`lamiyn	N	STEM|POS:N|LEM:Ea`lamiyn|ROOT:Elm|MP|GEN	أُو۟لَٰٓئِكَ ٱلَّذِينَ هَدَى ٱللَّهُ فَبِهُدَىٰهُمُ ٱقْتَدِهْ قُل لَّآ أَسْـَٔلُكُمْ عَلَيْهِ أَجْرًا إِنْ هُوَ إِلَّا ذِكْرَىٰ لِلْعَٰلَمِينَ	أولئك الذين هدى الله فبهداهم اقتده قل لا أسألكم عليه أجرا إن هو إلا ذكرى للعالمين
6	91	31	2	Eul~imo	عُلِّمْ	Eal~ama	V	STEM|POS:V|PERF|PASS|(II)|LEM:Eal~ama|ROOT:Elm|2MP	وَمَا قَدَرُوا۟ ٱللَّهَ حَقَّ قَدْرِهِۦٓ إِذْ قَالُوا۟ مَآ أَنزَلَ ٱللَّهُ عَلَىٰ بَشَرٍ مِّن شَىْءٍ قُلْ مَنْ أَنزَلَ ٱلْكِتَٰبَ ٱلَّذِى جَآءَ بِهِۦ مُوسَىٰ نُورًا وَهُدًى لِّلنَّاسِ تَجْعَلُونَهُۥ قَرَاطِيسَ تُبْدُونَهَا وَتُخْفُونَ كَثِيرًا وَعُلِّمْتُم مَّا لَمْ تَعْلَمُوٓا۟ أَنتُمْ وَلَآ ءَابَآؤُكُمْ قُلِ ٱللَّهُ ثُمَّ ذَرْهُمْ فِى خَوْضِهِمْ يَلْعَبُونَ	وما قدروا الله حق قدره إذ قالوا ما أنزل الله على بشر من شيء قل من أنزل الكتاب الذي جاء به موسى نورا وهدى للناس تجعلونه قراطيس تبدونها وتخفون كثيرا وعلمتم ما لم تعلموا أنتم ولا آباؤكم قل الله ثم ذرهم في خوضهم يلعبون
6	91	34	1	taEolamu	تَعْلَمُ	Ealima	V	STEM|POS:V|IMPF|LEM:Ealima|ROOT:Elm|2MP|MOOD:JUS	وَمَا قَدَرُوا۟ ٱللَّهَ حَقَّ قَدْرِهِۦٓ إِذْ قَالُوا۟ مَآ أَنزَلَ ٱللَّهُ عَلَىٰ بَشَرٍ مِّن شَىْءٍ قُلْ مَنْ أَنزَلَ ٱلْكِتَٰبَ ٱلَّذِى جَآءَ بِهِۦ مُوسَىٰ نُورًا وَهُدًى لِّلنَّاسِ تَجْعَلُونَهُۥ قَرَاطِيسَ تُبْدُونَهَا وَتُخْفُونَ كَثِيرًا وَعُلِّمْتُم مَّا لَمْ تَعْلَمُوٓا۟ أَنتُمْ وَلَآ ءَابَآؤُكُمْ قُلِ ٱللَّهُ ثُمَّ ذَرْهُمْ فِى خَوْضِهِمْ يَلْعَبُونَ	وما قدروا الله حق قدره إذ قالوا ما أنزل الله على بشر من شيء قل من أنزل الكتاب الذي جاء به موسى نورا وهدى للناس تجعلونه قراطيس تبدونها وتخفون كثيرا وعلمتم ما لم تعلموا أنتم ولا آباؤكم قل الله ثم ذرهم في خوضهم يلعبون
6	96	12	2	Ealiymi	عَلِيمِ	Ealiym	ADJ	STEM|POS:ADJ|LEM:Ealiym|ROOT:Elm|MS|GEN	فَالِقُ ٱلْإِصْبَاحِ وَجَعَلَ ٱلَّيْلَ سَكَنًا وَٱلشَّمْسَ وَٱلْقَمَرَ حُسْبَانًا ذَٰلِكَ تَقْدِيرُ ٱلْعَزِيزِ ٱلْعَلِيمِ	فالق الإصباح وجعل الليل سكنا والشمس والقمر حسبانا ذلك تقدير العزيز العليم
6	97	16	1	yaEolamu	يَعْلَمُ	Ealima	V	STEM|POS:V|IMPF|LEM:Ealima|ROOT:Elm|3MP	وَهُوَ ٱلَّذِى جَعَلَ لَكُمُ ٱلنُّجُومَ لِتَهْتَدُوا۟ بِهَا فِى ظُلُمَٰتِ ٱلْبَرِّ وَٱلْبَحْرِ قَدْ فَصَّلْنَا ٱلْـَٔايَٰتِ لِقَوْمٍ يَعْلَمُونَ	وهو الذي جعل لكم النجوم لتهتدوا بها في ظلمات البر والبحر قد فصلنا الآيات لقوم يعلمون
6	100	11	1	EilomK	عِلْمٍ	Eilom	N	STEM|POS:N|LEM:Eilom|ROOT:Elm|M|INDEF|GEN	وَجَعَلُوا۟ لِلَّهِ شُرَكَآءَ ٱلْجِنَّ وَخَلَقَهُمْ وَخَرَقُوا۟ لَهُۥ بَنِينَ وَبَنَٰتٍۭ بِغَيْرِ عِلْمٍ سُبْحَٰنَهُۥ وَتَعَٰلَىٰ عَمَّا يَصِفُونَ	وجعلوا لله شركاء الجن وخلقهم وخرقوا له بنين وبنات بغير علم سبحانه وتعالى عما يصفون
6	101	18	1	EaliymN	عَلِيمٌ	Ealiym	N	STEM|POS:N|LEM:Ealiym|ROOT:Elm|MS|INDEF|NOM	بَدِيعُ ٱلسَّمَٰوَٰتِ وَٱلْأَرْضِ أَنَّىٰ يَكُونُ لَهُۥ وَلَدٌ وَلَمْ تَكُن لَّهُۥ صَٰحِبَةٌ وَخَلَقَ كُلَّ شَىْءٍ وَهُوَ بِكُلِّ شَىْءٍ عَلِيمٌ	بديع السماوات والأرض أنى يكون له ولد ولم تكن له صاحبة وخلق كل شيء وهو بكل شيء عليم
6	105	8	1	yaEolamu	يَعْلَمُ	Ealima	V	STEM|POS:V|IMPF|LEM:Ealima|ROOT:Elm|3MP	وَكَذَٰلِكَ نُصَرِّفُ ٱلْـَٔايَٰتِ وَلِيَقُولُوا۟ دَرَسْتَ وَلِنُبَيِّنَهُۥ لِقَوْمٍ يَعْلَمُونَ	وكذلك نصرف الآيات وليقولوا درست ولنبينه لقوم يعلمون
6	108	12	1	EilomK	عِلْمٍ	Eilom	N	STEM|POS:N|LEM:Eilom|ROOT:Elm|M|INDEF|GEN	وَلَا تَسُبُّوا۟ ٱلَّذِينَ يَدْعُونَ مِن دُونِ ٱللَّهِ فَيَسُبُّوا۟ ٱللَّهَ عَدْوًۢا بِغَيْرِ عِلْمٍ كَذَٰلِكَ زَيَّنَّا لِكُلِّ أُمَّةٍ عَمَلَهُمْ ثُمَّ إِلَىٰ رَبِّهِم مَّرْجِعُهُمْ فَيُنَبِّئُهُم بِمَا كَانُوا۟ يَعْمَلُونَ	ولا تسبوا الذين يدعون من دون الله فيسبوا الله عدوا بغير علم كذلك زينا لكل أمة عملهم ثم إلى ربهم مرجعهم فينبئهم بما كانوا يعملون
6	114	14	1	yaEolamu	يَعْلَمُ	Ealima	V	STEM|POS:V|IMPF|LEM:Ealima|ROOT:Elm|3MP	أَفَغَيْرَ ٱللَّهِ أَبْتَغِى حَكَمًا وَهُوَ ٱلَّذِىٓ أَنزَلَ إِلَيْكُمُ ٱلْكِتَٰبَ مُفَصَّلًا وَٱلَّذِينَ ءَاتَيْنَٰهُمُ ٱلْكِتَٰبَ يَعْلَمُونَ أَنَّهُۥ مُنَزَّلٌ مِّن رَّبِّكَ بِٱلْحَقِّ فَلَا تَكُونَنَّ مِنَ ٱلْمُمْتَرِينَ	أفغير الله أبتغي حكما وهو الذي أنزل إليكم الكتاب مفصلا والذين آتيناهم الكتاب يعلمون أنه منزل من ربك بالحق فلا تكونن من الممترين
6	115	11	2	Ealiymu	عَلِيمُ	Ealiym	ADJ	STEM|POS:ADJ|LEM:Ealiym|ROOT:Elm|MS|NOM	وَتَمَّتْ كَلِمَتُ رَبِّكَ صِدْقًا وَعَدْلًا لَّا مُبَدِّلَ لِكَلِمَٰتِهِۦ وَهُوَ ٱلسَّمِيعُ ٱلْعَلِيمُ	وتمت كلمت ربك صدقا وعدلا لا مبدل لكلماته وهو السميع العليم
6	117	4	1	>aEolamu	أَعْلَمُ	>aEolam	N	STEM|POS:N|LEM:>aEolam|ROOT:Elm|MS|NOM	إِنَّ رَبَّكَ هُوَ أَعْلَمُ مَن يَضِلُّ عَن سَبِيلِهِۦ وَهُوَ أَعْلَمُ بِٱلْمُهْتَدِينَ	إن ربك هو أعلم من يضل عن سبيله وهو أعلم بالمهتدين
6	117	10	1	>aEolamu	أَعْلَمُ	>aEolam	N	STEM|POS:N|LEM:>aEolam|ROOT:Elm|MS|NOM	إِنَّ رَبَّكَ هُوَ أَعْلَمُ مَن يَضِلُّ عَن سَبِيلِهِۦ وَهُوَ أَعْلَمُ بِٱلْمُهْتَدِينَ	إن ربك هو أعلم من يضل عن سبيله وهو أعلم بالمهتدين
6	119	25	1	EilomK	عِلْمٍ	Eilom	N	STEM|POS:N|LEM:Eilom|ROOT:Elm|M|INDEF|GEN	وَمَا لَكُمْ أَلَّا تَأْكُلُوا۟ مِمَّا ذُكِرَ ٱسْمُ ٱللَّهِ عَلَيْهِ وَقَدْ فَصَّلَ لَكُم مَّا حَرَّمَ عَلَيْكُمْ إِلَّا مَا ٱضْطُرِرْتُمْ إِلَيْهِ وَإِنَّ كَثِيرًا لَّيُضِلُّونَ بِأَهْوَآئِهِم بِغَيْرِ عِلْمٍ إِنَّ رَبَّكَ هُوَ أَعْلَمُ بِٱلْمُعْتَدِينَ	وما لكم ألا تأكلوا مما ذكر اسم الله عليه وقد فصل لكم ما حرم عليكم إلا ما اضطررتم إليه وإن كثيرا ليضلون بأهوائهم بغير علم إن ربك هو أعلم بالمعتدين
6	119	29	1	>aEolamu	أَعْلَمُ	>aEolam	N	STEM|POS:N|LEM:>aEolam|ROOT:Elm|MS|NOM	وَمَا لَكُمْ أَلَّا تَأْكُلُوا۟ مِمَّا ذُكِرَ ٱسْمُ ٱللَّهِ عَلَيْهِ وَقَدْ فَصَّلَ لَكُم مَّا حَرَّمَ عَلَيْكُمْ إِلَّا مَا ٱضْطُرِرْتُمْ إِلَيْهِ وَإِنَّ كَثِيرًا لَّيُضِلُّونَ بِأَهْوَآئِهِم بِغَيْرِ عِلْمٍ إِنَّ رَبَّكَ هُوَ أَعْلَمُ بِٱلْمُعْتَدِينَ	وما لكم ألا تأكلوا مما ذكر اسم الله عليه وقد فصل لكم ما حرم عليكم إلا ما اضطررتم إليه وإن كثيرا ليضلون بأهوائهم بغير علم إن ربك هو أعلم بالمعتدين
6	124	15	1	>aEolamu	أَعْلَمُ	>aEolam	N	STEM|POS:N|LEM:>aEolam|ROOT:Elm|MS|NOM	وَإِذَا جَآءَتْهُمْ ءَايَةٌ قَالُوا۟ لَن نُّؤْمِنَ حَتَّىٰ نُؤْتَىٰ مِثْلَ مَآ أُوتِىَ رُسُلُ ٱللَّهِ ٱللَّهُ أَعْلَمُ حَيْثُ يَجْعَلُ رِسَالَتَهُۥ سَيُصِيبُ ٱلَّذِينَ أَجْرَمُوا۟ صَغَارٌ عِندَ ٱللَّهِ وَعَذَابٌ شَدِيدٌۢ بِمَا كَانُوا۟ يَمْكُرُونَ	وإذا جاءتهم آية قالوا لن نؤمن حتى نؤتى مثل ما أوتي رسل الله الله أعلم حيث يجعل رسالته سيصيب الذين أجرموا صغار عند الله وعذاب شديد بما كانوا يمكرون
6	128	35	1	EaliymN	عَلِيمٌ	Ealiym	ADJ	STEM|POS:ADJ|LEM:Ealiym|ROOT:Elm|MS|INDEF|NOM	وَيَوْمَ يَحْشُرُهُمْ جَمِيعًا يَٰمَعْشَرَ ٱلْجِنِّ قَدِ ٱسْتَكْثَرْتُم مِّنَ ٱلْإِنسِ وَقَالَ أَوْلِيَآؤُهُم مِّنَ ٱلْإِنسِ رَبَّنَا ٱسْتَمْتَعَ بَعْضُنَا بِبَعْضٍ وَبَلَغْنَآ أَجَلَنَا ٱلَّذِىٓ أَجَّلْتَ لَنَا قَالَ ٱلنَّارُ مَثْوَىٰكُمْ خَٰلِدِينَ فِيهَآ إِلَّا مَا شَآءَ ٱللَّهُ إِنَّ رَبَّكَ حَكِيمٌ عَلِيمٌ	ويوم يحشرهم جميعا يا معشر الجن قد استكثرتم من الإنس وقال أولياؤهم من الإنس ربنا استمتع بعضنا ببعض وبلغنا أجلنا الذي أجلت لنا قال النار مثواكم خالدين فيها إلا ما شاء الله إن ربك حكيم عليم
6	135	9	1	taEolamu	تَعْلَمُ	Ealima	V	STEM|POS:V|IMPF|LEM:Ealima|ROOT:Elm|2MP	قُلْ يَٰقَوْمِ ٱعْمَلُوا۟ عَلَىٰ مَكَانَتِكُمْ إِنِّى عَامِلٌ فَسَوْفَ تَعْلَمُونَ مَن تَكُونُ لَهُۥ عَٰقِبَةُ ٱلدَّارِ إِنَّهُۥ لَا يُفْلِحُ ٱلظَّٰلِمُونَ	قل يا قوم اعملوا على مكانتكم إني عامل فسوف تعلمون من تكون له عاقبة الدار إنه لا يفلح الظالمون
6	139	22	1	EaliymN	عَلِيمٌ	Ealiym	ADJ	STEM|POS:ADJ|LEM:Ealiym|ROOT:Elm|MS|INDEF|NOM	وَقَالُوا۟ مَا فِى بُطُونِ هَٰذِهِ ٱلْأَنْعَٰمِ خَالِصَةٌ لِّذُكُورِنَا وَمُحَرَّمٌ عَلَىٰٓ أَزْوَٰجِنَا وَإِن يَكُن مَّيْتَةً فَهُمْ فِيهِ شُرَكَآءُ سَيَجْزِيهِمْ وَصْفَهُمْ إِنَّهُۥ حَكِيمٌ عَلِيمٌ	وقالوا ما في بطون هذه الأنعام خالصة لذكورنا ومحرم على أزواجنا وإن يكن ميتة فهم فيه شركاء سيجزيهم وصفهم إنه حكيم عليم
6	140	8	1	EilomK	عِلْمٍ	Eilom	N	STEM|POS:N|LEM:Eilom|ROOT:Elm|M|INDEF|GEN	قَدْ خَسِرَ ٱلَّذِينَ قَتَلُوٓا۟ أَوْلَٰدَهُمْ سَفَهًۢا بِغَيْرِ عِلْمٍ وَحَرَّمُوا۟ مَا رَزَقَهُمُ ٱللَّهُ ٱفْتِرَآءً عَلَى ٱللَّهِ قَدْ ضَلُّوا۟ وَمَا كَانُوا۟ مُهْتَدِينَ	قد خسر الذين قتلوا أولادهم سفها بغير علم وحرموا ما رزقهم الله افتراء على الله قد ضلوا وما كانوا مهتدين
6	143	20	2	EilomK	عِلْمٍ	Eilom	N	STEM|POS:N|LEM:Eilom|ROOT:Elm|M|INDEF|GEN	ثَمَٰنِيَةَ أَزْوَٰجٍ مِّنَ ٱلضَّأْنِ ٱثْنَيْنِ وَمِنَ ٱلْمَعْزِ ٱثْنَيْنِ قُلْ ءَآلذَّكَرَيْنِ حَرَّمَ أَمِ ٱلْأُنثَيَيْنِ أَمَّا ٱشْتَمَلَتْ عَلَيْهِ أَرْحَامُ ٱلْأُنثَيَيْنِ نَبِّـُٔونِى بِعِلْمٍ إِن كُنتُمْ صَٰدِقِينَ	ثمانية أزواج من الضأن اثنين ومن المعز اثنين قل آلذكرين حرم أم الأنثيين أما اشتملت عليه أرحام الأنثيين نبئوني بعلم إن كنتم صادقين
6	144	34	1	EilomK	عِلْمٍ	Eilom	N	STEM|POS:N|LEM:Eilom|ROOT:Elm|M|INDEF|GEN	وَمِنَ ٱلْإِبِلِ ٱثْنَيْنِ وَمِنَ ٱلْبَقَرِ ٱثْنَيْنِ قُلْ ءَآلذَّكَرَيْنِ حَرَّمَ أَمِ ٱلْأُنثَيَيْنِ أَمَّا ٱشْتَمَلَتْ عَلَيْهِ أَرْحَامُ ٱلْأُنثَيَيْنِ أَمْ كُنتُمْ شُهَدَآءَ إِذْ وَصَّىٰكُمُ ٱللَّهُ بِهَٰذَا فَمَنْ أَظْلَمُ مِمَّنِ ٱفْتَرَىٰ عَلَى ٱللَّهِ كَذِبًا لِّيُضِلَّ ٱلنَّاسَ بِغَيْرِ عِلْمٍ إِنَّ ٱللَّهَ لَا يَهْدِى ٱلْقَوْمَ ٱلظَّٰلِمِينَ	ومن الإبل اثنين ومن البقر اثنين قل آلذكرين حرم أم الأنثيين أما اشتملت عليه أرحام الأنثيين أم كنتم شهداء إذ وصاكم الله بهذا فمن أظلم ممن افترى على الله كذبا ليضل الناس بغير علم إن الله لا يهدي القوم الظالمين
6	148	27	1	EilomK	عِلْمٍ	Eilom	N	STEM|POS:N|LEM:Eilom|ROOT:Elm|M|INDEF|GEN	سَيَقُولُ ٱلَّذِينَ أَشْرَكُوا۟ لَوْ شَآءَ ٱللَّهُ مَآ أَشْرَكْنَا وَلَآ ءَابَآؤُنَا وَلَا حَرَّمْنَا مِن شَىْءٍ كَذَٰلِكَ كَذَّبَ ٱلَّذِينَ مِن قَبْلِهِمْ حَتَّىٰ ذَاقُوا۟ بَأْسَنَا قُلْ هَلْ عِندَكُم مِّنْ عِلْمٍ فَتُخْرِجُوهُ لَنَآ إِن تَتَّبِعُونَ إِلَّا ٱلظَّنَّ وَإِنْ أَنتُمْ إِلَّا تَخْرُصُونَ	سيقول الذين أشركوا لو شاء الله ما أشركنا ولا آباؤنا ولا حرمنا من شيء كذلك كذب الذين من قبلهم حتى ذاقوا بأسنا قل هل عندكم من علم فتخرجوه لنا إن تتبعون إلا الظن وإن أنتم إلا تخرصون
6	162	9	2	Ea`lamiyna	عَٰلَمِينَ	Ea`lamiyn	N	STEM|POS:N|LEM:Ea`lamiyn|ROOT:Elm|MP|GEN	قُلْ إِنَّ صَلَاتِى وَنُسُكِى وَمَحْيَاىَ وَمَمَاتِى لِلَّهِ رَبِّ ٱلْعَٰلَمِينَ	قل إن صلاتي ونسكي ومحياي ومماتي لله رب العالمين
7	7	3	2	EilomK	عِلْمٍ	Eilom	N	STEM|POS:N|LEM:Eilom|ROOT:Elm|M|INDEF|GEN	فَلَنَقُصَّنَّ عَلَيْهِم بِعِلْمٍ وَمَا كُنَّا غَآئِبِينَ	فلنقصن عليهم بعلم وما كنا غائبين
7	28	22	1	taEolamu	تَعْلَمُ	Ealima	V	STEM|POS:V|IMPF|LEM:Ealima|ROOT:Elm|2MP	وَإِذَا فَعَلُوا۟ فَٰحِشَةً قَالُوا۟ وَجَدْنَا عَلَيْهَآ ءَابَآءَنَا وَٱللَّهُ أَمَرَنَا بِهَا قُلْ إِنَّ ٱللَّهَ لَا يَأْمُرُ بِٱلْفَحْشَآءِ أَتَقُولُونَ عَلَى ٱللَّهِ مَا لَا تَعْلَمُونَ	وإذا فعلوا فاحشة قالوا وجدنا عليها آباءنا والله أمرنا بها قل إن الله لا يأمر بالفحشاء أتقولون على الله ما لا تعلمون
7	32	26	1	yaEolamu	يَعْلَمُ	Ealima	V	STEM|POS:V|IMPF|LEM:Ealima|ROOT:Elm|3MP	قُلْ مَنْ حَرَّمَ زِينَةَ ٱللَّهِ ٱلَّتِىٓ أَخْرَجَ لِعِبَادِهِۦ وَٱلطَّيِّبَٰتِ مِنَ ٱلرِّزْقِ قُلْ هِىَ لِلَّذِينَ ءَامَنُوا۟ فِى ٱلْحَيَوٰةِ ٱلدُّنْيَا خَالِصَةً يَوْمَ ٱلْقِيَٰمَةِ كَذَٰلِكَ نُفَصِّلُ ٱلْـَٔايَٰتِ لِقَوْمٍ يَعْلَمُونَ	قل من حرم زينة الله التي أخرج لعباده والطيبات من الرزق قل هي للذين آمنوا في الحياة الدنيا خالصة يوم القيامة كذلك نفصل الآيات لقوم يعلمون
7	33	29	1	taEolamu	تَعْلَمُ	Ealima	V	STEM|POS:V|IMPF|LEM:Ealima|ROOT:Elm|2MP	قُلْ إِنَّمَا حَرَّمَ رَبِّىَ ٱلْفَوَٰحِشَ مَا ظَهَرَ مِنْهَا وَمَا بَطَنَ وَٱلْإِثْمَ وَٱلْبَغْىَ بِغَيْرِ ٱلْحَقِّ وَأَن تُشْرِكُوا۟ بِٱللَّهِ مَا لَمْ يُنَزِّلْ بِهِۦ سُلْطَٰنًا وَأَن تَقُولُوا۟ عَلَى ٱللَّهِ مَا لَا تَعْلَمُونَ	قل إنما حرم ربي الفواحش ما ظهر منها وما بطن والإثم والبغي بغير الحق وأن تشركوا بالله ما لم ينزل به سلطانا وأن تقولوا على الله ما لا تعلمون
7	38	40	1	taEolamu	تَعْلَمُ	Ealima	V	STEM|POS:V|IMPF|LEM:Ealima|ROOT:Elm|2MP	قَالَ ٱدْخُلُوا۟ فِىٓ أُمَمٍ قَدْ خَلَتْ مِن قَبْلِكُم مِّنَ ٱلْجِنِّ وَٱلْإِنسِ فِى ٱلنَّارِ كُلَّمَا دَخَلَتْ أُمَّةٌ لَّعَنَتْ أُخْتَهَا حَتَّىٰٓ إِذَا ٱدَّارَكُوا۟ فِيهَا جَمِيعًا قَالَتْ أُخْرَىٰهُمْ لِأُولَىٰهُمْ رَبَّنَا هَٰٓؤُلَآءِ أَضَلُّونَا فَـَٔاتِهِمْ عَذَابًا ضِعْفًا مِّنَ ٱلنَّارِ قَالَ لِكُلٍّ ضِعْفٌ وَلَٰكِن لَّا تَعْلَمُونَ	قال ادخلوا في أمم قد خلت من قبلكم من الجن والإنس في النار كلما دخلت أمة لعنت أختها حتى إذا اداركوا فيها جميعا قالت أخراهم لأولاهم ربنا هؤلاء أضلونا فآتهم عذابا ضعفا من النار قال لكل ضعف ولكن لا تعلمون
7	52	6	1	EilomK	عِلْمٍ	Eilom	N	STEM|POS:N|LEM:Eilom|ROOT:Elm|M|INDEF|GEN	وَلَقَدْ جِئْنَٰهُم بِكِتَٰبٍ فَصَّلْنَٰهُ عَلَىٰ عِلْمٍ هُدًى وَرَحْمَةً لِّقَوْمٍ يُؤْمِنُونَ	ولقد جئناهم بكتاب فصلناه على علم هدى ورحمة لقوم يؤمنون
7	54	32	2	Ea`lamiyna	عَٰلَمِينَ	Ea`lamiyn	N	STEM|POS:N|LEM:Ea`lamiyn|ROOT:Elm|MP|GEN	إِنَّ رَبَّكُمُ ٱللَّهُ ٱلَّذِى خَلَقَ ٱلسَّمَٰوَٰتِ وَٱلْأَرْضَ فِى سِتَّةِ أَيَّامٍ ثُمَّ ٱسْتَوَىٰ عَلَى ٱلْعَرْشِ يُغْشِى ٱلَّيْلَ ٱلنَّهَارَ يَطْلُبُهُۥ حَثِيثًا وَٱلشَّمْسَ وَٱلْقَمَرَ وَٱلنُّجُومَ مُسَخَّرَٰتٍۭ بِأَمْرِهِۦٓ أَلَا لَهُ ٱلْخَلْقُ وَٱلْأَمْرُ تَبَارَكَ ٱللَّهُ رَبُّ ٱلْعَٰلَمِينَ	إن ربكم الله الذي خلق السماوات والأرض في ستة أيام ثم استوى على العرش يغشي الليل النهار يطلبه حثيثا والشمس والقمر والنجوم مسخرات بأمره ألا له الخلق والأمر تبارك الله رب العالمين
7	61	10	2	Ea`lamiyna	عَٰلَمِينَ	Ea`lamiyn	N	STEM|POS:N|LEM:Ea`lamiyn|ROOT:Elm|MP|GEN	قَالَ يَٰقَوْمِ لَيْسَ بِى ضَلَٰلَةٌ وَلَٰكِنِّى رَسُولٌ مِّن رَّبِّ ٱلْعَٰلَمِينَ	قال يا قوم ليس بي ضلالة ولكني رسول من رب العالمين
7	62	6	2	>aEolamu	أَعْلَمُ	Ealima	V	STEM|POS:V|IMPF|LEM:Ealima|ROOT:Elm|1S	أُبَلِّغُكُمْ رِسَٰلَٰتِ رَبِّى وَأَنصَحُ لَكُمْ وَأَعْلَمُ مِنَ ٱللَّهِ مَا لَا تَعْلَمُونَ	أبلغكم رسالات ربي وأنصح لكم وأعلم من الله ما لا تعلمون
7	62	11	1	taEolamu	تَعْلَمُ	Ealima	V	STEM|POS:V|IMPF|LEM:Ealima|ROOT:Elm|2MP	أُبَلِّغُكُمْ رِسَٰلَٰتِ رَبِّى وَأَنصَحُ لَكُمْ وَأَعْلَمُ مِنَ ٱللَّهِ مَا لَا تَعْلَمُونَ	أبلغكم رسالات ربي وأنصح لكم وأعلم من الله ما لا تعلمون
7	67	10	2	Ea`lamiyna	عَٰلَمِينَ	Ea`lamiyn	N	STEM|POS:N|LEM:Ea`lamiyn|ROOT:Elm|MP|GEN	قَالَ يَٰقَوْمِ لَيْسَ بِى سَفَاهَةٌ وَلَٰكِنِّى رَسُولٌ مِّن رَّبِّ ٱلْعَٰلَمِينَ	قال يا قوم ليس بي سفاهة ولكني رسول من رب العالمين
7	75	12	2	taEolamu	تَعْلَمُ	Ealima	V	STEM|POS:V|IMPF|LEM:Ealima|ROOT:Elm|2MP	قَالَ ٱلْمَلَأُ ٱلَّذِينَ ٱسْتَكْبَرُوا۟ مِن قَوْمِهِۦ لِلَّذِينَ ٱسْتُضْعِفُوا۟ لِمَنْ ءَامَنَ مِنْهُمْ أَتَعْلَمُونَ أَنَّ صَٰلِحًا مُّرْسَلٌ مِّن رَّبِّهِۦ قَالُوٓا۟ إِنَّا بِمَآ أُرْسِلَ بِهِۦ مُؤْمِنُونَ	قال الملأ الذين استكبروا من قومه للذين استضعفوا لمن آمن منهم أتعلمون أن صالحا مرسل من ربه قالوا إنا بما أرسل به مؤمنون
7	80	13	2	Ea`lamiyna	عَٰلَمِينَ	Ea`lamiyn	N	STEM|POS:N|LEM:Ea`lamiyn|ROOT:Elm|MP|GEN	وَلُوطًا إِذْ قَالَ لِقَوْمِهِۦٓ أَتَأْتُونَ ٱلْفَٰحِشَةَ مَا سَبَقَكُم بِهَا مِنْ أَحَدٍ مِّنَ ٱلْعَٰلَمِينَ	ولوطا إذ قال لقومه أتأتون الفاحشة ما سبقكم بها من أحد من العالمين
7	89	30	1	EilomFA	عِلْمًا	Eilom	N	STEM|POS:N|LEM:Eilom|ROOT:Elm|M|INDEF|ACC	قَدِ ٱفْتَرَيْنَا عَلَى ٱللَّهِ كَذِبًا إِنْ عُدْنَا فِى مِلَّتِكُم بَعْدَ إِذْ نَجَّىٰنَا ٱللَّهُ مِنْهَا وَمَا يَكُونُ لَنَآ أَن نَّعُودَ فِيهَآ إِلَّآ أَن يَشَآءَ ٱللَّهُ رَبُّنَا وَسِعَ رَبُّنَا كُلَّ شَىْءٍ عِلْمًا عَلَى ٱللَّهِ تَوَكَّلْنَا رَبَّنَا ٱفْتَحْ بَيْنَنَا وَبَيْنَ قَوْمِنَا بِٱلْحَقِّ وَأَنتَ خَيْرُ ٱلْفَٰتِحِينَ	قد افترينا على الله كذبا إن عدنا في ملتكم بعد إذ نجانا الله منها وما يكون لنا أن نعود فيها إلا أن يشاء الله ربنا وسع ربنا كل شيء علما على الله توكلنا ربنا افتح بيننا وبين قومنا بالحق وأنت خير الفاتحين
7	104	8	2	Ea`lamiyna	عَٰلَمِينَ	Ea`lamiyn	N	STEM|POS:N|LEM:Ea`lamiyn|ROOT:Elm|MP|GEN	وَقَالَ مُوسَىٰ يَٰفِرْعَوْنُ إِنِّى رَسُولٌ مِّن رَّبِّ ٱلْعَٰلَمِينَ	وقال موسى يا فرعون إني رسول من رب العالمين
7	109	9	1	EaliymN	عَلِيمٌ	Ealiym	ADJ	STEM|POS:ADJ|LEM:Ealiym|ROOT:Elm|MS|INDEF|NOM	قَالَ ٱلْمَلَأُ مِن قَوْمِ فِرْعَوْنَ إِنَّ هَٰذَا لَسَٰحِرٌ عَلِيمٌ	قال الملأ من قوم فرعون إن هذا لساحر عليم
7	112	4	1	EaliymK	عَلِيمٍ	Ealiym	ADJ	STEM|POS:ADJ|LEM:Ealiym|ROOT:Elm|MS|INDEF|GEN	يَأْتُوكَ بِكُلِّ سَٰحِرٍ عَلِيمٍ	يأتوك بكل ساحر عليم
7	121	4	2	Ea`lamiyna	عَٰلَمِينَ	Ea`lamiyn	N	STEM|POS:N|LEM:Ea`lamiyn|ROOT:Elm|MP|GEN	قَالُوٓا۟ ءَامَنَّا بِرَبِّ ٱلْعَٰلَمِينَ	قالوا آمنا برب العالمين
7	123	19	1	taEolamu	تَعْلَمُ	Ealima	V	STEM|POS:V|IMPF|LEM:Ealima|ROOT:Elm|2MP	قَالَ فِرْعَوْنُ ءَامَنتُم بِهِۦ قَبْلَ أَنْ ءَاذَنَ لَكُمْ إِنَّ هَٰذَا لَمَكْرٌ مَّكَرْتُمُوهُ فِى ٱلْمَدِينَةِ لِتُخْرِجُوا۟ مِنْهَآ أَهْلَهَا فَسَوْفَ تَعْلَمُونَ	قال فرعون آمنتم به قبل أن آذن لكم إن هذا لمكر مكرتموه في المدينة لتخرجوا منها أهلها فسوف تعلمون
7	131	22	1	yaEolamu	يَعْلَمُ	Ealima	V	STEM|POS:V|IMPF|LEM:Ealima|ROOT:Elm|3MP	فَإِذَا جَآءَتْهُمُ ٱلْحَسَنَةُ قَالُوا۟ لَنَا هَٰذِهِۦ وَإِن تُصِبْهُمْ سَيِّئَةٌ يَطَّيَّرُوا۟ بِمُوسَىٰ وَمَن مَّعَهُۥٓ أَلَآ إِنَّمَا طَٰٓئِرُهُمْ عِندَ ٱللَّهِ وَلَٰكِنَّ أَكْثَرَهُمْ لَا يَعْلَمُونَ	فإذا جاءتهم الحسنة قالوا لنا هذه وإن تصبهم سيئة يطيروا بموسى ومن معه ألا إنما طائرهم عند الله ولكن أكثرهم لا يعلمون
7	140	9	2	Ea`lamiyna	عَٰلَمِينَ	Ea`lamiyn	N	STEM|POS:N|LEM:Ea`lamiyn|ROOT:Elm|MP|GEN	قَالَ أَغَيْرَ ٱللَّهِ أَبْغِيكُمْ إِلَٰهًا وَهُوَ فَضَّلَكُمْ عَلَى ٱلْعَٰلَمِينَ	قال أغير الله أبغيكم إلها وهو فضلكم على العالمين
7	160	22	1	Ealima	عَلِمَ	Ealima	V	STEM|POS:V|PERF|LEM:Ealima|ROOT:Elm|3MS	وَقَطَّعْنَٰهُمُ ٱثْنَتَىْ عَشْرَةَ أَسْبَاطًا أُمَمًا وَأَوْحَيْنَآ إِلَىٰ مُوسَىٰٓ إِذِ ٱسْتَسْقَىٰهُ قَوْمُهُۥٓ أَنِ ٱضْرِب بِّعَصَاكَ ٱلْحَجَرَ فَٱنۢبَجَسَتْ مِنْهُ ٱثْنَتَا عَشْرَةَ عَيْنًا قَدْ عَلِمَ كُلُّ أُنَاسٍ مَّشْرَبَهُمْ وَظَلَّلْنَا عَلَيْهِمُ ٱلْغَمَٰمَ وَأَنزَلْنَا عَلَيْهِمُ ٱلْمَنَّ وَٱلسَّلْوَىٰ كُلُوا۟ مِن طَيِّبَٰتِ مَا رَزَقْنَٰكُمْ وَمَا ظَلَمُونَا وَلَٰكِن كَانُوٓا۟ أَنفُسَهُمْ يَظْلِمُونَ	وقطعناهم اثنتي عشرة أسباطا أمما وأوحينا إلى موسى إذ استسقاه قومه أن اضرب بعصاك الحجر فانبجست منه اثنتا عشرة عينا قد علم كل أناس مشربهم وظللنا عليهم الغمام وأنزلنا عليهم المن والسلوى كلوا من طيبات ما رزقناكم وما ظلمونا ولكن كانوا أنفسهم يظلمون
7	182	8	1	yaEolamu	يَعْلَمُ	Ealima	V	STEM|POS:V|IMPF|LEM:Ealima|ROOT:Elm|3MP	وَٱلَّذِينَ كَذَّبُوا۟ بِـَٔايَٰتِنَا سَنَسْتَدْرِجُهُم مِّنْ حَيْثُ لَا يَعْلَمُونَ	والذين كذبوا بآياتنا سنستدرجهم من حيث لا يعلمون
7	187	8	1	Eilomu	عِلْمُ	Eilom	N	STEM|POS:N|LEM:Eilom|ROOT:Elm|M|NOM	يَسْـَٔلُونَكَ عَنِ ٱلسَّاعَةِ أَيَّانَ مُرْسَىٰهَا قُلْ إِنَّمَا عِلْمُهَا عِندَ رَبِّى لَا يُجَلِّيهَا لِوَقْتِهَآ إِلَّا هُوَ ثَقُلَتْ فِى ٱلسَّمَٰوَٰتِ وَٱلْأَرْضِ لَا تَأْتِيكُمْ إِلَّا بَغْتَةً يَسْـَٔلُونَكَ كَأَنَّكَ حَفِىٌّ عَنْهَا قُلْ إِنَّمَا عِلْمُهَا عِندَ ٱللَّهِ وَلَٰكِنَّ أَكْثَرَ ٱلنَّاسِ لَا يَعْلَمُونَ	يسألونك عن الساعة أيان مرساها قل إنما علمها عند ربي لا يجليها لوقتها إلا هو ثقلت في السماوات والأرض لا تأتيكم إلا بغتة يسألونك كأنك حفي عنها قل إنما علمها عند الله ولكن أكثر الناس لا يعلمون
7	187	30	1	Eilomu	عِلْمُ	Eilom	N	STEM|POS:N|LEM:Eilom|ROOT:Elm|M|NOM	يَسْـَٔلُونَكَ عَنِ ٱلسَّاعَةِ أَيَّانَ مُرْسَىٰهَا قُلْ إِنَّمَا عِلْمُهَا عِندَ رَبِّى لَا يُجَلِّيهَا لِوَقْتِهَآ إِلَّا هُوَ ثَقُلَتْ فِى ٱلسَّمَٰوَٰتِ وَٱلْأَرْضِ لَا تَأْتِيكُمْ إِلَّا بَغْتَةً يَسْـَٔلُونَكَ كَأَنَّكَ حَفِىٌّ عَنْهَا قُلْ إِنَّمَا عِلْمُهَا عِندَ ٱللَّهِ وَلَٰكِنَّ أَكْثَرَ ٱلنَّاسِ لَا يَعْلَمُونَ	يسألونك عن الساعة أيان مرساها قل إنما علمها عند ربي لا يجليها لوقتها إلا هو ثقلت في السماوات والأرض لا تأتيكم إلا بغتة يسألونك كأنك حفي عنها قل إنما علمها عند الله ولكن أكثر الناس لا يعلمون
7	187	37	1	yaEolamu	يَعْلَمُ	Ealima	V	STEM|POS:V|IMPF|LEM:Ealima|ROOT:Elm|3MP	يَسْـَٔلُونَكَ عَنِ ٱلسَّاعَةِ أَيَّانَ مُرْسَىٰهَا قُلْ إِنَّمَا عِلْمُهَا عِندَ رَبِّى لَا يُجَلِّيهَا لِوَقْتِهَآ إِلَّا هُوَ ثَقُلَتْ فِى ٱلسَّمَٰوَٰتِ وَٱلْأَرْضِ لَا تَأْتِيكُمْ إِلَّا بَغْتَةً يَسْـَٔلُونَكَ كَأَنَّكَ حَفِىٌّ عَنْهَا قُلْ إِنَّمَا عِلْمُهَا عِندَ ٱللَّهِ وَلَٰكِنَّ أَكْثَرَ ٱلنَّاسِ لَا يَعْلَمُونَ	يسألونك عن الساعة أيان مرساها قل إنما علمها عند ربي لا يجليها لوقتها إلا هو ثقلت في السماوات والأرض لا تأتيكم إلا بغتة يسألونك كأنك حفي عنها قل إنما علمها عند الله ولكن أكثر الناس لا يعلمون
7	188	14	1	>aEolamu	أَعْلَمُ	Ealima	V	STEM|POS:V|IMPF|LEM:Ealima|ROOT:Elm|1S	قُل لَّآ أَمْلِكُ لِنَفْسِى نَفْعًا وَلَا ضَرًّا إِلَّا مَا شَآءَ ٱللَّهُ وَلَوْ كُنتُ أَعْلَمُ ٱلْغَيْبَ لَٱسْتَكْثَرْتُ مِنَ ٱلْخَيْرِ وَمَا مَسَّنِىَ ٱلسُّوٓءُ إِنْ أَنَا۠ إِلَّا نَذِيرٌ وَبَشِيرٌ لِّقَوْمٍ يُؤْمِنُونَ	قل لا أملك لنفسي نفعا ولا ضرا إلا ما شاء الله ولو كنت أعلم الغيب لاستكثرت من الخير وما مسني السوء إن أنا إلا نذير وبشير لقوم يؤمنون
7	200	10	1	EaliymN	عَلِيمٌ	Ealiym	ADJ	STEM|POS:ADJ|LEM:Ealiym|ROOT:Elm|MS|INDEF|NOM	وَإِمَّا يَنزَغَنَّكَ مِنَ ٱلشَّيْطَٰنِ نَزْغٌ فَٱسْتَعِذْ بِٱللَّهِ إِنَّهُۥ سَمِيعٌ عَلِيمٌ	وإما ينزغنك من الشيطان نزغ فاستعذ بالله إنه سميع عليم
8	17	21	1	EaliymN	عَلِيمٌ	Ealiym	ADJ	STEM|POS:ADJ|LEM:Ealiym|ROOT:Elm|MS|INDEF|NOM	فَلَمْ تَقْتُلُوهُمْ وَلَٰكِنَّ ٱللَّهَ قَتَلَهُمْ وَمَا رَمَيْتَ إِذْ رَمَيْتَ وَلَٰكِنَّ ٱللَّهَ رَمَىٰ وَلِيُبْلِىَ ٱلْمُؤْمِنِينَ مِنْهُ بَلَآءً حَسَنًا إِنَّ ٱللَّهَ سَمِيعٌ عَلِيمٌ	فلم تقتلوهم ولكن الله قتلهم وما رميت إذ رميت ولكن الله رمى وليبلي المؤمنين منه بلاء حسنا إن الله سميع عليم
8	23	2	1	Ealima	عَلِمَ	Ealima	V	STEM|POS:V|PERF|LEM:Ealima|ROOT:Elm|3MS	وَلَوْ عَلِمَ ٱللَّهُ فِيهِمْ خَيْرًا لَّأَسْمَعَهُمْ وَلَوْ أَسْمَعَهُمْ لَتَوَلَّوا۟ وَّهُم مُّعْرِضُونَ	ولو علم الله فيهم خيرا لأسمعهم ولو أسمعهم لتولوا وهم معرضون
8	24	11	2	{Eolamu	ٱعْلَمُ	Ealima	V	STEM|POS:V|IMPV|LEM:Ealima|ROOT:Elm|2MP	يَٰٓأَيُّهَا ٱلَّذِينَ ءَامَنُوا۟ ٱسْتَجِيبُوا۟ لِلَّهِ وَلِلرَّسُولِ إِذَا دَعَاكُمْ لِمَا يُحْيِيكُمْ وَٱعْلَمُوٓا۟ أَنَّ ٱللَّهَ يَحُولُ بَيْنَ ٱلْمَرْءِ وَقَلْبِهِۦ وَأَنَّهُۥٓ إِلَيْهِ تُحْشَرُونَ	يا أيها الذين آمنوا استجيبوا لله وللرسول إذا دعاكم لما يحييكم واعلموا أن الله يحول بين المرء وقلبه وأنه إليه تحشرون
8	25	9	2	{Eolamu	ٱعْلَمُ	Ealima	V	STEM|POS:V|IMPV|LEM:Ealima|ROOT:Elm|2MP	وَٱتَّقُوا۟ فِتْنَةً لَّا تُصِيبَنَّ ٱلَّذِينَ ظَلَمُوا۟ مِنكُمْ خَآصَّةً وَٱعْلَمُوٓا۟ أَنَّ ٱللَّهَ شَدِيدُ ٱلْعِقَابِ	واتقوا فتنة لا تصيبن الذين ظلموا منكم خاصة واعلموا أن الله شديد العقاب
8	27	11	1	taEolamu	تَعْلَمُ	Ealima	V	STEM|POS:V|IMPF|LEM:Ealima|ROOT:Elm|2MP	يَٰٓأَيُّهَا ٱلَّذِينَ ءَامَنُوا۟ لَا تَخُونُوا۟ ٱللَّهَ وَٱلرَّسُولَ وَتَخُونُوٓا۟ أَمَٰنَٰتِكُمْ وَأَنتُمْ تَعْلَمُونَ	يا أيها الذين آمنوا لا تخونوا الله والرسول وتخونوا أماناتكم وأنتم تعلمون
8	28	1	2	{Eolamu	ٱعْلَمُ	Ealima	V	STEM|POS:V|IMPV|LEM:Ealima|ROOT:Elm|2MP	وَٱعْلَمُوٓا۟ أَنَّمَآ أَمْوَٰلُكُمْ وَأَوْلَٰدُكُمْ فِتْنَةٌ وَأَنَّ ٱللَّهَ عِندَهُۥٓ أَجْرٌ عَظِيمٌ	واعلموا أنما أموالكم وأولادكم فتنة وأن الله عنده أجر عظيم
8	34	21	1	yaEolamu	يَعْلَمُ	Ealima	V	STEM|POS:V|IMPF|LEM:Ealima|ROOT:Elm|3MP	وَمَا لَهُمْ أَلَّا يُعَذِّبَهُمُ ٱللَّهُ وَهُمْ يَصُدُّونَ عَنِ ٱلْمَسْجِدِ ٱلْحَرَامِ وَمَا كَانُوٓا۟ أَوْلِيَآءَهُۥٓ إِنْ أَوْلِيَآؤُهُۥٓ إِلَّا ٱلْمُتَّقُونَ وَلَٰكِنَّ أَكْثَرَهُمْ لَا يَعْلَمُونَ	وما لهم ألا يعذبهم الله وهم يصدون عن المسجد الحرام وما كانوا أولياءه إن أولياؤه إلا المتقون ولكن أكثرهم لا يعلمون
8	40	3	2	{Eolamu	ٱعْلَمُ	Ealima	V	STEM|POS:V|IMPV|LEM:Ealima|ROOT:Elm|2MP	وَإِن تَوَلَّوْا۟ فَٱعْلَمُوٓا۟ أَنَّ ٱللَّهَ مَوْلَىٰكُمْ نِعْمَ ٱلْمَوْلَىٰ وَنِعْمَ ٱلنَّصِيرُ	وإن تولوا فاعلموا أن الله مولاكم نعم المولى ونعم النصير
8	41	1	2	{Eolamu	ٱعْلَمُ	Ealima	V	STEM|POS:V|IMPV|LEM:Ealima|ROOT:Elm|2MP	وَٱعْلَمُوٓا۟ أَنَّمَا غَنِمْتُم مِّن شَىْءٍ فَأَنَّ لِلَّهِ خُمُسَهُۥ وَلِلرَّسُولِ وَلِذِى ٱلْقُرْبَىٰ وَٱلْيَتَٰمَىٰ وَٱلْمَسَٰكِينِ وَٱبْنِ ٱلسَّبِيلِ إِن كُنتُمْ ءَامَنتُم بِٱللَّهِ وَمَآ أَنزَلْنَا عَلَىٰ عَبْدِنَا يَوْمَ ٱلْفُرْقَانِ يَوْمَ ٱلْتَقَى ٱلْجَمْعَانِ وَٱللَّهُ عَلَىٰ كُلِّ شَىْءٍ قَدِيرٌ	واعلموا أنما غنمتم من شيء فأن لله خمسه وللرسول ولذي القربى واليتامى والمساكين وابن السبيل إن كنتم آمنتم بالله وما أنزلنا على عبدنا يوم الفرقان يوم التقى الجمعان والله على كل شيء قدير
8	42	35	1	EaliymN	عَلِيمٌ	Ealiym	ADJ	STEM|POS:ADJ|LEM:Ealiym|ROOT:Elm|MS|INDEF|NOM	إِذْ أَنتُم بِٱلْعُدْوَةِ ٱلدُّنْيَا وَهُم بِٱلْعُدْوَةِ ٱلْقُصْوَىٰ وَٱلرَّكْبُ أَسْفَلَ مِنكُمْ وَلَوْ تَوَاعَدتُّمْ لَٱخْتَلَفْتُمْ فِى ٱلْمِيعَٰدِ وَلَٰكِن لِّيَقْضِىَ ٱللَّهُ أَمْرًا كَانَ مَفْعُولًا لِّيَهْلِكَ مَنْ هَلَكَ عَنۢ بَيِّنَةٍ وَيَحْيَىٰ مَنْ حَىَّ عَنۢ بَيِّنَةٍ وَإِنَّ ٱللَّهَ لَسَمِيعٌ عَلِيمٌ	إذ أنتم بالعدوة الدنيا وهم بالعدوة القصوى والركب أسفل منكم ولو تواعدتم لاختلفتم في الميعاد ولكن ليقضي الله أمرا كان مفعولا ليهلك من هلك عن بينة ويحيى من حي عن بينة وإن الله لسميع عليم
8	43	18	1	EaliymN[	عَلِيمٌ[	Ealiym	N	STEM|POS:N|LEM:Ealiym|ROOT:Elm|MS|INDEF|NOM	إِذْ يُرِيكَهُمُ ٱللَّهُ فِى مَنَامِكَ قَلِيلًا وَلَوْ أَرَىٰكَهُمْ كَثِيرًا لَّفَشِلْتُمْ وَلَتَنَٰزَعْتُمْ فِى ٱلْأَمْرِ وَلَٰكِنَّ ٱللَّهَ سَلَّمَ إِنَّهُۥ عَلِيمٌۢ بِذَاتِ ٱلصُّدُورِ	إذ يريكهم الله في منامك قليلا ولو أراكهم كثيرا لفشلتم ولتنازعتم في الأمر ولكن الله سلم إنه عليم بذات الصدور
8	53	18	1	EaliymN	عَلِيمٌ	Ealiym	ADJ	STEM|POS:ADJ|LEM:Ealiym|ROOT:Elm|MS|INDEF|NOM	ذَٰلِكَ بِأَنَّ ٱللَّهَ لَمْ يَكُ مُغَيِّرًا نِّعْمَةً أَنْعَمَهَا عَلَىٰ قَوْمٍ حَتَّىٰ يُغَيِّرُوا۟ مَا بِأَنفُسِهِمْ وَأَنَّ ٱللَّهَ سَمِيعٌ عَلِيمٌ	ذلك بأن الله لم يك مغيرا نعمة أنعمها على قوم حتى يغيروا ما بأنفسهم وأن الله سميع عليم
8	60	19	1	taEolamu	تَعْلَمُ	Ealima	V	STEM|POS:V|IMPF|LEM:Ealima|ROOT:Elm|2MP	وَأَعِدُّوا۟ لَهُم مَّا ٱسْتَطَعْتُم مِّن قُوَّةٍ وَمِن رِّبَاطِ ٱلْخَيْلِ تُرْهِبُونَ بِهِۦ عَدُوَّ ٱللَّهِ وَعَدُوَّكُمْ وَءَاخَرِينَ مِن دُونِهِمْ لَا تَعْلَمُونَهُمُ ٱللَّهُ يَعْلَمُهُمْ وَمَا تُنفِقُوا۟ مِن شَىْءٍ فِى سَبِيلِ ٱللَّهِ يُوَفَّ إِلَيْكُمْ وَأَنتُمْ لَا تُظْلَمُونَ	وأعدوا لهم ما استطعتم من قوة ومن رباط الخيل ترهبون به عدو الله وعدوكم وآخرين من دونهم لا تعلمونهم الله يعلمهم وما تنفقوا من شيء في سبيل الله يوف إليكم وأنتم لا تظلمون
8	60	21	1	yaEolamu	يَعْلَمُ	Ealima	V	STEM|POS:V|IMPF|LEM:Ealima|ROOT:Elm|3MS	وَأَعِدُّوا۟ لَهُم مَّا ٱسْتَطَعْتُم مِّن قُوَّةٍ وَمِن رِّبَاطِ ٱلْخَيْلِ تُرْهِبُونَ بِهِۦ عَدُوَّ ٱللَّهِ وَعَدُوَّكُمْ وَءَاخَرِينَ مِن دُونِهِمْ لَا تَعْلَمُونَهُمُ ٱللَّهُ يَعْلَمُهُمْ وَمَا تُنفِقُوا۟ مِن شَىْءٍ فِى سَبِيلِ ٱللَّهِ يُوَفَّ إِلَيْكُمْ وَأَنتُمْ لَا تُظْلَمُونَ	وأعدوا لهم ما استطعتم من قوة ومن رباط الخيل ترهبون به عدو الله وعدوكم وآخرين من دونهم لا تعلمونهم الله يعلمهم وما تنفقوا من شيء في سبيل الله يوف إليكم وأنتم لا تظلمون
8	61	12	2	Ealiymu	عَلِيمُ	Ealiym	ADJ	STEM|POS:ADJ|LEM:Ealiym|ROOT:Elm|MS|NOM	وَإِن جَنَحُوا۟ لِلسَّلْمِ فَٱجْنَحْ لَهَا وَتَوَكَّلْ عَلَى ٱللَّهِ إِنَّهُۥ هُوَ ٱلسَّمِيعُ ٱلْعَلِيمُ	وإن جنحوا للسلم فاجنح لها وتوكل على الله إنه هو السميع العليم
8	66	5	2	Ealima	عَلِمَ	Ealima	V	STEM|POS:V|PERF|LEM:Ealima|ROOT:Elm|3MS	ٱلْـَٰٔنَ خَفَّفَ ٱللَّهُ عَنكُمْ وَعَلِمَ أَنَّ فِيكُمْ ضَعْفًا فَإِن يَكُن مِّنكُم مِّا۟ئَةٌ صَابِرَةٌ يَغْلِبُوا۟ مِا۟ئَتَيْنِ وَإِن يَكُن مِّنكُمْ أَلْفٌ يَغْلِبُوٓا۟ أَلْفَيْنِ بِإِذْنِ ٱللَّهِ وَٱللَّهُ مَعَ ٱلصَّٰبِرِينَ	الآن خفف الله عنكم وعلم أن فيكم ضعفا فإن يكن منكم مائة صابرة يغلبوا مائتين وإن يكن منكم ألف يغلبوا ألفين بإذن الله والله مع الصابرين
8	70	10	1	yaEolami	يَعْلَمِ	Ealima	V	STEM|POS:V|IMPF|LEM:Ealima|ROOT:Elm|3MS|MOOD:JUS	يَٰٓأَيُّهَا ٱلنَّبِىُّ قُل لِّمَن فِىٓ أَيْدِيكُم مِّنَ ٱلْأَسْرَىٰٓ إِن يَعْلَمِ ٱللَّهُ فِى قُلُوبِكُمْ خَيْرًا يُؤْتِكُمْ خَيْرًا مِّمَّآ أُخِذَ مِنكُمْ وَيَغْفِرْ لَكُمْ وَٱللَّهُ غَفُورٌ رَّحِيمٌ	يا أيها النبي قل لمن في أيديكم من الأسرى إن يعلم الله في قلوبكم خيرا يؤتكم خيرا مما أخذ منكم ويغفر لكم والله غفور رحيم
8	71	12	1	EaliymN	عَلِيمٌ	Ealiym	N	STEM|POS:N|LEM:Ealiym|ROOT:Elm|MS|INDEF|NOM	وَإِن يُرِيدُوا۟ خِيَانَتَكَ فَقَدْ خَانُوا۟ ٱللَّهَ مِن قَبْلُ فَأَمْكَنَ مِنْهُمْ وَٱللَّهُ عَلِيمٌ حَكِيمٌ	وإن يريدوا خيانتك فقد خانوا الله من قبل فأمكن منهم والله عليم حكيم
8	75	22	1	EaliymN[	عَلِيمٌ[	Ealiym	N	STEM|POS:N|LEM:Ealiym|ROOT:Elm|MS|INDEF|NOM	وَٱلَّذِينَ ءَامَنُوا۟ مِنۢ بَعْدُ وَهَاجَرُوا۟ وَجَٰهَدُوا۟ مَعَكُمْ فَأُو۟لَٰٓئِكَ مِنكُمْ وَأُو۟لُوا۟ ٱلْأَرْحَامِ بَعْضُهُمْ أَوْلَىٰ بِبَعْضٍ فِى كِتَٰبِ ٱللَّهِ إِنَّ ٱللَّهَ بِكُلِّ شَىْءٍ عَلِيمٌۢ	والذين آمنوا من بعد وهاجروا وجاهدوا معكم فأولئك منكم وأولو الأرحام بعضهم أولى ببعض في كتاب الله إن الله بكل شيء عليم
9	2	6	2	{Eolamu	ٱعْلَمُ	Ealima	V	STEM|POS:V|IMPV|LEM:Ealima|ROOT:Elm|2MP	فَسِيحُوا۟ فِى ٱلْأَرْضِ أَرْبَعَةَ أَشْهُرٍ وَٱعْلَمُوٓا۟ أَنَّكُمْ غَيْرُ مُعْجِزِى ٱللَّهِ وَأَنَّ ٱللَّهَ مُخْزِى ٱلْكَٰفِرِينَ	فسيحوا في الأرض أربعة أشهر واعلموا أنكم غير معجزي الله وأن الله مخزي الكافرين
9	3	23	2	{Eolamu	ٱعْلَمُ	Ealima	V	STEM|POS:V|IMPV|LEM:Ealima|ROOT:Elm|2MP	وَأَذَٰنٌ مِّنَ ٱللَّهِ وَرَسُولِهِۦٓ إِلَى ٱلنَّاسِ يَوْمَ ٱلْحَجِّ ٱلْأَكْبَرِ أَنَّ ٱللَّهَ بَرِىٓءٌ مِّنَ ٱلْمُشْرِكِينَ وَرَسُولُهُۥ فَإِن تُبْتُمْ فَهُوَ خَيْرٌ لَّكُمْ وَإِن تَوَلَّيْتُمْ فَٱعْلَمُوٓا۟ أَنَّكُمْ غَيْرُ مُعْجِزِى ٱللَّهِ وَبَشِّرِ ٱلَّذِينَ كَفَرُوا۟ بِعَذَابٍ أَلِيمٍ	وأذان من الله ورسوله إلى الناس يوم الحج الأكبر أن الله بريء من المشركين ورسوله فإن تبتم فهو خير لكم وإن توليتم فاعلموا أنكم غير معجزي الله وبشر الذين كفروا بعذاب أليم
9	6	18	1	yaEolamu	يَعْلَمُ	Ealima	V	STEM|POS:V|IMPF|LEM:Ealima|ROOT:Elm|3MP	وَإِنْ أَحَدٌ مِّنَ ٱلْمُشْرِكِينَ ٱسْتَجَارَكَ فَأَجِرْهُ حَتَّىٰ يَسْمَعَ كَلَٰمَ ٱللَّهِ ثُمَّ أَبْلِغْهُ مَأْمَنَهُۥ ذَٰلِكَ بِأَنَّهُمْ قَوْمٌ لَّا يَعْلَمُونَ	وإن أحد من المشركين استجارك فأجره حتى يسمع كلام الله ثم أبلغه مأمنه ذلك بأنهم قوم لا يعلمون
9	11	13	1	yaEolamu	يَعْلَمُ	Ealima	V	STEM|POS:V|IMPF|LEM:Ealima|ROOT:Elm|3MP	فَإِن تَابُوا۟ وَأَقَامُوا۟ ٱلصَّلَوٰةَ وَءَاتَوُا۟ ٱلزَّكَوٰةَ فَإِخْوَٰنُكُمْ فِى ٱلدِّينِ وَنُفَصِّلُ ٱلْـَٔايَٰتِ لِقَوْمٍ يَعْلَمُونَ	فإن تابوا وأقاموا الصلاة وآتوا الزكاة فإخوانكم في الدين ونفصل الآيات لقوم يعلمون
9	15	10	1	EaliymN	عَلِيمٌ	Ealiym	ADJ	STEM|POS:ADJ|LEM:Ealiym|ROOT:Elm|MS|INDEF|NOM	وَيُذْهِبْ غَيْظَ قُلُوبِهِمْ وَيَتُوبُ ٱللَّهُ عَلَىٰ مَن يَشَآءُ وَٱللَّهُ عَلِيمٌ حَكِيمٌ	ويذهب غيظ قلوبهم ويتوب الله على من يشاء والله عليم حكيم
9	16	6	1	yaEolami	يَعْلَمِ	Ealima	V	STEM|POS:V|IMPF|LEM:Ealima|ROOT:Elm|3MS|MOOD:JUS	أَمْ حَسِبْتُمْ أَن تُتْرَكُوا۟ وَلَمَّا يَعْلَمِ ٱللَّهُ ٱلَّذِينَ جَٰهَدُوا۟ مِنكُمْ وَلَمْ يَتَّخِذُوا۟ مِن دُونِ ٱللَّهِ وَلَا رَسُولِهِۦ وَلَا ٱلْمُؤْمِنِينَ وَلِيجَةً وَٱللَّهُ خَبِيرٌۢ بِمَا تَعْمَلُونَ	أم حسبتم أن تتركوا ولما يعلم الله الذين جاهدوا منكم ولم يتخذوا من دون الله ولا رسوله ولا المؤمنين وليجة والله خبير بما تعملون
9	28	26	1	EaliymN	عَلِيمٌ	Ealiym	ADJ	STEM|POS:ADJ|LEM:Ealiym|ROOT:Elm|MS|INDEF|NOM	يَٰٓأَيُّهَا ٱلَّذِينَ ءَامَنُوٓا۟ إِنَّمَا ٱلْمُشْرِكُونَ نَجَسٌ فَلَا يَقْرَبُوا۟ ٱلْمَسْجِدَ ٱلْحَرَامَ بَعْدَ عَامِهِمْ هَٰذَا وَإِنْ خِفْتُمْ عَيْلَةً فَسَوْفَ يُغْنِيكُمُ ٱللَّهُ مِن فَضْلِهِۦٓ إِن شَآءَ إِنَّ ٱللَّهَ عَلِيمٌ حَكِيمٌ	يا أيها الذين آمنوا إنما المشركون نجس فلا يقربوا المسجد الحرام بعد عامهم هذا وإن خفتم عيلة فسوف يغنيكم الله من فضله إن شاء إن الله عليم حكيم
9	36	32	2	{Eolamu	ٱعْلَمُ	Ealima	V	STEM|POS:V|IMPV|LEM:Ealima|ROOT:Elm|2MP	إِنَّ عِدَّةَ ٱلشُّهُورِ عِندَ ٱللَّهِ ٱثْنَا عَشَرَ شَهْرًا فِى كِتَٰبِ ٱللَّهِ يَوْمَ خَلَقَ ٱلسَّمَٰوَٰتِ وَٱلْأَرْضَ مِنْهَآ أَرْبَعَةٌ حُرُمٌ ذَٰلِكَ ٱلدِّينُ ٱلْقَيِّمُ فَلَا تَظْلِمُوا۟ فِيهِنَّ أَنفُسَكُمْ وَقَٰتِلُوا۟ ٱلْمُشْرِكِينَ كَآفَّةً كَمَا يُقَٰتِلُونَكُمْ كَآفَّةً وَٱعْلَمُوٓا۟ أَنَّ ٱللَّهَ مَعَ ٱلْمُتَّقِينَ	إن عدة الشهور عند الله اثنا عشر شهرا في كتاب الله يوم خلق السماوات والأرض منها أربعة حرم ذلك الدين القيم فلا تظلموا فيهن أنفسكم وقاتلوا المشركين كافة كما يقاتلونكم كافة واعلموا أن الله مع المتقين
9	41	15	1	taEolamu	تَعْلَمُ	Ealima	V	STEM|POS:V|IMPF|LEM:Ealima|ROOT:Elm|2MP	ٱنفِرُوا۟ خِفَافًا وَثِقَالًا وَجَٰهِدُوا۟ بِأَمْوَٰلِكُمْ وَأَنفُسِكُمْ فِى سَبِيلِ ٱللَّهِ ذَٰلِكُمْ خَيْرٌ لَّكُمْ إِن كُنتُمْ تَعْلَمُونَ	انفروا خفافا وثقالا وجاهدوا بأموالكم وأنفسكم في سبيل الله ذلكم خير لكم إن كنتم تعلمون
9	42	21	1	yaEolamu	يَعْلَمُ	Ealima	V	STEM|POS:V|IMPF|LEM:Ealima|ROOT:Elm|3MS	لَوْ كَانَ عَرَضًا قَرِيبًا وَسَفَرًا قَاصِدًا لَّٱتَّبَعُوكَ وَلَٰكِنۢ بَعُدَتْ عَلَيْهِمُ ٱلشُّقَّةُ وَسَيَحْلِفُونَ بِٱللَّهِ لَوِ ٱسْتَطَعْنَا لَخَرَجْنَا مَعَكُمْ يُهْلِكُونَ أَنفُسَهُمْ وَٱللَّهُ يَعْلَمُ إِنَّهُمْ لَكَٰذِبُونَ	لو كان عرضا قريبا وسفرا قاصدا لاتبعوك ولكن بعدت عليهم الشقة وسيحلفون بالله لو استطعنا لخرجنا معكم يهلكون أنفسهم والله يعلم إنهم لكاذبون
9	43	12	2	taEolama	تَعْلَمَ	Ealima	V	STEM|POS:V|IMPF|LEM:Ealima|ROOT:Elm|2MS|MOOD:SUBJ	عَفَا ٱللَّهُ عَنكَ لِمَ أَذِنتَ لَهُمْ حَتَّىٰ يَتَبَيَّنَ لَكَ ٱلَّذِينَ صَدَقُوا۟ وَتَعْلَمَ ٱلْكَٰذِبِينَ	عفا الله عنك لم أذنت لهم حتى يتبين لك الذين صدقوا وتعلم الكاذبين
9	44	13	1	EaliymN[	عَلِيمٌ[	Ealiym	ADJ	STEM|POS:ADJ|LEM:Ealiym|ROOT:Elm|MS|INDEF|NOM	لَا يَسْتَـْٔذِنُكَ ٱلَّذِينَ يُؤْمِنُونَ بِٱللَّهِ وَٱلْيَوْمِ ٱلْـَٔاخِرِ أَن يُجَٰهِدُوا۟ بِأَمْوَٰلِهِمْ وَأَنفُسِهِمْ وَٱللَّهُ عَلِيمٌۢ بِٱلْمُتَّقِينَ	لا يستأذنك الذين يؤمنون بالله واليوم الآخر أن يجاهدوا بأموالهم وأنفسهم والله عليم بالمتقين
9	47	16	1	EaliymN[	عَلِيمٌ[	Ealiym	ADJ	STEM|POS:ADJ|LEM:Ealiym|ROOT:Elm|MS|INDEF|NOM	لَوْ خَرَجُوا۟ فِيكُم مَّا زَادُوكُمْ إِلَّا خَبَالًا وَلَأَوْضَعُوا۟ خِلَٰلَكُمْ يَبْغُونَكُمُ ٱلْفِتْنَةَ وَفِيكُمْ سَمَّٰعُونَ لَهُمْ وَٱللَّهُ عَلِيمٌۢ بِٱلظَّٰلِمِينَ	لو خرجوا فيكم ما زادوكم إلا خبالا ولأوضعوا خلالكم يبغونكم الفتنة وفيكم سماعون لهم والله عليم بالظالمين
9	60	21	1	EaliymN	عَلِيمٌ	Ealiym	ADJ	STEM|POS:ADJ|LEM:Ealiym|ROOT:Elm|MS|INDEF|NOM	إِنَّمَا ٱلصَّدَقَٰتُ لِلْفُقَرَآءِ وَٱلْمَسَٰكِينِ وَٱلْعَٰمِلِينَ عَلَيْهَا وَٱلْمُؤَلَّفَةِ قُلُوبُهُمْ وَفِى ٱلرِّقَابِ وَٱلْغَٰرِمِينَ وَفِى سَبِيلِ ٱللَّهِ وَٱبْنِ ٱلسَّبِيلِ فَرِيضَةً مِّنَ ٱللَّهِ وَٱللَّهُ عَلِيمٌ حَكِيمٌ	إنما الصدقات للفقراء والمساكين والعاملين عليها والمؤلفة قلوبهم وفي الرقاب والغارمين وفي سبيل الله وابن السبيل فريضة من الله والله عليم حكيم
9	63	2	1	yaEolamu	يَعْلَمُ	Ealima	V	STEM|POS:V|IMPF|LEM:Ealima|ROOT:Elm|3MP|MOOD:JUS	أَلَمْ يَعْلَمُوٓا۟ أَنَّهُۥ مَن يُحَادِدِ ٱللَّهَ وَرَسُولَهُۥ فَأَنَّ لَهُۥ نَارَ جَهَنَّمَ خَٰلِدًا فِيهَا ذَٰلِكَ ٱلْخِزْىُ ٱلْعَظِيمُ	ألم يعلموا أنه من يحادد الله ورسوله فأن له نار جهنم خالدا فيها ذلك الخزي العظيم
9	78	2	1	yaEolamu	يَعْلَمُ	Ealima	V	STEM|POS:V|IMPF|LEM:Ealima|ROOT:Elm|3MP|MOOD:JUS	أَلَمْ يَعْلَمُوٓا۟ أَنَّ ٱللَّهَ يَعْلَمُ سِرَّهُمْ وَنَجْوَىٰهُمْ وَأَنَّ ٱللَّهَ عَلَّٰمُ ٱلْغُيُوبِ	ألم يعلموا أن الله يعلم سرهم ونجواهم وأن الله علام الغيوب
9	78	5	1	yaEolamu	يَعْلَمُ	Ealima	V	STEM|POS:V|IMPF|LEM:Ealima|ROOT:Elm|3MS	أَلَمْ يَعْلَمُوٓا۟ أَنَّ ٱللَّهَ يَعْلَمُ سِرَّهُمْ وَنَجْوَىٰهُمْ وَأَنَّ ٱللَّهَ عَلَّٰمُ ٱلْغُيُوبِ	ألم يعلموا أن الله يعلم سرهم ونجواهم وأن الله علام الغيوب
9	78	10	1	Eal~a`mu	عَلَّٰمُ	Eal~a`m	ADJ	STEM|POS:ADJ|LEM:Eal~a`m|ROOT:Elm|MS|NOM	أَلَمْ يَعْلَمُوٓا۟ أَنَّ ٱللَّهَ يَعْلَمُ سِرَّهُمْ وَنَجْوَىٰهُمْ وَأَنَّ ٱللَّهَ عَلَّٰمُ ٱلْغُيُوبِ	ألم يعلموا أن الله يعلم سرهم ونجواهم وأن الله علام الغيوب
9	93	19	1	yaEolamu	يَعْلَمُ	Ealima	V	STEM|POS:V|IMPF|LEM:Ealima|ROOT:Elm|3MP	إِنَّمَا ٱلسَّبِيلُ عَلَى ٱلَّذِينَ يَسْتَـْٔذِنُونَكَ وَهُمْ أَغْنِيَآءُ رَضُوا۟ بِأَن يَكُونُوا۟ مَعَ ٱلْخَوَالِفِ وَطَبَعَ ٱللَّهُ عَلَىٰ قُلُوبِهِمْ فَهُمْ لَا يَعْلَمُونَ	إنما السبيل على الذين يستأذنونك وهم أغنياء رضوا بأن يكونوا مع الخوالف وطبع الله على قلوبهم فهم لا يعلمون
9	94	24	1	Ea`limi	عَٰلِمِ	Ea`lim	N	STEM|POS:N|ACT|PCPL|LEM:Ea`lim|ROOT:Elm|M|GEN	يَعْتَذِرُونَ إِلَيْكُمْ إِذَا رَجَعْتُمْ إِلَيْهِمْ قُل لَّا تَعْتَذِرُوا۟ لَن نُّؤْمِنَ لَكُمْ قَدْ نَبَّأَنَا ٱللَّهُ مِنْ أَخْبَارِكُمْ وَسَيَرَى ٱللَّهُ عَمَلَكُمْ وَرَسُولُهُۥ ثُمَّ تُرَدُّونَ إِلَىٰ عَٰلِمِ ٱلْغَيْبِ وَٱلشَّهَٰدَةِ فَيُنَبِّئُكُم بِمَا كُنتُمْ تَعْمَلُونَ	يعتذرون إليكم إذا رجعتم إليهم قل لا تعتذروا لن نؤمن لكم قد نبأنا الله من أخباركم وسيرى الله عملكم ورسوله ثم تردون إلى عالم الغيب والشهادة فينبئكم بما كنتم تعملون
9	97	7	1	yaEolamu	يَعْلَمُ	Ealima	V	STEM|POS:V|IMPF|LEM:Ealima|ROOT:Elm|3MP|MOOD:SUBJ	ٱلْأَعْرَابُ أَشَدُّ كُفْرًا وَنِفَاقًا وَأَجْدَرُ أَلَّا يَعْلَمُوا۟ حُدُودَ مَآ أَنزَلَ ٱللَّهُ عَلَىٰ رَسُولِهِۦ وَٱللَّهُ عَلِيمٌ حَكِيمٌ	الأعراب أشد كفرا ونفاقا وأجدر ألا يعلموا حدود ما أنزل الله على رسوله والله عليم حكيم
9	97	15	1	EaliymN	عَلِيمٌ	Ealiym	ADJ	STEM|POS:ADJ|LEM:Ealiym|ROOT:Elm|MS|INDEF|NOM	ٱلْأَعْرَابُ أَشَدُّ كُفْرًا وَنِفَاقًا وَأَجْدَرُ أَلَّا يَعْلَمُوا۟ حُدُودَ مَآ أَنزَلَ ٱللَّهُ عَلَىٰ رَسُولِهِۦ وَٱللَّهُ عَلِيمٌ حَكِيمٌ	الأعراب أشد كفرا ونفاقا وأجدر ألا يعلموا حدود ما أنزل الله على رسوله والله عليم حكيم
9	98	16	1	EaliymN	عَلِيمٌ	Ealiym	ADJ	STEM|POS:ADJ|LEM:Ealiym|ROOT:Elm|MS|INDEF|NOM	وَمِنَ ٱلْأَعْرَابِ مَن يَتَّخِذُ مَا يُنفِقُ مَغْرَمًا وَيَتَرَبَّصُ بِكُمُ ٱلدَّوَآئِرَ عَلَيْهِمْ دَآئِرَةُ ٱلسَّوْءِ وَٱللَّهُ سَمِيعٌ عَلِيمٌ	ومن الأعراب من يتخذ ما ينفق مغرما ويتربص بكم الدوائر عليهم دائرة السوء والله سميع عليم
9	101	13	1	taEolamu	تَعْلَمُ	Ealima	V	STEM|POS:V|IMPF|LEM:Ealima|ROOT:Elm|2MS	وَمِمَّنْ حَوْلَكُم مِّنَ ٱلْأَعْرَابِ مُنَٰفِقُونَ وَمِنْ أَهْلِ ٱلْمَدِينَةِ مَرَدُوا۟ عَلَى ٱلنِّفَاقِ لَا تَعْلَمُهُمْ نَحْنُ نَعْلَمُهُمْ سَنُعَذِّبُهُم مَّرَّتَيْنِ ثُمَّ يُرَدُّونَ إِلَىٰ عَذَابٍ عَظِيمٍ	وممن حولكم من الأعراب منافقون ومن أهل المدينة مردوا على النفاق لا تعلمهم نحن نعلمهم سنعذبهم مرتين ثم يردون إلى عذاب عظيم
9	101	15	1	naEolamu	نَعْلَمُ	Ealima	V	STEM|POS:V|IMPF|LEM:Ealima|ROOT:Elm|1P	وَمِمَّنْ حَوْلَكُم مِّنَ ٱلْأَعْرَابِ مُنَٰفِقُونَ وَمِنْ أَهْلِ ٱلْمَدِينَةِ مَرَدُوا۟ عَلَى ٱلنِّفَاقِ لَا تَعْلَمُهُمْ نَحْنُ نَعْلَمُهُمْ سَنُعَذِّبُهُم مَّرَّتَيْنِ ثُمَّ يُرَدُّونَ إِلَىٰ عَذَابٍ عَظِيمٍ	وممن حولكم من الأعراب منافقون ومن أهل المدينة مردوا على النفاق لا تعلمهم نحن نعلمهم سنعذبهم مرتين ثم يردون إلى عذاب عظيم
9	103	16	1	EaliymN	عَلِيمٌ	Ealiym	ADJ	STEM|POS:ADJ|LEM:Ealiym|ROOT:Elm|MS|INDEF|NOM	خُذْ مِنْ أَمْوَٰلِهِمْ صَدَقَةً تُطَهِّرُهُمْ وَتُزَكِّيهِم بِهَا وَصَلِّ عَلَيْهِمْ إِنَّ صَلَوٰتَكَ سَكَنٌ لَّهُمْ وَٱللَّهُ سَمِيعٌ عَلِيمٌ	خذ من أموالهم صدقة تطهرهم وتزكيهم بها وصل عليهم إن صلاتك سكن لهم والله سميع عليم
9	104	2	1	yaEolamu	يَعْلَمُ	Ealima	V	STEM|POS:V|IMPF|LEM:Ealima|ROOT:Elm|3MP|MOOD:JUS	أَلَمْ يَعْلَمُوٓا۟ أَنَّ ٱللَّهَ هُوَ يَقْبَلُ ٱلتَّوْبَةَ عَنْ عِبَادِهِۦ وَيَأْخُذُ ٱلصَّدَقَٰتِ وَأَنَّ ٱللَّهَ هُوَ ٱلتَّوَّابُ ٱلرَّحِيمُ	ألم يعلموا أن الله هو يقبل التوبة عن عباده ويأخذ الصدقات وأن الله هو التواب الرحيم
9	105	10	1	Ea`limi	عَٰلِمِ	Ea`lim	N	STEM|POS:N|ACT|PCPL|LEM:Ea`lim|ROOT:Elm|M|GEN	وَقُلِ ٱعْمَلُوا۟ فَسَيَرَى ٱللَّهُ عَمَلَكُمْ وَرَسُولُهُۥ وَٱلْمُؤْمِنُونَ وَسَتُرَدُّونَ إِلَىٰ عَٰلِمِ ٱلْغَيْبِ وَٱلشَّهَٰدَةِ فَيُنَبِّئُكُم بِمَا كُنتُمْ تَعْمَلُونَ	وقل اعملوا فسيرى الله عملكم ورسوله والمؤمنون وستردون إلى عالم الغيب والشهادة فينبئكم بما كنتم تعملون
9	106	11	1	EaliymN	عَلِيمٌ	Ealiym	ADJ	STEM|POS:ADJ|LEM:Ealiym|ROOT:Elm|MS|INDEF|NOM	وَءَاخَرُونَ مُرْجَوْنَ لِأَمْرِ ٱللَّهِ إِمَّا يُعَذِّبُهُمْ وَإِمَّا يَتُوبُ عَلَيْهِمْ وَٱللَّهُ عَلِيمٌ حَكِيمٌ	وآخرون مرجون لأمر الله إما يعذبهم وإما يتوب عليهم والله عليم حكيم
9	110	14	1	EaliymN	عَلِيمٌ	Ealiym	ADJ	STEM|POS:ADJ|LEM:Ealiym|ROOT:Elm|MS|INDEF|NOM	لَا يَزَالُ بُنْيَٰنُهُمُ ٱلَّذِى بَنَوْا۟ رِيبَةً فِى قُلُوبِهِمْ إِلَّآ أَن تَقَطَّعَ قُلُوبُهُمْ وَٱللَّهُ عَلِيمٌ حَكِيمٌ	لا يزال بنيانهم الذي بنوا ريبة في قلوبهم إلا أن تقطع قلوبهم والله عليم حكيم
9	115	18	1	EaliymN	عَلِيمٌ	Ealiym	ADJ	STEM|POS:ADJ|LEM:Ealiym|ROOT:Elm|MS|INDEF|NOM	وَمَا كَانَ ٱللَّهُ لِيُضِلَّ قَوْمًۢا بَعْدَ إِذْ هَدَىٰهُمْ حَتَّىٰ يُبَيِّنَ لَهُم مَّا يَتَّقُونَ إِنَّ ٱللَّهَ بِكُلِّ شَىْءٍ عَلِيمٌ	وما كان الله ليضل قوما بعد إذ هداهم حتى يبين لهم ما يتقون إن الله بكل شيء عليم
9	123	12	2	{Eolamu	ٱعْلَمُ	Ealima	V	STEM|POS:V|IMPV|LEM:Ealima|ROOT:Elm|2MP	يَٰٓأَيُّهَا ٱلَّذِينَ ءَامَنُوا۟ قَٰتِلُوا۟ ٱلَّذِينَ يَلُونَكُم مِّنَ ٱلْكُفَّارِ وَلْيَجِدُوا۟ فِيكُمْ غِلْظَةً وَٱعْلَمُوٓا۟ أَنَّ ٱللَّهَ مَعَ ٱلْمُتَّقِينَ	يا أيها الذين آمنوا قاتلوا الذين يلونكم من الكفار وليجدوا فيكم غلظة واعلموا أن الله مع المتقين
10	5	10	2	taEolamu	تَعْلَمُ	Ealima	V	STEM|POS:V|IMPF|LEM:Ealima|ROOT:Elm|2MP|MOOD:SUBJ	هُوَ ٱلَّذِى جَعَلَ ٱلشَّمْسَ ضِيَآءً وَٱلْقَمَرَ نُورًا وَقَدَّرَهُۥ مَنَازِلَ لِتَعْلَمُوا۟ عَدَدَ ٱلسِّنِينَ وَٱلْحِسَابَ مَا خَلَقَ ٱللَّهُ ذَٰلِكَ إِلَّا بِٱلْحَقِّ يُفَصِّلُ ٱلْـَٔايَٰتِ لِقَوْمٍ يَعْلَمُونَ	هو الذي جعل الشمس ضياء والقمر نورا وقدره منازل لتعلموا عدد السنين والحساب ما خلق الله ذلك إلا بالحق يفصل الآيات لقوم يعلمون
10	5	23	1	yaEolamu	يَعْلَمُ	Ealima	V	STEM|POS:V|IMPF|LEM:Ealima|ROOT:Elm|3MP	هُوَ ٱلَّذِى جَعَلَ ٱلشَّمْسَ ضِيَآءً وَٱلْقَمَرَ نُورًا وَقَدَّرَهُۥ مَنَازِلَ لِتَعْلَمُوا۟ عَدَدَ ٱلسِّنِينَ وَٱلْحِسَابَ مَا خَلَقَ ٱللَّهُ ذَٰلِكَ إِلَّا بِٱلْحَقِّ يُفَصِّلُ ٱلْـَٔايَٰتِ لِقَوْمٍ يَعْلَمُونَ	هو الذي جعل الشمس ضياء والقمر نورا وقدره منازل لتعلموا عدد السنين والحساب ما خلق الله ذلك إلا بالحق يفصل الآيات لقوم يعلمون
10	10	14	2	Ea`lamiyna	عَٰلَمِينَ	Ea`lamiyn	N	STEM|POS:N|LEM:Ea`lamiyn|ROOT:Elm|MP|GEN	دَعْوَىٰهُمْ فِيهَا سُبْحَٰنَكَ ٱللَّهُمَّ وَتَحِيَّتُهُمْ فِيهَا سَلَٰمٌ وَءَاخِرُ دَعْوَىٰهُمْ أَنِ ٱلْحَمْدُ لِلَّهِ رَبِّ ٱلْعَٰلَمِينَ	دعواهم فيها سبحانك اللهم وتحيتهم فيها سلام وآخر دعواهم أن الحمد لله رب العالمين
10	18	20	1	yaEolamu	يَعْلَمُ	Ealima	V	STEM|POS:V|IMPF|LEM:Ealima|ROOT:Elm|3MS	وَيَعْبُدُونَ مِن دُونِ ٱللَّهِ مَا لَا يَضُرُّهُمْ وَلَا يَنفَعُهُمْ وَيَقُولُونَ هَٰٓؤُلَآءِ شُفَعَٰٓؤُنَا عِندَ ٱللَّهِ قُلْ أَتُنَبِّـُٔونَ ٱللَّهَ بِمَا لَا يَعْلَمُ فِى ٱلسَّمَٰوَٰتِ وَلَا فِى ٱلْأَرْضِ سُبْحَٰنَهُۥ وَتَعَٰلَىٰ عَمَّا يُشْرِكُونَ	ويعبدون من دون الله ما لا يضرهم ولا ينفعهم ويقولون هؤلاء شفعاؤنا عند الله قل أتنبئون الله بما لا يعلم في السماوات ولا في الأرض سبحانه وتعالى عما يشركون
10	36	15	1	EaliymN[	عَلِيمٌ[	Ealiym	ADJ	STEM|POS:ADJ|LEM:Ealiym|ROOT:Elm|MS|INDEF|NOM	وَمَا يَتَّبِعُ أَكْثَرُهُمْ إِلَّا ظَنًّا إِنَّ ٱلظَّنَّ لَا يُغْنِى مِنَ ٱلْحَقِّ شَيْـًٔا إِنَّ ٱللَّهَ عَلِيمٌۢ بِمَا يَفْعَلُونَ	وما يتبع أكثرهم إلا ظنا إن الظن لا يغني من الحق شيئا إن الله عليم بما يفعلون
10	37	22	2	Ea`lamiyna	عَٰلَمِينَ	Ea`lamiyn	N	STEM|POS:N|LEM:Ea`lamiyn|ROOT:Elm|MP|GEN	وَمَا كَانَ هَٰذَا ٱلْقُرْءَانُ أَن يُفْتَرَىٰ مِن دُونِ ٱللَّهِ وَلَٰكِن تَصْدِيقَ ٱلَّذِى بَيْنَ يَدَيْهِ وَتَفْصِيلَ ٱلْكِتَٰبِ لَا رَيْبَ فِيهِ مِن رَّبِّ ٱلْعَٰلَمِينَ	وما كان هذا القرآن أن يفترى من دون الله ولكن تصديق الذي بين يديه وتفصيل الكتاب لا ريب فيه من رب العالمين
10	39	6	2	Eilomi	عِلْمِ	Eilom	N	STEM|POS:N|LEM:Eilom|ROOT:Elm|M|GEN	بَلْ كَذَّبُوا۟ بِمَا لَمْ يُحِيطُوا۟ بِعِلْمِهِۦ وَلَمَّا يَأْتِهِمْ تَأْوِيلُهُۥ كَذَٰلِكَ كَذَّبَ ٱلَّذِينَ مِن قَبْلِهِمْ فَٱنظُرْ كَيْفَ كَانَ عَٰقِبَةُ ٱلظَّٰلِمِينَ	بل كذبوا بما لم يحيطوا بعلمه ولما يأتهم تأويله كذلك كذب الذين من قبلهم فانظر كيف كان عاقبة الظالمين
10	40	11	1	>aEolamu	أَعْلَمُ	>aEolam	ADJ	STEM|POS:ADJ|LEM:>aEolam|ROOT:Elm|MS|NOM	وَمِنْهُم مَّن يُؤْمِنُ بِهِۦ وَمِنْهُم مَّن لَّا يُؤْمِنُ بِهِۦ وَرَبُّكَ أَعْلَمُ بِٱلْمُفْسِدِينَ	ومنهم من يؤمن به ومنهم من لا يؤمن به وربك أعلم بالمفسدين
10	55	16	1	yaEolamu	يَعْلَمُ	Ealima	V	STEM|POS:V|IMPF|LEM:Ealima|ROOT:Elm|3MP	أَلَآ إِنَّ لِلَّهِ مَا فِى ٱلسَّمَٰوَٰتِ وَٱلْأَرْضِ أَلَآ إِنَّ وَعْدَ ٱللَّهِ حَقٌّ وَلَٰكِنَّ أَكْثَرَهُمْ لَا يَعْلَمُونَ	ألا إن لله ما في السماوات والأرض ألا إن وعد الله حق ولكن أكثرهم لا يعلمون
10	65	10	2	Ealiymu	عَلِيمُ	Ealiym	ADJ	STEM|POS:ADJ|LEM:Ealiym|ROOT:Elm|MS|NOM	وَلَا يَحْزُنكَ قَوْلُهُمْ إِنَّ ٱلْعِزَّةَ لِلَّهِ جَمِيعًا هُوَ ٱلسَّمِيعُ ٱلْعَلِيمُ	ولا يحزنك قولهم إن العزة لله جميعا هو السميع العليم
10	68	25	1	taEolamu	تَعْلَمُ	Ealima	V	STEM|POS:V|IMPF|LEM:Ealima|ROOT:Elm|2MP	قَالُوا۟ ٱتَّخَذَ ٱللَّهُ وَلَدًا سُبْحَٰنَهُۥ هُوَ ٱلْغَنِىُّ لَهُۥ مَا فِى ٱلسَّمَٰوَٰتِ وَمَا فِى ٱلْأَرْضِ إِنْ عِندَكُم مِّن سُلْطَٰنٍۭ بِهَٰذَآ أَتَقُولُونَ عَلَى ٱللَّهِ مَا لَا تَعْلَمُونَ	قالوا اتخذ الله ولدا سبحانه هو الغني له ما في السماوات وما في الأرض إن عندكم من سلطان بهذا أتقولون على الله ما لا تعلمون
10	79	6	1	EaliymK	عَلِيمٍ	Ealiym	ADJ	STEM|POS:ADJ|LEM:Ealiym|ROOT:Elm|MS|INDEF|GEN	وَقَالَ فِرْعَوْنُ ٱئْتُونِى بِكُلِّ سَٰحِرٍ عَلِيمٍ	وقال فرعون ائتوني بكل ساحر عليم
10	89	11	1	yaEolamu	يَعْلَمُ	Ealima	V	STEM|POS:V|IMPF|LEM:Ealima|ROOT:Elm|3MP	قَالَ قَدْ أُجِيبَت دَّعْوَتُكُمَا فَٱسْتَقِيمَا وَلَا تَتَّبِعَآنِّ سَبِيلَ ٱلَّذِينَ لَا يَعْلَمُونَ	قال قد أجيبت دعوتكما فاستقيما ولا تتبعان سبيل الذين لا يعلمون
10	93	14	2	Eilomu	عِلْمُ	Eilom	N	STEM|POS:N|LEM:Eilom|ROOT:Elm|M|NOM	وَلَقَدْ بَوَّأْنَا بَنِىٓ إِسْرَٰٓءِيلَ مُبَوَّأَ صِدْقٍ وَرَزَقْنَٰهُم مِّنَ ٱلطَّيِّبَٰتِ فَمَا ٱخْتَلَفُوا۟ حَتَّىٰ جَآءَهُمُ ٱلْعِلْمُ إِنَّ رَبَّكَ يَقْضِى بَيْنَهُمْ يَوْمَ ٱلْقِيَٰمَةِ فِيمَا كَانُوا۟ فِيهِ يَخْتَلِفُونَ	ولقد بوأنا بني إسرائيل مبوأ صدق ورزقناهم من الطيبات فما اختلفوا حتى جاءهم العلم إن ربك يقضي بينهم يوم القيامة فيما كانوا فيه يختلفون
11	5	11	1	yaEolamu	يَعْلَمُ	Ealima	V	STEM|POS:V|IMPF|LEM:Ealima|ROOT:Elm|3MS	أَلَآ إِنَّهُمْ يَثْنُونَ صُدُورَهُمْ لِيَسْتَخْفُوا۟ مِنْهُ أَلَا حِينَ يَسْتَغْشُونَ ثِيَابَهُمْ يَعْلَمُ مَا يُسِرُّونَ وَمَا يُعْلِنُونَ إِنَّهُۥ عَلِيمٌۢ بِذَاتِ ٱلصُّدُورِ	ألا إنهم يثنون صدورهم ليستخفوا منه ألا حين يستغشون ثيابهم يعلم ما يسرون وما يعلنون إنه عليم بذات الصدور
11	5	17	1	EaliymN[	عَلِيمٌ[	Ealiym	N	STEM|POS:N|LEM:Ealiym|ROOT:Elm|MS|INDEF|NOM	أَلَآ إِنَّهُمْ يَثْنُونَ صُدُورَهُمْ لِيَسْتَخْفُوا۟ مِنْهُ أَلَا حِينَ يَسْتَغْشُونَ ثِيَابَهُمْ يَعْلَمُ مَا يُسِرُّونَ وَمَا يُعْلِنُونَ إِنَّهُۥ عَلِيمٌۢ بِذَاتِ ٱلصُّدُورِ	ألا إنهم يثنون صدورهم ليستخفوا منه ألا حين يستغشون ثيابهم يعلم ما يسرون وما يعلنون إنه عليم بذات الصدور
11	6	10	2	yaEolamu	يَعْلَمُ	Ealima	V	STEM|POS:V|IMPF|LEM:Ealima|ROOT:Elm|3MS	وَمَا مِن دَآبَّةٍ فِى ٱلْأَرْضِ إِلَّا عَلَى ٱللَّهِ رِزْقُهَا وَيَعْلَمُ مُسْتَقَرَّهَا وَمُسْتَوْدَعَهَا كُلٌّ فِى كِتَٰبٍ مُّبِينٍ	وما من دابة في الأرض إلا على الله رزقها ويعلم مستقرها ومستودعها كل في كتاب مبين
11	14	4	2	{Eolamu	ٱعْلَمُ	Ealima	V	STEM|POS:V|IMPV|LEM:Ealima|ROOT:Elm|2MP	فَإِلَّمْ يَسْتَجِيبُوا۟ لَكُمْ فَٱعْلَمُوٓا۟ أَنَّمَآ أُنزِلَ بِعِلْمِ ٱللَّهِ وَأَن لَّآ إِلَٰهَ إِلَّا هُوَ فَهَلْ أَنتُم مُّسْلِمُونَ	فإلم يستجيبوا لكم فاعلموا أنما أنزل بعلم الله وأن لا إله إلا هو فهل أنتم مسلمون
11	14	7	2	Eilomi	عِلْمِ	Eilom	N	STEM|POS:N|LEM:Eilom|ROOT:Elm|M|GEN	فَإِلَّمْ يَسْتَجِيبُوا۟ لَكُمْ فَٱعْلَمُوٓا۟ أَنَّمَآ أُنزِلَ بِعِلْمِ ٱللَّهِ وَأَن لَّآ إِلَٰهَ إِلَّا هُوَ فَهَلْ أَنتُم مُّسْلِمُونَ	فإلم يستجيبوا لكم فاعلموا أنما أنزل بعلم الله وأن لا إله إلا هو فهل أنتم مسلمون
11	31	8	1	>aEolamu	أَعْلَمُ	Ealima	V	STEM|POS:V|IMPF|LEM:Ealima|ROOT:Elm|1S	وَلَآ أَقُولُ لَكُمْ عِندِى خَزَآئِنُ ٱللَّهِ وَلَآ أَعْلَمُ ٱلْغَيْبَ وَلَآ أَقُولُ إِنِّى مَلَكٌ وَلَآ أَقُولُ لِلَّذِينَ تَزْدَرِىٓ أَعْيُنُكُمْ لَن يُؤْتِيَهُمُ ٱللَّهُ خَيْرًا ٱللَّهُ أَعْلَمُ بِمَا فِىٓ أَنفُسِهِمْ إِنِّىٓ إِذًا لَّمِنَ ٱلظَّٰلِمِينَ	ولا أقول لكم عندي خزائن الله ولا أعلم الغيب ولا أقول إني ملك ولا أقول للذين تزدري أعينكم لن يؤتيهم الله خيرا الله أعلم بما في أنفسهم إني إذا لمن الظالمين
11	31	24	1	>aEolamu	أَعْلَمُ	>aEolam	ADJ	STEM|POS:ADJ|LEM:>aEolam|ROOT:Elm|MS|NOM	وَلَآ أَقُولُ لَكُمْ عِندِى خَزَآئِنُ ٱللَّهِ وَلَآ أَعْلَمُ ٱلْغَيْبَ وَلَآ أَقُولُ إِنِّى مَلَكٌ وَلَآ أَقُولُ لِلَّذِينَ تَزْدَرِىٓ أَعْيُنُكُمْ لَن يُؤْتِيَهُمُ ٱللَّهُ خَيْرًا ٱللَّهُ أَعْلَمُ بِمَا فِىٓ أَنفُسِهِمْ إِنِّىٓ إِذًا لَّمِنَ ٱلظَّٰلِمِينَ	ولا أقول لكم عندي خزائن الله ولا أعلم الغيب ولا أقول إني ملك ولا أقول للذين تزدري أعينكم لن يؤتيهم الله خيرا الله أعلم بما في أنفسهم إني إذا لمن الظالمين
11	39	2	1	taEolamu	تَعْلَمُ	Ealima	V	STEM|POS:V|IMPF|LEM:Ealima|ROOT:Elm|2MP	فَسَوْفَ تَعْلَمُونَ مَن يَأْتِيهِ عَذَابٌ يُخْزِيهِ وَيَحِلُّ عَلَيْهِ عَذَابٌ مُّقِيمٌ	فسوف تعلمون من يأتيه عذاب يخزيه ويحل عليه عذاب مقيم
11	46	17	1	EilomN	عِلْمٌ	Eilom	N	STEM|POS:N|LEM:Eilom|ROOT:Elm|M|INDEF|NOM	قَالَ يَٰنُوحُ إِنَّهُۥ لَيْسَ مِنْ أَهْلِكَ إِنَّهُۥ عَمَلٌ غَيْرُ صَٰلِحٍ فَلَا تَسْـَٔلْنِ مَا لَيْسَ لَكَ بِهِۦ عِلْمٌ إِنِّىٓ أَعِظُكَ أَن تَكُونَ مِنَ ٱلْجَٰهِلِينَ	قال يا نوح إنه ليس من أهلك إنه عمل غير صالح فلا تسألن ما ليس لك به علم إني أعظك أن تكون من الجاهلين
11	47	12	1	EilomN	عِلْمٌ	Eilom	N	STEM|POS:N|LEM:Eilom|ROOT:Elm|M|INDEF|NOM	قَالَ رَبِّ إِنِّىٓ أَعُوذُ بِكَ أَنْ أَسْـَٔلَكَ مَا لَيْسَ لِى بِهِۦ عِلْمٌ وَإِلَّا تَغْفِرْ لِى وَتَرْحَمْنِىٓ أَكُن مِّنَ ٱلْخَٰسِرِينَ	قال رب إني أعوذ بك أن أسألك ما ليس لي به علم وإلا تغفر لي وترحمني أكن من الخاسرين
11	49	9	1	taEolamu	تَعْلَمُ	Ealima	V	STEM|POS:V|IMPF|LEM:Ealima|ROOT:Elm|3FS	تِلْكَ مِنْ أَنۢبَآءِ ٱلْغَيْبِ نُوحِيهَآ إِلَيْكَ مَا كُنتَ تَعْلَمُهَآ أَنتَ وَلَا قَوْمُكَ مِن قَبْلِ هَٰذَا فَٱصْبِرْ إِنَّ ٱلْعَٰقِبَةَ لِلْمُتَّقِينَ	تلك من أنباء الغيب نوحيها إليك ما كنت تعلمها أنت ولا قومك من قبل هذا فاصبر إن العاقبة للمتقين
11	79	3	1	Ealimo	عَلِمْ	Ealima	V	STEM|POS:V|PERF|LEM:Ealima|ROOT:Elm|2MS	قَالُوا۟ لَقَدْ عَلِمْتَ مَا لَنَا فِى بَنَاتِكَ مِنْ حَقٍّ وَإِنَّكَ لَتَعْلَمُ مَا نُرِيدُ	قالوا لقد علمت ما لنا في بناتك من حق وإنك لتعلم ما نريد
11	79	11	2	taEolamu	تَعْلَمُ	Ealima	V	STEM|POS:V|IMPF|LEM:Ealima|ROOT:Elm|2MS	قَالُوا۟ لَقَدْ عَلِمْتَ مَا لَنَا فِى بَنَاتِكَ مِنْ حَقٍّ وَإِنَّكَ لَتَعْلَمُ مَا نُرِيدُ	قالوا لقد علمت ما لنا في بناتك من حق وإنك لتعلم ما نريد
11	93	8	1	taEolamu	تَعْلَمُ	Ealima	V	STEM|POS:V|IMPF|LEM:Ealima|ROOT:Elm|2MP	وَيَٰقَوْمِ ٱعْمَلُوا۟ عَلَىٰ مَكَانَتِكُمْ إِنِّى عَٰمِلٌ سَوْفَ تَعْلَمُونَ مَن يَأْتِيهِ عَذَابٌ يُخْزِيهِ وَمَنْ هُوَ كَٰذِبٌ وَٱرْتَقِبُوٓا۟ إِنِّى مَعَكُمْ رَقِيبٌ	ويا قوم اعملوا على مكانتكم إني عامل سوف تعلمون من يأتيه عذاب يخزيه ومن هو كاذب وارتقبوا إني معكم رقيب
12	6	4	2	yuEal~imu	يُعَلِّمُ	Eal~ama	V	STEM|POS:V|IMPF|(II)|LEM:Eal~ama|ROOT:Elm|3MS	وَكَذَٰلِكَ يَجْتَبِيكَ رَبُّكَ وَيُعَلِّمُكَ مِن تَأْوِيلِ ٱلْأَحَادِيثِ وَيُتِمُّ نِعْمَتَهُۥ عَلَيْكَ وَعَلَىٰٓ ءَالِ يَعْقُوبَ كَمَآ أَتَمَّهَا عَلَىٰٓ أَبَوَيْكَ مِن قَبْلُ إِبْرَٰهِيمَ وَإِسْحَٰقَ إِنَّ رَبَّكَ عَلِيمٌ حَكِيمٌ	وكذلك يجتبيك ربك ويعلمك من تأويل الأحاديث ويتم نعمته عليك وعلى آل يعقوب كما أتمها على أبويك من قبل إبراهيم وإسحاق إن ربك عليم حكيم
12	6	24	1	EaliymN	عَلِيمٌ	Ealiym	N	STEM|POS:N|LEM:Ealiym|ROOT:Elm|MS|INDEF|NOM	وَكَذَٰلِكَ يَجْتَبِيكَ رَبُّكَ وَيُعَلِّمُكَ مِن تَأْوِيلِ ٱلْأَحَادِيثِ وَيُتِمُّ نِعْمَتَهُۥ عَلَيْكَ وَعَلَىٰٓ ءَالِ يَعْقُوبَ كَمَآ أَتَمَّهَا عَلَىٰٓ أَبَوَيْكَ مِن قَبْلُ إِبْرَٰهِيمَ وَإِسْحَٰقَ إِنَّ رَبَّكَ عَلِيمٌ حَكِيمٌ	وكذلك يجتبيك ربك ويعلمك من تأويل الأحاديث ويتم نعمته عليك وعلى آل يعقوب كما أتمها على أبويك من قبل إبراهيم وإسحاق إن ربك عليم حكيم
12	19	14	1	EaliymN[	عَلِيمٌ[	Ealiym	ADJ	STEM|POS:ADJ|LEM:Ealiym|ROOT:Elm|MS|INDEF|NOM	وَجَآءَتْ سَيَّارَةٌ فَأَرْسَلُوا۟ وَارِدَهُمْ فَأَدْلَىٰ دَلْوَهُۥ قَالَ يَٰبُشْرَىٰ هَٰذَا غُلَٰمٌ وَأَسَرُّوهُ بِضَٰعَةً وَٱللَّهُ عَلِيمٌۢ بِمَا يَعْمَلُونَ	وجاءت سيارة فأرسلوا واردهم فأدلى دلوه قال يا بشرى هذا غلام وأسروه بضاعة والله عليم بما يعملون
12	21	20	3	nuEal~ima	نُعَلِّمَ	Eal~ama	V	STEM|POS:V|IMPF|(II)|LEM:Eal~ama|ROOT:Elm|1P|MOOD:SUBJ	وَقَالَ ٱلَّذِى ٱشْتَرَىٰهُ مِن مِّصْرَ لِٱمْرَأَتِهِۦٓ أَكْرِمِى مَثْوَىٰهُ عَسَىٰٓ أَن يَنفَعَنَآ أَوْ نَتَّخِذَهُۥ وَلَدًا وَكَذَٰلِكَ مَكَّنَّا لِيُوسُفَ فِى ٱلْأَرْضِ وَلِنُعَلِّمَهُۥ مِن تَأْوِيلِ ٱلْأَحَادِيثِ وَٱللَّهُ غَالِبٌ عَلَىٰٓ أَمْرِهِۦ وَلَٰكِنَّ أَكْثَرَ ٱلنَّاسِ لَا يَعْلَمُونَ	وقال الذي اشتراه من مصر لامرأته أكرمي مثواه عسى أن ينفعنا أو نتخذه ولدا وكذلك مكنا ليوسف في الأرض ولنعلمه من تأويل الأحاديث والله غالب على أمره ولكن أكثر الناس لا يعلمون
12	21	32	1	yaEolamu	يَعْلَمُ	Ealima	V	STEM|POS:V|IMPF|LEM:Ealima|ROOT:Elm|3MP	وَقَالَ ٱلَّذِى ٱشْتَرَىٰهُ مِن مِّصْرَ لِٱمْرَأَتِهِۦٓ أَكْرِمِى مَثْوَىٰهُ عَسَىٰٓ أَن يَنفَعَنَآ أَوْ نَتَّخِذَهُۥ وَلَدًا وَكَذَٰلِكَ مَكَّنَّا لِيُوسُفَ فِى ٱلْأَرْضِ وَلِنُعَلِّمَهُۥ مِن تَأْوِيلِ ٱلْأَحَادِيثِ وَٱللَّهُ غَالِبٌ عَلَىٰٓ أَمْرِهِۦ وَلَٰكِنَّ أَكْثَرَ ٱلنَّاسِ لَا يَعْلَمُونَ	وقال الذي اشتراه من مصر لامرأته أكرمي مثواه عسى أن ينفعنا أو نتخذه ولدا وكذلك مكنا ليوسف في الأرض ولنعلمه من تأويل الأحاديث والله غالب على أمره ولكن أكثر الناس لا يعلمون
12	22	6	2	EilomFA	عِلْمًا	Eilom	N	STEM|POS:N|LEM:Eilom|ROOT:Elm|M|INDEF|ACC	وَلَمَّا بَلَغَ أَشُدَّهُۥٓ ءَاتَيْنَٰهُ حُكْمًا وَعِلْمًا وَكَذَٰلِكَ نَجْزِى ٱلْمُحْسِنِينَ	ولما بلغ أشده آتيناه حكما وعلما وكذلك نجزي المحسنين
12	34	10	2	Ealiymu	عَلِيمُ	Ealiym	ADJ	STEM|POS:ADJ|LEM:Ealiym|ROOT:Elm|MS|NOM	فَٱسْتَجَابَ لَهُۥ رَبُّهُۥ فَصَرَفَ عَنْهُ كَيْدَهُنَّ إِنَّهُۥ هُوَ ٱلسَّمِيعُ ٱلْعَلِيمُ	فاستجاب له ربه فصرف عنه كيدهن إنه هو السميع العليم
12	37	14	1	Eal~ama	عَلَّمَ	Eal~ama	V	STEM|POS:V|PERF|(II)|LEM:Eal~ama|ROOT:Elm|3MS	قَالَ لَا يَأْتِيكُمَا طَعَامٌ تُرْزَقَانِهِۦٓ إِلَّا نَبَّأْتُكُمَا بِتَأْوِيلِهِۦ قَبْلَ أَن يَأْتِيَكُمَا ذَٰلِكُمَا مِمَّا عَلَّمَنِى رَبِّىٓ إِنِّى تَرَكْتُ مِلَّةَ قَوْمٍ لَّا يُؤْمِنُونَ بِٱللَّهِ وَهُم بِٱلْـَٔاخِرَةِ هُمْ كَٰفِرُونَ	قال لا يأتيكما طعام ترزقانه إلا نبأتكما بتأويله قبل أن يأتيكما ذلكما مما علمني ربي إني تركت ملة قوم لا يؤمنون بالله وهم بالآخرة هم كافرون
12	40	32	1	yaEolamu	يَعْلَمُ	Ealima	V	STEM|POS:V|IMPF|LEM:Ealima|ROOT:Elm|3MP	مَا تَعْبُدُونَ مِن دُونِهِۦٓ إِلَّآ أَسْمَآءً سَمَّيْتُمُوهَآ أَنتُمْ وَءَابَآؤُكُم مَّآ أَنزَلَ ٱللَّهُ بِهَا مِن سُلْطَٰنٍ إِنِ ٱلْحُكْمُ إِلَّا لِلَّهِ أَمَرَ أَلَّا تَعْبُدُوٓا۟ إِلَّآ إِيَّاهُ ذَٰلِكَ ٱلدِّينُ ٱلْقَيِّمُ وَلَٰكِنَّ أَكْثَرَ ٱلنَّاسِ لَا يَعْلَمُونَ	ما تعبدون من دونه إلا أسماء سميتموها أنتم وآباؤكم ما أنزل الله بها من سلطان إن الحكم إلا لله أمر ألا تعبدوا إلا إياه ذلك الدين القيم ولكن أكثر الناس لا يعلمون
12	44	8	2	Ea`limiyna	عَٰلِمِينَ	Ea`lim	N	STEM|POS:N|ACT|PCPL|LEM:Ea`lim|ROOT:Elm|MP|GEN	قَالُوٓا۟ أَضْغَٰثُ أَحْلَٰمٍ وَمَا نَحْنُ بِتَأْوِيلِ ٱلْأَحْلَٰمِ بِعَٰلِمِينَ	قالوا أضغاث أحلام وما نحن بتأويل الأحلام بعالمين
12	46	22	1	yaEolamu	يَعْلَمُ	Ealima	V	STEM|POS:V|IMPF|LEM:Ealima|ROOT:Elm|3MP	يُوسُفُ أَيُّهَا ٱلصِّدِّيقُ أَفْتِنَا فِى سَبْعِ بَقَرَٰتٍ سِمَانٍ يَأْكُلُهُنَّ سَبْعٌ عِجَافٌ وَسَبْعِ سُنۢبُلَٰتٍ خُضْرٍ وَأُخَرَ يَابِسَٰتٍ لَّعَلِّىٓ أَرْجِعُ إِلَى ٱلنَّاسِ لَعَلَّهُمْ يَعْلَمُونَ	يوسف أيها الصديق أفتنا في سبع بقرات سمان يأكلهن سبع عجاف وسبع سنبلات خضر وأخر يابسات لعلي أرجع إلى الناس لعلهم يعلمون
12	50	22	1	EaliymN	عَلِيمٌ	Ealiym	ADJ	STEM|POS:ADJ|LEM:Ealiym|ROOT:Elm|MS|INDEF|NOM	وَقَالَ ٱلْمَلِكُ ٱئْتُونِى بِهِۦ فَلَمَّا جَآءَهُ ٱلرَّسُولُ قَالَ ٱرْجِعْ إِلَىٰ رَبِّكَ فَسْـَٔلْهُ مَا بَالُ ٱلنِّسْوَةِ ٱلَّٰتِى قَطَّعْنَ أَيْدِيَهُنَّ إِنَّ رَبِّى بِكَيْدِهِنَّ عَلِيمٌ	وقال الملك ائتوني به فلما جاءه الرسول قال ارجع إلى ربك فاسأله ما بال النسوة اللاتي قطعن أيديهن إن ربي بكيدهن عليم
12	51	13	1	Ealimo	عَلِمْ	Ealima	V	STEM|POS:V|PERF|LEM:Ealima|ROOT:Elm|1P	قَالَ مَا خَطْبُكُنَّ إِذْ رَٰوَدتُّنَّ يُوسُفَ عَن نَّفْسِهِۦ قُلْنَ حَٰشَ لِلَّهِ مَا عَلِمْنَا عَلَيْهِ مِن سُوٓءٍ قَالَتِ ٱمْرَأَتُ ٱلْعَزِيزِ ٱلْـَٰٔنَ حَصْحَصَ ٱلْحَقُّ أَنَا۠ رَٰوَدتُّهُۥ عَن نَّفْسِهِۦ وَإِنَّهُۥ لَمِنَ ٱلصَّٰدِقِينَ	قال ما خطبكن إذ راودتن يوسف عن نفسه قلن حاش لله ما علمنا عليه من سوء قالت امرأت العزيز الآن حصحص الحق أنا راودته عن نفسه وإنه لمن الصادقين
12	52	2	2	yaEolama	يَعْلَمَ	Ealima	V	STEM|POS:V|IMPF|LEM:Ealima|ROOT:Elm|3MS|MOOD:SUBJ	ذَٰلِكَ لِيَعْلَمَ أَنِّى لَمْ أَخُنْهُ بِٱلْغَيْبِ وَأَنَّ ٱللَّهَ لَا يَهْدِى كَيْدَ ٱلْخَآئِنِينَ	ذلك ليعلم أني لم أخنه بالغيب وأن الله لا يهدي كيد الخائنين
12	55	8	1	EaliymN	عَلِيمٌ	Ealiym	ADJ	STEM|POS:ADJ|LEM:Ealiym|ROOT:Elm|MS|INDEF|NOM	قَالَ ٱجْعَلْنِى عَلَىٰ خَزَآئِنِ ٱلْأَرْضِ إِنِّى حَفِيظٌ عَلِيمٌ	قال اجعلني على خزائن الأرض إني حفيظ عليم
12	68	23	1	EilomK	عِلْمٍ	Eilom	N	STEM|POS:N|LEM:Eilom|ROOT:Elm|M|INDEF|GEN	وَلَمَّا دَخَلُوا۟ مِنْ حَيْثُ أَمَرَهُمْ أَبُوهُم مَّا كَانَ يُغْنِى عَنْهُم مِّنَ ٱللَّهِ مِن شَىْءٍ إِلَّا حَاجَةً فِى نَفْسِ يَعْقُوبَ قَضَىٰهَا وَإِنَّهُۥ لَذُو عِلْمٍ لِّمَا عَلَّمْنَٰهُ وَلَٰكِنَّ أَكْثَرَ ٱلنَّاسِ لَا يَعْلَمُونَ	ولما دخلوا من حيث أمرهم أبوهم ما كان يغني عنهم من الله من شيء إلا حاجة في نفس يعقوب قضاها وإنه لذو علم لما علمناه ولكن أكثر الناس لا يعلمون
12	68	25	1	Eal~amo	عَلَّمْ	Eal~ama	V	STEM|POS:V|PERF|(II)|LEM:Eal~ama|ROOT:Elm|1P	وَلَمَّا دَخَلُوا۟ مِنْ حَيْثُ أَمَرَهُمْ أَبُوهُم مَّا كَانَ يُغْنِى عَنْهُم مِّنَ ٱللَّهِ مِن شَىْءٍ إِلَّا حَاجَةً فِى نَفْسِ يَعْقُوبَ قَضَىٰهَا وَإِنَّهُۥ لَذُو عِلْمٍ لِّمَا عَلَّمْنَٰهُ وَلَٰكِنَّ أَكْثَرَ ٱلنَّاسِ لَا يَعْلَمُونَ	ولما دخلوا من حيث أمرهم أبوهم ما كان يغني عنهم من الله من شيء إلا حاجة في نفس يعقوب قضاها وإنه لذو علم لما علمناه ولكن أكثر الناس لا يعلمون
12	68	30	1	yaEolamu	يَعْلَمُ	Ealima	V	STEM|POS:V|IMPF|LEM:Ealima|ROOT:Elm|3MP	وَلَمَّا دَخَلُوا۟ مِنْ حَيْثُ أَمَرَهُمْ أَبُوهُم مَّا كَانَ يُغْنِى عَنْهُم مِّنَ ٱللَّهِ مِن شَىْءٍ إِلَّا حَاجَةً فِى نَفْسِ يَعْقُوبَ قَضَىٰهَا وَإِنَّهُۥ لَذُو عِلْمٍ لِّمَا عَلَّمْنَٰهُ وَلَٰكِنَّ أَكْثَرَ ٱلنَّاسِ لَا يَعْلَمُونَ	ولما دخلوا من حيث أمرهم أبوهم ما كان يغني عنهم من الله من شيء إلا حاجة في نفس يعقوب قضاها وإنه لذو علم لما علمناه ولكن أكثر الناس لا يعلمون
12	73	4	1	Ealimo	عَلِمْ	Ealima	V	STEM|POS:V|PERF|LEM:Ealima|ROOT:Elm|2MP	قَالُوا۟ تَٱللَّهِ لَقَدْ عَلِمْتُم مَّا جِئْنَا لِنُفْسِدَ فِى ٱلْأَرْضِ وَمَا كُنَّا سَٰرِقِينَ	قالوا تالله لقد علمتم ما جئنا لنفسد في الأرض وما كنا سارقين
12	76	32	1	EilomK	عِلْمٍ	Eilom	N	STEM|POS:N|LEM:Eilom|ROOT:Elm|M|INDEF|GEN	فَبَدَأَ بِأَوْعِيَتِهِمْ قَبْلَ وِعَآءِ أَخِيهِ ثُمَّ ٱسْتَخْرَجَهَا مِن وِعَآءِ أَخِيهِ كَذَٰلِكَ كِدْنَا لِيُوسُفَ مَا كَانَ لِيَأْخُذَ أَخَاهُ فِى دِينِ ٱلْمَلِكِ إِلَّآ أَن يَشَآءَ ٱللَّهُ نَرْفَعُ دَرَجَٰتٍ مَّن نَّشَآءُ وَفَوْقَ كُلِّ ذِى عِلْمٍ عَلِيمٌ	فبدأ بأوعيتهم قبل وعاء أخيه ثم استخرجها من وعاء أخيه كذلك كدنا ليوسف ما كان ليأخذ أخاه في دين الملك إلا أن يشاء الله نرفع درجات من نشاء وفوق كل ذي علم عليم
12	76	33	1	EaliymN	عَلِيمٌ	Ealiym	ADJ	STEM|POS:ADJ|LEM:Ealiym|ROOT:Elm|MS|INDEF|NOM	فَبَدَأَ بِأَوْعِيَتِهِمْ قَبْلَ وِعَآءِ أَخِيهِ ثُمَّ ٱسْتَخْرَجَهَا مِن وِعَآءِ أَخِيهِ كَذَٰلِكَ كِدْنَا لِيُوسُفَ مَا كَانَ لِيَأْخُذَ أَخَاهُ فِى دِينِ ٱلْمَلِكِ إِلَّآ أَن يَشَآءَ ٱللَّهُ نَرْفَعُ دَرَجَٰتٍ مَّن نَّشَآءُ وَفَوْقَ كُلِّ ذِى عِلْمٍ عَلِيمٌ	فبدأ بأوعيتهم قبل وعاء أخيه ثم استخرجها من وعاء أخيه كذلك كدنا ليوسف ما كان ليأخذ أخاه في دين الملك إلا أن يشاء الله نرفع درجات من نشاء وفوق كل ذي علم عليم
12	77	22	1	>aEolamu	أَعْلَمُ	>aEolam	ADJ	STEM|POS:ADJ|LEM:>aEolam|ROOT:Elm|MS|NOM	قَالُوٓا۟ إِن يَسْرِقْ فَقَدْ سَرَقَ أَخٌ لَّهُۥ مِن قَبْلُ فَأَسَرَّهَا يُوسُفُ فِى نَفْسِهِۦ وَلَمْ يُبْدِهَا لَهُمْ قَالَ أَنتُمْ شَرٌّ مَّكَانًا وَٱللَّهُ أَعْلَمُ بِمَا تَصِفُونَ	قالوا إن يسرق فقد سرق أخ له من قبل فأسرها يوسف في نفسه ولم يبدها لهم قال أنتم شر مكانا والله أعلم بما تصفون
12	80	9	1	taEolamu	تَعْلَمُ	Ealima	V	STEM|POS:V|IMPF|LEM:Ealima|ROOT:Elm|2MP|MOOD:JUS	فَلَمَّا ٱسْتَيْـَٔسُوا۟ مِنْهُ خَلَصُوا۟ نَجِيًّا قَالَ كَبِيرُهُمْ أَلَمْ تَعْلَمُوٓا۟ أَنَّ أَبَاكُمْ قَدْ أَخَذَ عَلَيْكُم مَّوْثِقًا مِّنَ ٱللَّهِ وَمِن قَبْلُ مَا فَرَّطتُمْ فِى يُوسُفَ فَلَنْ أَبْرَحَ ٱلْأَرْضَ حَتَّىٰ يَأْذَنَ لِىٓ أَبِىٓ أَوْ يَحْكُمَ ٱللَّهُ لِى وَهُوَ خَيْرُ ٱلْحَٰكِمِينَ	فلما استيأسوا منه خلصوا نجيا قال كبيرهم ألم تعلموا أن أباكم قد أخذ عليكم موثقا من الله ومن قبل ما فرطتم في يوسف فلن أبرح الأرض حتى يأذن لي أبي أو يحكم الله لي وهو خير الحاكمين
12	81	13	1	Ealimo	عَلِمْ	Ealima	V	STEM|POS:V|PERF|LEM:Ealima|ROOT:Elm|1P	ٱرْجِعُوٓا۟ إِلَىٰٓ أَبِيكُمْ فَقُولُوا۟ يَٰٓأَبَانَآ إِنَّ ٱبْنَكَ سَرَقَ وَمَا شَهِدْنَآ إِلَّا بِمَا عَلِمْنَا وَمَا كُنَّا لِلْغَيْبِ حَٰفِظِينَ	ارجعوا إلى أبيكم فقولوا يا أبانا إن ابنك سرق وما شهدنا إلا بما علمنا وما كنا للغيب حافظين
12	83	17	2	Ealiymu	عَلِيمُ	Ealiym	N	STEM|POS:N|LEM:Ealiym|ROOT:Elm|MS|NOM	قَالَ بَلْ سَوَّلَتْ لَكُمْ أَنفُسُكُمْ أَمْرًا فَصَبْرٌ جَمِيلٌ عَسَى ٱللَّهُ أَن يَأْتِيَنِى بِهِمْ جَمِيعًا إِنَّهُۥ هُوَ ٱلْعَلِيمُ ٱلْحَكِيمُ	قال بل سولت لكم أنفسكم أمرا فصبر جميل عسى الله أن يأتيني بهم جميعا إنه هو العليم الحكيم
12	86	8	2	>aEolamu	أَعْلَمُ	Ealima	V	STEM|POS:V|IMPF|LEM:Ealima|ROOT:Elm|1S	قَالَ إِنَّمَآ أَشْكُوا۟ بَثِّى وَحُزْنِىٓ إِلَى ٱللَّهِ وَأَعْلَمُ مِنَ ٱللَّهِ مَا لَا تَعْلَمُونَ	قال إنما أشكو بثي وحزني إلى الله وأعلم من الله ما لا تعلمون
12	86	13	1	taEolamu	تَعْلَمُ	Ealima	V	STEM|POS:V|IMPF|LEM:Ealima|ROOT:Elm|2MP	قَالَ إِنَّمَآ أَشْكُوا۟ بَثِّى وَحُزْنِىٓ إِلَى ٱللَّهِ وَأَعْلَمُ مِنَ ٱللَّهِ مَا لَا تَعْلَمُونَ	قال إنما أشكو بثي وحزني إلى الله وأعلم من الله ما لا تعلمون
12	89	3	1	Ealimo	عَلِمْ	Ealima	V	STEM|POS:V|PERF|LEM:Ealima|ROOT:Elm|2MP	قَالَ هَلْ عَلِمْتُم مَّا فَعَلْتُم بِيُوسُفَ وَأَخِيهِ إِذْ أَنتُمْ جَٰهِلُونَ	قال هل علمتم ما فعلتم بيوسف وأخيه إذ أنتم جاهلون
12	96	15	1	>aEolamu	أَعْلَمُ	Ealima	V	STEM|POS:V|IMPF|LEM:Ealima|ROOT:Elm|1S	فَلَمَّآ أَن جَآءَ ٱلْبَشِيرُ أَلْقَىٰهُ عَلَىٰ وَجْهِهِۦ فَٱرْتَدَّ بَصِيرًا قَالَ أَلَمْ أَقُل لَّكُمْ إِنِّىٓ أَعْلَمُ مِنَ ٱللَّهِ مَا لَا تَعْلَمُونَ	فلما أن جاء البشير ألقاه على وجهه فارتد بصيرا قال ألم أقل لكم إني أعلم من الله ما لا تعلمون
12	96	20	1	taEolamu	تَعْلَمُ	Ealima	V	STEM|POS:V|IMPF|LEM:Ealima|ROOT:Elm|2MP	فَلَمَّآ أَن جَآءَ ٱلْبَشِيرُ أَلْقَىٰهُ عَلَىٰ وَجْهِهِۦ فَٱرْتَدَّ بَصِيرًا قَالَ أَلَمْ أَقُل لَّكُمْ إِنِّىٓ أَعْلَمُ مِنَ ٱللَّهِ مَا لَا تَعْلَمُونَ	فلما أن جاء البشير ألقاه على وجهه فارتد بصيرا قال ألم أقل لكم إني أعلم من الله ما لا تعلمون
12	100	45	2	Ealiymu	عَلِيمُ	Ealiym	N	STEM|POS:N|LEM:Ealiym|ROOT:Elm|MS|NOM	وَرَفَعَ أَبَوَيْهِ عَلَى ٱلْعَرْشِ وَخَرُّوا۟ لَهُۥ سُجَّدًا وَقَالَ يَٰٓأَبَتِ هَٰذَا تَأْوِيلُ رُءْيَٰىَ مِن قَبْلُ قَدْ جَعَلَهَا رَبِّى حَقًّا وَقَدْ أَحْسَنَ بِىٓ إِذْ أَخْرَجَنِى مِنَ ٱلسِّجْنِ وَجَآءَ بِكُم مِّنَ ٱلْبَدْوِ مِنۢ بَعْدِ أَن نَّزَغَ ٱلشَّيْطَٰنُ بَيْنِى وَبَيْنَ إِخْوَتِىٓ إِنَّ رَبِّى لَطِيفٌ لِّمَا يَشَآءُ إِنَّهُۥ هُوَ ٱلْعَلِيمُ ٱلْحَكِيمُ	ورفع أبويه على العرش وخروا له سجدا وقال يا أبت هذا تأويل رؤياي من قبل قد جعلها ربي حقا وقد أحسن بي إذ أخرجني من السجن وجاء بكم من البدو من بعد أن نزغ الشيطان بيني وبين إخوتي إن ربي لطيف لما يشاء إنه هو العليم الحكيم
12	101	6	2	Eal~amo	عَلَّمْ	Eal~ama	V	STEM|POS:V|PERF|(II)|LEM:Eal~ama|ROOT:Elm|2MS	رَبِّ قَدْ ءَاتَيْتَنِى مِنَ ٱلْمُلْكِ وَعَلَّمْتَنِى مِن تَأْوِيلِ ٱلْأَحَادِيثِ فَاطِرَ ٱلسَّمَٰوَٰتِ وَٱلْأَرْضِ أَنتَ وَلِىِّۦ فِى ٱلدُّنْيَا وَٱلْـَٔاخِرَةِ تَوَفَّنِى مُسْلِمًا وَأَلْحِقْنِى بِٱلصَّٰلِحِينَ	رب قد آتيتني من الملك وعلمتني من تأويل الأحاديث فاطر السماوات والأرض أنت وليي في الدنيا والآخرة توفني مسلما وألحقني بالصالحين
12	104	10	3	Ea`lamiyna	عَٰلَمِينَ	Ea`lamiyn	N	STEM|POS:N|LEM:Ea`lamiyn|ROOT:Elm|MP|GEN	وَمَا تَسْـَٔلُهُمْ عَلَيْهِ مِنْ أَجْرٍ إِنْ هُوَ إِلَّا ذِكْرٌ لِّلْعَٰلَمِينَ	وما تسألهم عليه من أجر إن هو إلا ذكر للعالمين
13	8	2	1	yaEolamu	يَعْلَمُ	Ealima	V	STEM|POS:V|IMPF|LEM:Ealima|ROOT:Elm|3MS	ٱللَّهُ يَعْلَمُ مَا تَحْمِلُ كُلُّ أُنثَىٰ وَمَا تَغِيضُ ٱلْأَرْحَامُ وَمَا تَزْدَادُ وَكُلُّ شَىْءٍ عِندَهُۥ بِمِقْدَارٍ	الله يعلم ما تحمل كل أنثى وما تغيض الأرحام وما تزداد وكل شيء عنده بمقدار
13	9	1	1	Ea`limu	عَٰلِمُ	Ea`lim	N	STEM|POS:N|ACT|PCPL|LEM:Ea`lim|ROOT:Elm|M|NOM	عَٰلِمُ ٱلْغَيْبِ وَٱلشَّهَٰدَةِ ٱلْكَبِيرُ ٱلْمُتَعَالِ	عالم الغيب والشهادة الكبير المتعال
13	19	2	1	yaEolamu	يَعْلَمُ	Ealima	V	STEM|POS:V|IMPF|LEM:Ealima|ROOT:Elm|3MS	أَفَمَن يَعْلَمُ أَنَّمَآ أُنزِلَ إِلَيْكَ مِن رَّبِّكَ ٱلْحَقُّ كَمَنْ هُوَ أَعْمَىٰٓ إِنَّمَا يَتَذَكَّرُ أُو۟لُوا۟ ٱلْأَلْبَٰبِ	أفمن يعلم أنما أنزل إليك من ربك الحق كمن هو أعمى إنما يتذكر أولو الألباب
13	33	18	1	yaEolamu	يَعْلَمُ	Ealima	V	STEM|POS:V|IMPF|LEM:Ealima|ROOT:Elm|3MS	أَفَمَنْ هُوَ قَآئِمٌ عَلَىٰ كُلِّ نَفْسٍۭ بِمَا كَسَبَتْ وَجَعَلُوا۟ لِلَّهِ شُرَكَآءَ قُلْ سَمُّوهُمْ أَمْ تُنَبِّـُٔونَهُۥ بِمَا لَا يَعْلَمُ فِى ٱلْأَرْضِ أَم بِظَٰهِرٍ مِّنَ ٱلْقَوْلِ بَلْ زُيِّنَ لِلَّذِينَ كَفَرُوا۟ مَكْرُهُمْ وَصُدُّوا۟ عَنِ ٱلسَّبِيلِ وَمَن يُضْلِلِ ٱللَّهُ فَمَا لَهُۥ مِنْ هَادٍ	أفمن هو قائم على كل نفس بما كسبت وجعلوا لله شركاء قل سموهم أم تنبئونه بما لا يعلم في الأرض أم بظاهر من القول بل زين للذين كفروا مكرهم وصدوا عن السبيل ومن يضلل الله فما له من هاد
13	37	11	2	Eilomi	عِلْمِ	Eilom	N	STEM|POS:N|LEM:Eilom|ROOT:Elm|M|GEN	وَكَذَٰلِكَ أَنزَلْنَٰهُ حُكْمًا عَرَبِيًّا وَلَئِنِ ٱتَّبَعْتَ أَهْوَآءَهُم بَعْدَ مَا جَآءَكَ مِنَ ٱلْعِلْمِ مَا لَكَ مِنَ ٱللَّهِ مِن وَلِىٍّ وَلَا وَاقٍ	وكذلك أنزلناه حكما عربيا ولئن اتبعت أهواءهم بعد ما جاءك من العلم ما لك من الله من ولي ولا واق
13	42	9	1	yaEolamu	يَعْلَمُ	Ealima	V	STEM|POS:V|IMPF|LEM:Ealima|ROOT:Elm|3MS	وَقَدْ مَكَرَ ٱلَّذِينَ مِن قَبْلِهِمْ فَلِلَّهِ ٱلْمَكْرُ جَمِيعًا يَعْلَمُ مَا تَكْسِبُ كُلُّ نَفْسٍ وَسَيَعْلَمُ ٱلْكُفَّٰرُ لِمَنْ عُقْبَى ٱلدَّارِ	وقد مكر الذين من قبلهم فلله المكر جميعا يعلم ما تكسب كل نفس وسيعلم الكفار لمن عقبى الدار
13	42	14	3	yaEolamu	يَعْلَمُ	Ealima	V	STEM|POS:V|IMPF|LEM:Ealima|ROOT:Elm|3MS	وَقَدْ مَكَرَ ٱلَّذِينَ مِن قَبْلِهِمْ فَلِلَّهِ ٱلْمَكْرُ جَمِيعًا يَعْلَمُ مَا تَكْسِبُ كُلُّ نَفْسٍ وَسَيَعْلَمُ ٱلْكُفَّٰرُ لِمَنْ عُقْبَى ٱلدَّارِ	وقد مكر الذين من قبلهم فلله المكر جميعا يعلم ما تكسب كل نفس وسيعلم الكفار لمن عقبى الدار
13	43	14	1	Eilomu	عِلْمُ	Eilom	N	STEM|POS:N|LEM:Eilom|ROOT:Elm|M|NOM	وَيَقُولُ ٱلَّذِينَ كَفَرُوا۟ لَسْتَ مُرْسَلًا قُلْ كَفَىٰ بِٱللَّهِ شَهِيدًۢا بَيْنِى وَبَيْنَكُمْ وَمَنْ عِندَهُۥ عِلْمُ ٱلْكِتَٰبِ	ويقول الذين كفروا لست مرسلا قل كفى بالله شهيدا بيني وبينكم ومن عنده علم الكتاب
14	9	15	1	yaEolamu	يَعْلَمُ	Ealima	V	STEM|POS:V|IMPF|LEM:Ealima|ROOT:Elm|3MS	أَلَمْ يَأْتِكُمْ نَبَؤُا۟ ٱلَّذِينَ مِن قَبْلِكُمْ قَوْمِ نُوحٍ وَعَادٍ وَثَمُودَ وَٱلَّذِينَ مِنۢ بَعْدِهِمْ لَا يَعْلَمُهُمْ إِلَّا ٱللَّهُ جَآءَتْهُمْ رُسُلُهُم بِٱلْبَيِّنَٰتِ فَرَدُّوٓا۟ أَيْدِيَهُمْ فِىٓ أَفْوَٰهِهِمْ وَقَالُوٓا۟ إِنَّا كَفَرْنَا بِمَآ أُرْسِلْتُم بِهِۦ وَإِنَّا لَفِى شَكٍّ مِّمَّا تَدْعُونَنَآ إِلَيْهِ مُرِيبٍ	ألم يأتكم نبأ الذين من قبلكم قوم نوح وعاد وثمود والذين من بعدهم لا يعلمهم إلا الله جاءتهم رسلهم بالبينات فردوا أيديهم في أفواههم وقالوا إنا كفرنا بما أرسلتم به وإنا لفي شك مما تدعوننا إليه مريب
14	38	3	1	taEolamu	تَعْلَمُ	Ealima	V	STEM|POS:V|IMPF|LEM:Ealima|ROOT:Elm|2MS	رَبَّنَآ إِنَّكَ تَعْلَمُ مَا نُخْفِى وَمَا نُعْلِنُ وَمَا يَخْفَىٰ عَلَى ٱللَّهِ مِن شَىْءٍ فِى ٱلْأَرْضِ وَلَا فِى ٱلسَّمَآءِ	ربنا إنك تعلم ما نخفي وما نعلن وما يخفى على الله من شيء في الأرض ولا في السماء
14	52	6	3	yaEolamu	يَعْلَمُ	Ealima	V	STEM|POS:V|IMPF|LEM:Ealima|ROOT:Elm|3MP|MOOD:SUBJ	هَٰذَا بَلَٰغٌ لِّلنَّاسِ وَلِيُنذَرُوا۟ بِهِۦ وَلِيَعْلَمُوٓا۟ أَنَّمَا هُوَ إِلَٰهٌ وَٰحِدٌ وَلِيَذَّكَّرَ أُو۟لُوا۟ ٱلْأَلْبَٰبِ	هذا بلاغ للناس ولينذروا به وليعلموا أنما هو إله واحد وليذكر أولو الألباب
15	3	7	1	yaEolamu	يَعْلَمُ	Ealima	V	STEM|POS:V|IMPF|LEM:Ealima|ROOT:Elm|3MP	ذَرْهُمْ يَأْكُلُوا۟ وَيَتَمَتَّعُوا۟ وَيُلْهِهِمُ ٱلْأَمَلُ فَسَوْفَ يَعْلَمُونَ	ذرهم يأكلوا ويتمتعوا ويلههم الأمل فسوف يعلمون
15	4	8	1	m~aEoluwmN	مَّعْلُومٌ	m~aEoluwm	N	STEM|POS:N|PASS|PCPL|LEM:m~aEoluwm|ROOT:Elm|M|INDEF|NOM	وَمَآ أَهْلَكْنَا مِن قَرْيَةٍ إِلَّا وَلَهَا كِتَابٌ مَّعْلُومٌ	وما أهلكنا من قرية إلا ولها كتاب معلوم
15	21	11	1	m~aEoluwmK	مَّعْلُومٍ	m~aEoluwm	N	STEM|POS:N|PASS|PCPL|LEM:m~aEoluwm|ROOT:Elm|M|INDEF|GEN	وَإِن مِّن شَىْءٍ إِلَّا عِندَنَا خَزَآئِنُهُۥ وَمَا نُنَزِّلُهُۥٓ إِلَّا بِقَدَرٍ مَّعْلُومٍ	وإن من شيء إلا عندنا خزائنه وما ننزله إلا بقدر معلوم
15	24	2	1	Ealimo	عَلِمْ	Ealima	V	STEM|POS:V|PERF|LEM:Ealima|ROOT:Elm|1P	وَلَقَدْ عَلِمْنَا ٱلْمُسْتَقْدِمِينَ مِنكُمْ وَلَقَدْ عَلِمْنَا ٱلْمُسْتَـْٔخِرِينَ	ولقد علمنا المستقدمين منكم ولقد علمنا المستأخرين
15	24	6	1	Ealimo	عَلِمْ	Ealima	V	STEM|POS:V|PERF|LEM:Ealima|ROOT:Elm|1P	وَلَقَدْ عَلِمْنَا ٱلْمُسْتَقْدِمِينَ مِنكُمْ وَلَقَدْ عَلِمْنَا ٱلْمُسْتَـْٔخِرِينَ	ولقد علمنا المستقدمين منكم ولقد علمنا المستأخرين
15	25	7	1	EaliymN	عَلِيمٌ	Ealiym	ADJ	STEM|POS:ADJ|LEM:Ealiym|ROOT:Elm|MS|INDEF|NOM	وَإِنَّ رَبَّكَ هُوَ يَحْشُرُهُمْ إِنَّهُۥ حَكِيمٌ عَلِيمٌ	وإن ربك هو يحشرهم إنه حكيم عليم
15	38	4	2	maEoluwmi	مَعْلُومِ	m~aEoluwm	N	STEM|POS:N|PASS|PCPL|LEM:m~aEoluwm|ROOT:Elm|M|GEN	إِلَىٰ يَوْمِ ٱلْوَقْتِ ٱلْمَعْلُومِ	إلى يوم الوقت المعلوم
15	53	7	1	EaliymK	عَلِيمٍ	Ealiym	ADJ	STEM|POS:ADJ|LEM:Ealiym|ROOT:Elm|MS|INDEF|GEN	قَالُوا۟ لَا تَوْجَلْ إِنَّا نُبَشِّرُكَ بِغُلَٰمٍ عَلِيمٍ	قالوا لا توجل إنا نبشرك بغلام عليم
15	70	5	2	Ea`lamiyna	عَٰلَمِينَ	Ea`lamiyn	N	STEM|POS:N|LEM:Ea`lamiyn|ROOT:Elm|MP|GEN	قَالُوٓا۟ أَوَلَمْ نَنْهَكَ عَنِ ٱلْعَٰلَمِينَ	قالوا أولم ننهك عن العالمين
15	86	5	2	Ealiymu	عَلِيمُ	Ealiym	ADJ	STEM|POS:ADJ|LEM:Ealiym|ROOT:Elm|MS|NOM	إِنَّ رَبَّكَ هُوَ ٱلْخَلَّٰقُ ٱلْعَلِيمُ	إن ربك هو الخلاق العليم
15	96	8	1	yaEolamu	يَعْلَمُ	Ealima	V	STEM|POS:V|IMPF|LEM:Ealima|ROOT:Elm|3MP	ٱلَّذِينَ يَجْعَلُونَ مَعَ ٱللَّهِ إِلَٰهًا ءَاخَرَ فَسَوْفَ يَعْلَمُونَ	الذين يجعلون مع الله إلها آخر فسوف يعلمون
15	97	2	1	naEolamu	نَعْلَمُ	Ealima	V	STEM|POS:V|IMPF|LEM:Ealima|ROOT:Elm|1P	وَلَقَدْ نَعْلَمُ أَنَّكَ يَضِيقُ صَدْرُكَ بِمَا يَقُولُونَ	ولقد نعلم أنك يضيق صدرك بما يقولون
16	8	9	1	taEolamu	تَعْلَمُ	Ealima	V	STEM|POS:V|IMPF|LEM:Ealima|ROOT:Elm|2MP	وَٱلْخَيْلَ وَٱلْبِغَالَ وَٱلْحَمِيرَ لِتَرْكَبُوهَا وَزِينَةً وَيَخْلُقُ مَا لَا تَعْلَمُونَ	والخيل والبغال والحمير لتركبوها وزينة ويخلق ما لا تعلمون
16	16	1	2	Eala`ma`tK	عَلَٰمَٰتٍ	Eala`ma`t	N	STEM|POS:N|LEM:Eala`ma`t|ROOT:Elm|FP|INDEF|GEN	وَعَلَٰمَٰتٍ وَبِٱلنَّجْمِ هُمْ يَهْتَدُونَ	وعلامات وبالنجم هم يهتدون
16	19	2	1	yaEolamu	يَعْلَمُ	Ealima	V	STEM|POS:V|IMPF|LEM:Ealima|ROOT:Elm|3MS	وَٱللَّهُ يَعْلَمُ مَا تُسِرُّونَ وَمَا تُعْلِنُونَ	والله يعلم ما تسرون وما تعلنون
16	23	5	1	yaEolamu	يَعْلَمُ	Ealima	V	STEM|POS:V|IMPF|LEM:Ealima|ROOT:Elm|3MS	لَا جَرَمَ أَنَّ ٱللَّهَ يَعْلَمُ مَا يُسِرُّونَ وَمَا يُعْلِنُونَ إِنَّهُۥ لَا يُحِبُّ ٱلْمُسْتَكْبِرِينَ	لا جرم أن الله يعلم ما يسرون وما يعلنون إنه لا يحب المستكبرين
16	25	11	1	EilomK	عِلْمٍ	Eilom	N	STEM|POS:N|LEM:Eilom|ROOT:Elm|M|INDEF|GEN	لِيَحْمِلُوٓا۟ أَوْزَارَهُمْ كَامِلَةً يَوْمَ ٱلْقِيَٰمَةِ وَمِنْ أَوْزَارِ ٱلَّذِينَ يُضِلُّونَهُم بِغَيْرِ عِلْمٍ أَلَا سَآءَ مَا يَزِرُونَ	ليحملوا أوزارهم كاملة يوم القيامة ومن أوزار الذين يضلونهم بغير علم ألا ساء ما يزرون
16	27	15	2	Eiloma	عِلْمَ	Eilom	N	STEM|POS:N|LEM:Eilom|ROOT:Elm|M|ACC	ثُمَّ يَوْمَ ٱلْقِيَٰمَةِ يُخْزِيهِمْ وَيَقُولُ أَيْنَ شُرَكَآءِىَ ٱلَّذِينَ كُنتُمْ تُشَٰٓقُّونَ فِيهِمْ قَالَ ٱلَّذِينَ أُوتُوا۟ ٱلْعِلْمَ إِنَّ ٱلْخِزْىَ ٱلْيَوْمَ وَٱلسُّوٓءَ عَلَى ٱلْكَٰفِرِينَ	ثم يوم القيامة يخزيهم ويقول أين شركائي الذين كنتم تشاقون فيهم قال الذين أوتوا العلم إن الخزي اليوم والسوء على الكافرين
16	28	16	1	EaliymN[	عَلِيمٌ[	Ealiym	ADJ	STEM|POS:ADJ|LEM:Ealiym|ROOT:Elm|MS|INDEF|NOM	ٱلَّذِينَ تَتَوَفَّىٰهُمُ ٱلْمَلَٰٓئِكَةُ ظَالِمِىٓ أَنفُسِهِمْ فَأَلْقَوُا۟ ٱلسَّلَمَ مَا كُنَّا نَعْمَلُ مِن سُوٓءٍۭ بَلَىٰٓ إِنَّ ٱللَّهَ عَلِيمٌۢ بِمَا كُنتُمْ تَعْمَلُونَ	الذين تتوفاهم الملائكة ظالمي أنفسهم فألقوا السلم ما كنا نعمل من سوء بلى إن الله عليم بما كنتم تعملون
16	38	18	1	yaEolamu	يَعْلَمُ	Ealima	V	STEM|POS:V|IMPF|LEM:Ealima|ROOT:Elm|3MP	وَأَقْسَمُوا۟ بِٱللَّهِ جَهْدَ أَيْمَٰنِهِمْ لَا يَبْعَثُ ٱللَّهُ مَن يَمُوتُ بَلَىٰ وَعْدًا عَلَيْهِ حَقًّا وَلَٰكِنَّ أَكْثَرَ ٱلنَّاسِ لَا يَعْلَمُونَ	وأقسموا بالله جهد أيمانهم لا يبعث الله من يموت بلى وعدا عليه حقا ولكن أكثر الناس لا يعلمون
16	39	6	3	yaEolama	يَعْلَمَ	Ealima	V	STEM|POS:V|IMPF|LEM:Ealima|ROOT:Elm|3MS|MOOD:SUBJ	لِيُبَيِّنَ لَهُمُ ٱلَّذِى يَخْتَلِفُونَ فِيهِ وَلِيَعْلَمَ ٱلَّذِينَ كَفَرُوٓا۟ أَنَّهُمْ كَانُوا۟ كَٰذِبِينَ	ليبين لهم الذي يختلفون فيه وليعلم الذين كفروا أنهم كانوا كاذبين
16	41	18	1	yaEolamu	يَعْلَمُ	Ealima	V	STEM|POS:V|IMPF|LEM:Ealima|ROOT:Elm|3MP	وَٱلَّذِينَ هَاجَرُوا۟ فِى ٱللَّهِ مِنۢ بَعْدِ مَا ظُلِمُوا۟ لَنُبَوِّئَنَّهُمْ فِى ٱلدُّنْيَا حَسَنَةً وَلَأَجْرُ ٱلْـَٔاخِرَةِ أَكْبَرُ لَوْ كَانُوا۟ يَعْلَمُونَ	والذين هاجروا في الله من بعد ما ظلموا لنبوئنهم في الدنيا حسنة ولأجر الآخرة أكبر لو كانوا يعلمون
16	43	15	1	taEolamu	تَعْلَمُ	Ealima	V	STEM|POS:V|IMPF|LEM:Ealima|ROOT:Elm|2MP	وَمَآ أَرْسَلْنَا مِن قَبْلِكَ إِلَّا رِجَالًا نُّوحِىٓ إِلَيْهِمْ فَسْـَٔلُوٓا۟ أَهْلَ ٱلذِّكْرِ إِن كُنتُمْ لَا تَعْلَمُونَ	وما أرسلنا من قبلك إلا رجالا نوحي إليهم فاسألوا أهل الذكر إن كنتم لا تعلمون
16	55	6	1	taEolamu	تَعْلَمُ	Ealima	V	STEM|POS:V|IMPF|LEM:Ealima|ROOT:Elm|2MP	لِيَكْفُرُوا۟ بِمَآ ءَاتَيْنَٰهُمْ فَتَمَتَّعُوا۟ فَسَوْفَ تَعْلَمُونَ	ليكفروا بما آتيناهم فتمتعوا فسوف تعلمون
16	56	4	1	yaEolamu	يَعْلَمُ	Ealima	V	STEM|POS:V|IMPF|LEM:Ealima|ROOT:Elm|3MP	وَيَجْعَلُونَ لِمَا لَا يَعْلَمُونَ نَصِيبًا مِّمَّا رَزَقْنَٰهُمْ تَٱللَّهِ لَتُسْـَٔلُنَّ عَمَّا كُنتُمْ تَفْتَرُونَ	ويجعلون لما لا يعلمون نصيبا مما رزقناهم تالله لتسألن عما كنتم تفترون
16	70	13	1	yaEolama	يَعْلَمَ	Ealima	V	STEM|POS:V|IMPF|LEM:Ealima|ROOT:Elm|3MS|MOOD:SUBJ	وَٱللَّهُ خَلَقَكُمْ ثُمَّ يَتَوَفَّىٰكُمْ وَمِنكُم مَّن يُرَدُّ إِلَىٰٓ أَرْذَلِ ٱلْعُمُرِ لِكَىْ لَا يَعْلَمَ بَعْدَ عِلْمٍ شَيْـًٔا إِنَّ ٱللَّهَ عَلِيمٌ قَدِيرٌ	والله خلقكم ثم يتوفاكم ومنكم من يرد إلى أرذل العمر لكي لا يعلم بعد علم شيئا إن الله عليم قدير
16	70	15	1	EilomK	عِلْمٍ	Eilom	N	STEM|POS:N|LEM:Eilom|ROOT:Elm|M|INDEF|GEN	وَٱللَّهُ خَلَقَكُمْ ثُمَّ يَتَوَفَّىٰكُمْ وَمِنكُم مَّن يُرَدُّ إِلَىٰٓ أَرْذَلِ ٱلْعُمُرِ لِكَىْ لَا يَعْلَمَ بَعْدَ عِلْمٍ شَيْـًٔا إِنَّ ٱللَّهَ عَلِيمٌ قَدِيرٌ	والله خلقكم ثم يتوفاكم ومنكم من يرد إلى أرذل العمر لكي لا يعلم بعد علم شيئا إن الله عليم قدير
16	70	19	1	EaliymN	عَلِيمٌ	Ealiym	ADJ	STEM|POS:ADJ|LEM:Ealiym|ROOT:Elm|MS|INDEF|NOM	وَٱللَّهُ خَلَقَكُمْ ثُمَّ يَتَوَفَّىٰكُمْ وَمِنكُم مَّن يُرَدُّ إِلَىٰٓ أَرْذَلِ ٱلْعُمُرِ لِكَىْ لَا يَعْلَمَ بَعْدَ عِلْمٍ شَيْـًٔا إِنَّ ٱللَّهَ عَلِيمٌ قَدِيرٌ	والله خلقكم ثم يتوفاكم ومنكم من يرد إلى أرذل العمر لكي لا يعلم بعد علم شيئا إن الله عليم قدير
16	74	7	1	yaEolamu	يَعْلَمُ	Ealima	V	STEM|POS:V|IMPF|LEM:Ealima|ROOT:Elm|3MS	فَلَا تَضْرِبُوا۟ لِلَّهِ ٱلْأَمْثَالَ إِنَّ ٱللَّهَ يَعْلَمُ وَأَنتُمْ لَا تَعْلَمُونَ	فلا تضربوا لله الأمثال إن الله يعلم وأنتم لا تعلمون
16	74	10	1	taEolamu	تَعْلَمُ	Ealima	V	STEM|POS:V|IMPF|LEM:Ealima|ROOT:Elm|2MP	فَلَا تَضْرِبُوا۟ لِلَّهِ ٱلْأَمْثَالَ إِنَّ ٱللَّهَ يَعْلَمُ وَأَنتُمْ لَا تَعْلَمُونَ	فلا تضربوا لله الأمثال إن الله يعلم وأنتم لا تعلمون
16	75	27	1	yaEolamu	يَعْلَمُ	Ealima	V	STEM|POS:V|IMPF|LEM:Ealima|ROOT:Elm|3MP	ضَرَبَ ٱللَّهُ مَثَلًا عَبْدًا مَّمْلُوكًا لَّا يَقْدِرُ عَلَىٰ شَىْءٍ وَمَن رَّزَقْنَٰهُ مِنَّا رِزْقًا حَسَنًا فَهُوَ يُنفِقُ مِنْهُ سِرًّا وَجَهْرًا هَلْ يَسْتَوُۥنَ ٱلْحَمْدُ لِلَّهِ بَلْ أَكْثَرُهُمْ لَا يَعْلَمُونَ	ضرب الله مثلا عبدا مملوكا لا يقدر على شيء ومن رزقناه منا رزقا حسنا فهو ينفق منه سرا وجهرا هل يستوون الحمد لله بل أكثرهم لا يعلمون
16	78	7	1	taEolamu	تَعْلَمُ	Ealima	V	STEM|POS:V|IMPF|LEM:Ealima|ROOT:Elm|2MP	وَٱللَّهُ أَخْرَجَكُم مِّنۢ بُطُونِ أُمَّهَٰتِكُمْ لَا تَعْلَمُونَ شَيْـًٔا وَجَعَلَ لَكُمُ ٱلسَّمْعَ وَٱلْأَبْصَٰرَ وَٱلْأَفْـِٔدَةَ لَعَلَّكُمْ تَشْكُرُونَ	والله أخرجكم من بطون أمهاتكم لا تعلمون شيئا وجعل لكم السمع والأبصار والأفئدة لعلكم تشكرون
16	91	18	1	yaEolamu	يَعْلَمُ	Ealima	V	STEM|POS:V|IMPF|LEM:Ealima|ROOT:Elm|3MS	وَأَوْفُوا۟ بِعَهْدِ ٱللَّهِ إِذَا عَٰهَدتُّمْ وَلَا تَنقُضُوا۟ ٱلْأَيْمَٰنَ بَعْدَ تَوْكِيدِهَا وَقَدْ جَعَلْتُمُ ٱللَّهَ عَلَيْكُمْ كَفِيلًا إِنَّ ٱللَّهَ يَعْلَمُ مَا تَفْعَلُونَ	وأوفوا بعهد الله إذا عاهدتم ولا تنقضوا الأيمان بعد توكيدها وقد جعلتم الله عليكم كفيلا إن الله يعلم ما تفعلون
16	95	15	1	taEolamu	تَعْلَمُ	Ealima	V	STEM|POS:V|IMPF|LEM:Ealima|ROOT:Elm|2MP	وَلَا تَشْتَرُوا۟ بِعَهْدِ ٱللَّهِ ثَمَنًا قَلِيلًا إِنَّمَا عِندَ ٱللَّهِ هُوَ خَيْرٌ لَّكُمْ إِن كُنتُمْ تَعْلَمُونَ	ولا تشتروا بعهد الله ثمنا قليلا إنما عند الله هو خير لكم إن كنتم تعلمون
16	101	7	1	>aEolamu	أَعْلَمُ	>aEolam	ADJ	STEM|POS:ADJ|LEM:>aEolam|ROOT:Elm|MS|NOM	وَإِذَا بَدَّلْنَآ ءَايَةً مَّكَانَ ءَايَةٍ وَٱللَّهُ أَعْلَمُ بِمَا يُنَزِّلُ قَالُوٓا۟ إِنَّمَآ أَنتَ مُفْتَرٍۭ بَلْ أَكْثَرُهُمْ لَا يَعْلَمُونَ	وإذا بدلنا آية مكان آية والله أعلم بما ينزل قالوا إنما أنت مفتر بل أكثرهم لا يعلمون
16	101	17	1	yaEolamu	يَعْلَمُ	Ealima	V	STEM|POS:V|IMPF|LEM:Ealima|ROOT:Elm|3MP	وَإِذَا بَدَّلْنَآ ءَايَةً مَّكَانَ ءَايَةٍ وَٱللَّهُ أَعْلَمُ بِمَا يُنَزِّلُ قَالُوٓا۟ إِنَّمَآ أَنتَ مُفْتَرٍۭ بَلْ أَكْثَرُهُمْ لَا يَعْلَمُونَ	وإذا بدلنا آية مكان آية والله أعلم بما ينزل قالوا إنما أنت مفتر بل أكثرهم لا يعلمون
16	103	2	1	naEolamu	نَعْلَمُ	Ealima	V	STEM|POS:V|IMPF|LEM:Ealima|ROOT:Elm|1P	وَلَقَدْ نَعْلَمُ أَنَّهُمْ يَقُولُونَ إِنَّمَا يُعَلِّمُهُۥ بَشَرٌ لِّسَانُ ٱلَّذِى يُلْحِدُونَ إِلَيْهِ أَعْجَمِىٌّ وَهَٰذَا لِسَانٌ عَرَبِىٌّ مُّبِينٌ	ولقد نعلم أنهم يقولون إنما يعلمه بشر لسان الذي يلحدون إليه أعجمي وهذا لسان عربي مبين
16	103	6	1	yuEal~imu	يُعَلِّمُ	Eal~ama	V	STEM|POS:V|IMPF|(II)|LEM:Eal~ama|ROOT:Elm|3MS	وَلَقَدْ نَعْلَمُ أَنَّهُمْ يَقُولُونَ إِنَّمَا يُعَلِّمُهُۥ بَشَرٌ لِّسَانُ ٱلَّذِى يُلْحِدُونَ إِلَيْهِ أَعْجَمِىٌّ وَهَٰذَا لِسَانٌ عَرَبِىٌّ مُّبِينٌ	ولقد نعلم أنهم يقولون إنما يعلمه بشر لسان الذي يلحدون إليه أعجمي وهذا لسان عربي مبين
16	125	15	1	>aEolamu	أَعْلَمُ	>aEolam	N	STEM|POS:N|LEM:>aEolam|ROOT:Elm|MS|NOM	ٱدْعُ إِلَىٰ سَبِيلِ رَبِّكَ بِٱلْحِكْمَةِ وَٱلْمَوْعِظَةِ ٱلْحَسَنَةِ وَجَٰدِلْهُم بِٱلَّتِى هِىَ أَحْسَنُ إِنَّ رَبَّكَ هُوَ أَعْلَمُ بِمَن ضَلَّ عَن سَبِيلِهِۦ وَهُوَ أَعْلَمُ بِٱلْمُهْتَدِينَ	ادع إلى سبيل ربك بالحكمة والموعظة الحسنة وجادلهم بالتي هي أحسن إن ربك هو أعلم بمن ضل عن سبيله وهو أعلم بالمهتدين
16	125	21	1	>aEolamu	أَعْلَمُ	>aEolam	N	STEM|POS:N|LEM:>aEolam|ROOT:Elm|MS|NOM	ٱدْعُ إِلَىٰ سَبِيلِ رَبِّكَ بِٱلْحِكْمَةِ وَٱلْمَوْعِظَةِ ٱلْحَسَنَةِ وَجَٰدِلْهُم بِٱلَّتِى هِىَ أَحْسَنُ إِنَّ رَبَّكَ هُوَ أَعْلَمُ بِمَن ضَلَّ عَن سَبِيلِهِۦ وَهُوَ أَعْلَمُ بِٱلْمُهْتَدِينَ	ادع إلى سبيل ربك بالحكمة والموعظة الحسنة وجادلهم بالتي هي أحسن إن ربك هو أعلم بمن ضل عن سبيله وهو أعلم بالمهتدين
17	12	16	3	taEolamu	تَعْلَمُ	Ealima	V	STEM|POS:V|IMPF|LEM:Ealima|ROOT:Elm|2MP|MOOD:SUBJ	وَجَعَلْنَا ٱلَّيْلَ وَٱلنَّهَارَ ءَايَتَيْنِ فَمَحَوْنَآ ءَايَةَ ٱلَّيْلِ وَجَعَلْنَآ ءَايَةَ ٱلنَّهَارِ مُبْصِرَةً لِّتَبْتَغُوا۟ فَضْلًا مِّن رَّبِّكُمْ وَلِتَعْلَمُوا۟ عَدَدَ ٱلسِّنِينَ وَٱلْحِسَابَ وَكُلَّ شَىْءٍ فَصَّلْنَٰهُ تَفْصِيلًا	وجعلنا الليل والنهار آيتين فمحونا آية الليل وجعلنا آية النهار مبصرة لتبتغوا فضلا من ربكم ولتعلموا عدد السنين والحساب وكل شيء فصلناه تفصيلا
17	25	2	1	>aEolamu	أَعْلَمُ	>aEolam	ADJ	STEM|POS:ADJ|LEM:>aEolam|ROOT:Elm|MS|NOM	رَّبُّكُمْ أَعْلَمُ بِمَا فِى نُفُوسِكُمْ إِن تَكُونُوا۟ صَٰلِحِينَ فَإِنَّهُۥ كَانَ لِلْأَوَّٰبِينَ غَفُورًا	ربكم أعلم بما في نفوسكم إن تكونوا صالحين فإنه كان للأوابين غفورا
17	36	7	1	EilomN	عِلْمٌ	Eilom	N	STEM|POS:N|LEM:Eilom|ROOT:Elm|M|INDEF|NOM	وَلَا تَقْفُ مَا لَيْسَ لَكَ بِهِۦ عِلْمٌ إِنَّ ٱلسَّمْعَ وَٱلْبَصَرَ وَٱلْفُؤَادَ كُلُّ أُو۟لَٰٓئِكَ كَانَ عَنْهُ مَسْـُٔولًا	ولا تقف ما ليس لك به علم إن السمع والبصر والفؤاد كل أولئك كان عنه مسئولا
17	47	2	1	>aEolamu	أَعْلَمُ	>aEolam	N	STEM|POS:N|LEM:>aEolam|ROOT:Elm|MS|NOM	نَّحْنُ أَعْلَمُ بِمَا يَسْتَمِعُونَ بِهِۦٓ إِذْ يَسْتَمِعُونَ إِلَيْكَ وَإِذْ هُمْ نَجْوَىٰٓ إِذْ يَقُولُ ٱلظَّٰلِمُونَ إِن تَتَّبِعُونَ إِلَّا رَجُلًا مَّسْحُورًا	نحن أعلم بما يستمعون به إذ يستمعون إليك وإذ هم نجوى إذ يقول الظالمون إن تتبعون إلا رجلا مسحورا
17	54	2	1	>aEolamu	أَعْلَمُ	>aEolam	ADJ	STEM|POS:ADJ|LEM:>aEolam|ROOT:Elm|MS|NOM	رَّبُّكُمْ أَعْلَمُ بِكُمْ إِن يَشَأْ يَرْحَمْكُمْ أَوْ إِن يَشَأْ يُعَذِّبْكُمْ وَمَآ أَرْسَلْنَٰكَ عَلَيْهِمْ وَكِيلًا	ربكم أعلم بكم إن يشأ يرحمكم أو إن يشأ يعذبكم وما أرسلناك عليهم وكيلا
17	55	2	1	>aEolamu	أَعْلَمُ	>aEolam	ADJ	STEM|POS:ADJ|LEM:>aEolam|ROOT:Elm|MS|NOM	وَرَبُّكَ أَعْلَمُ بِمَن فِى ٱلسَّمَٰوَٰتِ وَٱلْأَرْضِ وَلَقَدْ فَضَّلْنَا بَعْضَ ٱلنَّبِيِّـۧنَ عَلَىٰ بَعْضٍ وَءَاتَيْنَا دَاوُۥدَ زَبُورًا	وربك أعلم بمن في السماوات والأرض ولقد فضلنا بعض النبيين على بعض وآتينا داوود زبورا
17	84	7	1	>aEolamu	أَعْلَمُ	>aEolam	ADJ	STEM|POS:ADJ|LEM:>aEolam|ROOT:Elm|MS|NOM	قُلْ كُلٌّ يَعْمَلُ عَلَىٰ شَاكِلَتِهِۦ فَرَبُّكُمْ أَعْلَمُ بِمَنْ هُوَ أَهْدَىٰ سَبِيلًا	قل كل يعمل على شاكلته فربكم أعلم بمن هو أهدى سبيلا
17	85	12	2	Eilomi	عِلْمِ	Eilom	N	STEM|POS:N|LEM:Eilom|ROOT:Elm|M|GEN	وَيَسْـَٔلُونَكَ عَنِ ٱلرُّوحِ قُلِ ٱلرُّوحُ مِنْ أَمْرِ رَبِّى وَمَآ أُوتِيتُم مِّنَ ٱلْعِلْمِ إِلَّا قَلِيلًا	ويسألونك عن الروح قل الروح من أمر ربي وما أوتيتم من العلم إلا قليلا
17	102	3	1	Ealimo	عَلِمْ	Ealima	V	STEM|POS:V|PERF|LEM:Ealima|ROOT:Elm|2MS	قَالَ لَقَدْ عَلِمْتَ مَآ أَنزَلَ هَٰٓؤُلَآءِ إِلَّا رَبُّ ٱلسَّمَٰوَٰتِ وَٱلْأَرْضِ بَصَآئِرَ وَإِنِّى لَأَظُنُّكَ يَٰفِرْعَوْنُ مَثْبُورًا	قال لقد علمت ما أنزل هؤلاء إلا رب السماوات والأرض بصائر وإني لأظنك يا فرعون مثبورا
17	107	10	2	Eiloma	عِلْمَ	Eilom	N	STEM|POS:N|LEM:Eilom|ROOT:Elm|M|ACC	قُلْ ءَامِنُوا۟ بِهِۦٓ أَوْ لَا تُؤْمِنُوٓا۟ إِنَّ ٱلَّذِينَ أُوتُوا۟ ٱلْعِلْمَ مِن قَبْلِهِۦٓ إِذَا يُتْلَىٰ عَلَيْهِمْ يَخِرُّونَ لِلْأَذْقَانِ سُجَّدًا	قل آمنوا به أو لا تؤمنوا إن الذين أوتوا العلم من قبله إذا يتلى عليهم يخرون للأذقان سجدا
18	5	5	1	EilomK	عِلْمٍ	Eilom	N	STEM|POS:N|LEM:Eilom|ROOT:Elm|M|INDEF|GEN	مَّا لَهُم بِهِۦ مِنْ عِلْمٍ وَلَا لِـَٔابَآئِهِمْ كَبُرَتْ كَلِمَةً تَخْرُجُ مِنْ أَفْوَٰهِهِمْ إِن يَقُولُونَ إِلَّا كَذِبًا	ما لهم به من علم ولا لآبائهم كبرت كلمة تخرج من أفواههم إن يقولون إلا كذبا
18	12	3	2	naEolama	نَعْلَمَ	Ealima	V	STEM|POS:V|IMPF|LEM:Ealima|ROOT:Elm|1P|MOOD:SUBJ	ثُمَّ بَعَثْنَٰهُمْ لِنَعْلَمَ أَىُّ ٱلْحِزْبَيْنِ أَحْصَىٰ لِمَا لَبِثُوٓا۟ أَمَدًا	ثم بعثناهم لنعلم أي الحزبين أحصى لما لبثوا أمدا
18	19	18	1	>aEolamu	أَعْلَمُ	>aEolam	ADJ	STEM|POS:ADJ|LEM:>aEolam|ROOT:Elm|MS|NOM	وَكَذَٰلِكَ بَعَثْنَٰهُمْ لِيَتَسَآءَلُوا۟ بَيْنَهُمْ قَالَ قَآئِلٌ مِّنْهُمْ كَمْ لَبِثْتُمْ قَالُوا۟ لَبِثْنَا يَوْمًا أَوْ بَعْضَ يَوْمٍ قَالُوا۟ رَبُّكُمْ أَعْلَمُ بِمَا لَبِثْتُمْ فَٱبْعَثُوٓا۟ أَحَدَكُم بِوَرِقِكُمْ هَٰذِهِۦٓ إِلَى ٱلْمَدِينَةِ فَلْيَنظُرْ أَيُّهَآ أَزْكَىٰ طَعَامًا فَلْيَأْتِكُم بِرِزْقٍ مِّنْهُ وَلْيَتَلَطَّفْ وَلَا يُشْعِرَنَّ بِكُمْ أَحَدًا	وكذلك بعثناهم ليتساءلوا بينهم قال قائل منهم كم لبثتم قالوا لبثنا يوما أو بعض يوم قالوا ربكم أعلم بما لبثتم فابعثوا أحدكم بورقكم هذه إلى المدينة فلينظر أيها أزكى طعاما فليأتكم برزق منه وليتلطف ولا يشعرن بكم أحدا
18	21	4	2	yaEolamu	يَعْلَمُ	Ealima	V	STEM|POS:V|IMPF|LEM:Ealima|ROOT:Elm|3MP|MOOD:SUBJ	وَكَذَٰلِكَ أَعْثَرْنَا عَلَيْهِمْ لِيَعْلَمُوٓا۟ أَنَّ وَعْدَ ٱللَّهِ حَقٌّ وَأَنَّ ٱلسَّاعَةَ لَا رَيْبَ فِيهَآ إِذْ يَتَنَٰزَعُونَ بَيْنَهُمْ أَمْرَهُمْ فَقَالُوا۟ ٱبْنُوا۟ عَلَيْهِم بُنْيَٰنًا رَّبُّهُمْ أَعْلَمُ بِهِمْ قَالَ ٱلَّذِينَ غَلَبُوا۟ عَلَىٰٓ أَمْرِهِمْ لَنَتَّخِذَنَّ عَلَيْهِم مَّسْجِدًا	وكذلك أعثرنا عليهم ليعلموا أن وعد الله حق وأن الساعة لا ريب فيها إذ يتنازعون بينهم أمرهم فقالوا ابنوا عليهم بنيانا ربهم أعلم بهم قال الذين غلبوا على أمرهم لنتخذن عليهم مسجدا
18	21	23	1	>aEolamu	أَعْلَمُ	>aEolam	ADJ	STEM|POS:ADJ|LEM:>aEolam|ROOT:Elm|MS|NOM	وَكَذَٰلِكَ أَعْثَرْنَا عَلَيْهِمْ لِيَعْلَمُوٓا۟ أَنَّ وَعْدَ ٱللَّهِ حَقٌّ وَأَنَّ ٱلسَّاعَةَ لَا رَيْبَ فِيهَآ إِذْ يَتَنَٰزَعُونَ بَيْنَهُمْ أَمْرَهُمْ فَقَالُوا۟ ٱبْنُوا۟ عَلَيْهِم بُنْيَٰنًا رَّبُّهُمْ أَعْلَمُ بِهِمْ قَالَ ٱلَّذِينَ غَلَبُوا۟ عَلَىٰٓ أَمْرِهِمْ لَنَتَّخِذَنَّ عَلَيْهِم مَّسْجِدًا	وكذلك أعثرنا عليهم ليعلموا أن وعد الله حق وأن الساعة لا ريب فيها إذ يتنازعون بينهم أمرهم فقالوا ابنوا عليهم بنيانا ربهم أعلم بهم قال الذين غلبوا على أمرهم لنتخذن عليهم مسجدا
18	22	17	1	>aEolamu	أَعْلَمُ	>aEolam	ADJ	STEM|POS:ADJ|LEM:>aEolam|ROOT:Elm|MS|NOM	سَيَقُولُونَ ثَلَٰثَةٌ رَّابِعُهُمْ كَلْبُهُمْ وَيَقُولُونَ خَمْسَةٌ سَادِسُهُمْ كَلْبُهُمْ رَجْمًۢا بِٱلْغَيْبِ وَيَقُولُونَ سَبْعَةٌ وَثَامِنُهُمْ كَلْبُهُمْ قُل رَّبِّىٓ أَعْلَمُ بِعِدَّتِهِم مَّا يَعْلَمُهُمْ إِلَّا قَلِيلٌ فَلَا تُمَارِ فِيهِمْ إِلَّا مِرَآءً ظَٰهِرًا وَلَا تَسْتَفْتِ فِيهِم مِّنْهُمْ أَحَدًا	سيقولون ثلاثة رابعهم كلبهم ويقولون خمسة سادسهم كلبهم رجما بالغيب ويقولون سبعة وثامنهم كلبهم قل ربي أعلم بعدتهم ما يعلمهم إلا قليل فلا تمار فيهم إلا مراء ظاهرا ولا تستفت فيهم منهم أحدا
18	22	20	1	yaEolamu	يَعْلَمُ	Ealima	V	STEM|POS:V|IMPF|LEM:Ealima|ROOT:Elm|3MS	سَيَقُولُونَ ثَلَٰثَةٌ رَّابِعُهُمْ كَلْبُهُمْ وَيَقُولُونَ خَمْسَةٌ سَادِسُهُمْ كَلْبُهُمْ رَجْمًۢا بِٱلْغَيْبِ وَيَقُولُونَ سَبْعَةٌ وَثَامِنُهُمْ كَلْبُهُمْ قُل رَّبِّىٓ أَعْلَمُ بِعِدَّتِهِم مَّا يَعْلَمُهُمْ إِلَّا قَلِيلٌ فَلَا تُمَارِ فِيهِمْ إِلَّا مِرَآءً ظَٰهِرًا وَلَا تَسْتَفْتِ فِيهِم مِّنْهُمْ أَحَدًا	سيقولون ثلاثة رابعهم كلبهم ويقولون خمسة سادسهم كلبهم رجما بالغيب ويقولون سبعة وثامنهم كلبهم قل ربي أعلم بعدتهم ما يعلمهم إلا قليل فلا تمار فيهم إلا مراء ظاهرا ولا تستفت فيهم منهم أحدا
18	26	3	1	>aEolamu	أَعْلَمُ	>aEolam	ADJ	STEM|POS:ADJ|LEM:>aEolam|ROOT:Elm|MS|NOM	قُلِ ٱللَّهُ أَعْلَمُ بِمَا لَبِثُوا۟ لَهُۥ غَيْبُ ٱلسَّمَٰوَٰتِ وَٱلْأَرْضِ أَبْصِرْ بِهِۦ وَأَسْمِعْ مَا لَهُم مِّن دُونِهِۦ مِن وَلِىٍّ وَلَا يُشْرِكُ فِى حُكْمِهِۦٓ أَحَدًا	قل الله أعلم بما لبثوا له غيب السماوات والأرض أبصر به وأسمع ما لهم من دونه من ولي ولا يشرك في حكمه أحدا
18	65	9	2	Eal~amo	عَلَّمْ	Eal~ama	V	STEM|POS:V|PERF|(II)|LEM:Eal~ama|ROOT:Elm|1P	فَوَجَدَا عَبْدًا مِّنْ عِبَادِنَآ ءَاتَيْنَٰهُ رَحْمَةً مِّنْ عِندِنَا وَعَلَّمْنَٰهُ مِن لَّدُنَّا عِلْمًا	فوجدا عبدا من عبادنا آتيناه رحمة من عندنا وعلمناه من لدنا علما
18	65	12	1	EilomFA	عِلْمًا	Eilom	N	STEM|POS:N|LEM:Eilom|ROOT:Elm|M|INDEF|ACC	فَوَجَدَا عَبْدًا مِّنْ عِبَادِنَآ ءَاتَيْنَٰهُ رَحْمَةً مِّنْ عِندِنَا وَعَلَّمْنَٰهُ مِن لَّدُنَّا عِلْمًا	فوجدا عبدا من عبادنا آتيناه رحمة من عندنا وعلمناه من لدنا علما
18	66	8	1	tuEal~ima	تُعَلِّمَ	Eal~ama	V	STEM|POS:V|IMPF|(II)|LEM:Eal~ama|ROOT:Elm|2MS|MOOD:SUBJ	قَالَ لَهُۥ مُوسَىٰ هَلْ أَتَّبِعُكَ عَلَىٰٓ أَن تُعَلِّمَنِ مِمَّا عُلِّمْتَ رُشْدًا	قال له موسى هل أتبعك على أن تعلمن مما علمت رشدا
18	66	10	1	Eul~imo	عُلِّمْ	Eal~ama	V	STEM|POS:V|PERF|PASS|(II)|LEM:Eal~ama|ROOT:Elm|2MS	قَالَ لَهُۥ مُوسَىٰ هَلْ أَتَّبِعُكَ عَلَىٰٓ أَن تُعَلِّمَنِ مِمَّا عُلِّمْتَ رُشْدًا	قال له موسى هل أتبعك على أن تعلمن مما علمت رشدا
19	43	6	2	Eilomi	عِلْمِ	Eilom	N	STEM|POS:N|LEM:Eilom|ROOT:Elm|M|GEN	يَٰٓأَبَتِ إِنِّى قَدْ جَآءَنِى مِنَ ٱلْعِلْمِ مَا لَمْ يَأْتِكَ فَٱتَّبِعْنِىٓ أَهْدِكَ صِرَٰطًا سَوِيًّا	يا أبت إني قد جاءني من العلم ما لم يأتك فاتبعني أهدك صراطا سويا
19	65	10	1	taEolamu	تَعْلَمُ	Ealima	V	STEM|POS:V|IMPF|LEM:Ealima|ROOT:Elm|2MS	رَّبُّ ٱلسَّمَٰوَٰتِ وَٱلْأَرْضِ وَمَا بَيْنَهُمَا فَٱعْبُدْهُ وَٱصْطَبِرْ لِعِبَٰدَتِهِۦ هَلْ تَعْلَمُ لَهُۥ سَمِيًّا	رب السماوات والأرض وما بينهما فاعبده واصطبر لعبادته هل تعلم له سميا
19	70	3	1	>aEolamu	أَعْلَمُ	>aEolam	N	STEM|POS:N|LEM:>aEolam|ROOT:Elm|MS|NOM	ثُمَّ لَنَحْنُ أَعْلَمُ بِٱلَّذِينَ هُمْ أَوْلَىٰ بِهَا صِلِيًّا	ثم لنحن أعلم بالذين هم أولى بها صليا
19	75	19	3	yaEolamu	يَعْلَمُ	Ealima	V	STEM|POS:V|IMPF|LEM:Ealima|ROOT:Elm|3MP	قُلْ مَن كَانَ فِى ٱلضَّلَٰلَةِ فَلْيَمْدُدْ لَهُ ٱلرَّحْمَٰنُ مَدًّا حَتَّىٰٓ إِذَا رَأَوْا۟ مَا يُوعَدُونَ إِمَّا ٱلْعَذَابَ وَإِمَّا ٱلسَّاعَةَ فَسَيَعْلَمُونَ مَنْ هُوَ شَرٌّ مَّكَانًا وَأَضْعَفُ جُندًا	قل من كان في الضلالة فليمدد له الرحمن مدا حتى إذا رأوا ما يوعدون إما العذاب وإما الساعة فسيعلمون من هو شر مكانا وأضعف جندا
20	7	5	1	yaEolamu	يَعْلَمُ	Ealima	V	STEM|POS:V|IMPF|LEM:Ealima|ROOT:Elm|3MS	وَإِن تَجْهَرْ بِٱلْقَوْلِ فَإِنَّهُۥ يَعْلَمُ ٱلسِّرَّ وَأَخْفَى	وإن تجهر بالقول فإنه يعلم السر وأخفى
20	52	2	1	Eilomu	عِلْمُ	Eilom	N	STEM|POS:N|LEM:Eilom|ROOT:Elm|M|NOM	قَالَ عِلْمُهَا عِندَ رَبِّى فِى كِتَٰبٍ لَّا يَضِلُّ رَبِّى وَلَا يَنسَى	قال علمها عند ربي في كتاب لا يضل ربي ولا ينسى
20	71	11	1	Eal~ama	عَلَّمَ	Eal~ama	V	STEM|POS:V|PERF|(II)|LEM:Eal~ama|ROOT:Elm|3MS	قَالَ ءَامَنتُمْ لَهُۥ قَبْلَ أَنْ ءَاذَنَ لَكُمْ إِنَّهُۥ لَكَبِيرُكُمُ ٱلَّذِى عَلَّمَكُمُ ٱلسِّحْرَ فَلَأُقَطِّعَنَّ أَيْدِيَكُمْ وَأَرْجُلَكُم مِّنْ خِلَٰفٍ وَلَأُصَلِّبَنَّكُمْ فِى جُذُوعِ ٱلنَّخْلِ وَلَتَعْلَمُنَّ أَيُّنَآ أَشَدُّ عَذَابًا وَأَبْقَىٰ	قال آمنتم له قبل أن آذن لكم إنه لكبيركم الذي علمكم السحر فلأقطعن أيديكم وأرجلكم من خلاف ولأصلبنكم في جذوع النخل ولتعلمن أينا أشد عذابا وأبقى
20	71	22	3	taEolamu	تَعْلَمُ	Ealima	V	STEM|POS:V|IMPF|LEM:Ealima|ROOT:Elm|2MP	قَالَ ءَامَنتُمْ لَهُۥ قَبْلَ أَنْ ءَاذَنَ لَكُمْ إِنَّهُۥ لَكَبِيرُكُمُ ٱلَّذِى عَلَّمَكُمُ ٱلسِّحْرَ فَلَأُقَطِّعَنَّ أَيْدِيَكُمْ وَأَرْجُلَكُم مِّنْ خِلَٰفٍ وَلَأُصَلِّبَنَّكُمْ فِى جُذُوعِ ٱلنَّخْلِ وَلَتَعْلَمُنَّ أَيُّنَآ أَشَدُّ عَذَابًا وَأَبْقَىٰ	قال آمنتم له قبل أن آذن لكم إنه لكبيركم الذي علمكم السحر فلأقطعن أيديكم وأرجلكم من خلاف ولأصلبنكم في جذوع النخل ولتعلمن أينا أشد عذابا وأبقى
20	98	12	1	EilomFA	عِلْمًا	Eilom	N	STEM|POS:N|LEM:Eilom|ROOT:Elm|M|INDEF|ACC	إِنَّمَآ إِلَٰهُكُمُ ٱللَّهُ ٱلَّذِى لَآ إِلَٰهَ إِلَّا هُوَ وَسِعَ كُلَّ شَىْءٍ عِلْمًا	إنما إلهكم الله الذي لا إله إلا هو وسع كل شيء علما
20	104	2	1	>aEolamu	أَعْلَمُ	>aEolam	N	STEM|POS:N|LEM:>aEolam|ROOT:Elm|MS|NOM	نَّحْنُ أَعْلَمُ بِمَا يَقُولُونَ إِذْ يَقُولُ أَمْثَلُهُمْ طَرِيقَةً إِن لَّبِثْتُمْ إِلَّا يَوْمًا	نحن أعلم بما يقولون إذ يقول أمثلهم طريقة إن لبثتم إلا يوما
20	110	1	1	yaEolamu	يَعْلَمُ	Ealima	V	STEM|POS:V|IMPF|LEM:Ealima|ROOT:Elm|3MS	يَعْلَمُ مَا بَيْنَ أَيْدِيهِمْ وَمَا خَلْفَهُمْ وَلَا يُحِيطُونَ بِهِۦ عِلْمًا	يعلم ما بين أيديهم وما خلفهم ولا يحيطون به علما
20	110	10	1	EilomFA	عِلْمًا	Eilom	N	STEM|POS:N|LEM:Eilom|ROOT:Elm|M|INDEF|ACC	يَعْلَمُ مَا بَيْنَ أَيْدِيهِمْ وَمَا خَلْفَهُمْ وَلَا يُحِيطُونَ بِهِۦ عِلْمًا	يعلم ما بين أيديهم وما خلفهم ولا يحيطون به علما
20	114	17	1	EilomFA	عِلْمًا	Eilom	N	STEM|POS:N|LEM:Eilom|ROOT:Elm|M|INDEF|ACC	فَتَعَٰلَى ٱللَّهُ ٱلْمَلِكُ ٱلْحَقُّ وَلَا تَعْجَلْ بِٱلْقُرْءَانِ مِن قَبْلِ أَن يُقْضَىٰٓ إِلَيْكَ وَحْيُهُۥ وَقُل رَّبِّ زِدْنِى عِلْمًا	فتعالى الله الملك الحق ولا تعجل بالقرآن من قبل أن يقضى إليك وحيه وقل رب زدني علما
20	135	5	3	taEolamu	تَعْلَمُ	Ealima	V	STEM|POS:V|IMPF|LEM:Ealima|ROOT:Elm|2MP	قُلْ كُلٌّ مُّتَرَبِّصٌ فَتَرَبَّصُوا۟ فَسَتَعْلَمُونَ مَنْ أَصْحَٰبُ ٱلصِّرَٰطِ ٱلسَّوِىِّ وَمَنِ ٱهْتَدَىٰ	قل كل متربص فتربصوا فستعلمون من أصحاب الصراط السوي ومن اهتدى
21	4	3	1	yaEolamu	يَعْلَمُ	Ealima	V	STEM|POS:V|IMPF|LEM:Ealima|ROOT:Elm|3MS	قَالَ رَبِّى يَعْلَمُ ٱلْقَوْلَ فِى ٱلسَّمَآءِ وَٱلْأَرْضِ وَهُوَ ٱلسَّمِيعُ ٱلْعَلِيمُ	قال ربي يعلم القول في السماء والأرض وهو السميع العليم
21	4	10	2	Ealiymu	عَلِيمُ	Ealiym	ADJ	STEM|POS:ADJ|LEM:Ealiym|ROOT:Elm|MS|NOM	قَالَ رَبِّى يَعْلَمُ ٱلْقَوْلَ فِى ٱلسَّمَآءِ وَٱلْأَرْضِ وَهُوَ ٱلسَّمِيعُ ٱلْعَلِيمُ	قال ربي يعلم القول في السماء والأرض وهو السميع العليم
21	7	14	1	taEolamu	تَعْلَمُ	Ealima	V	STEM|POS:V|IMPF|LEM:Ealima|ROOT:Elm|2MP	وَمَآ أَرْسَلْنَا قَبْلَكَ إِلَّا رِجَالًا نُّوحِىٓ إِلَيْهِمْ فَسْـَٔلُوٓا۟ أَهْلَ ٱلذِّكْرِ إِن كُنتُمْ لَا تَعْلَمُونَ	وما أرسلنا قبلك إلا رجالا نوحي إليهم فاسألوا أهل الذكر إن كنتم لا تعلمون
21	24	19	1	yaEolamu	يَعْلَمُ	Ealima	V	STEM|POS:V|IMPF|LEM:Ealima|ROOT:Elm|3MP	أَمِ ٱتَّخَذُوا۟ مِن دُونِهِۦٓ ءَالِهَةً قُلْ هَاتُوا۟ بُرْهَٰنَكُمْ هَٰذَا ذِكْرُ مَن مَّعِىَ وَذِكْرُ مَن قَبْلِى بَلْ أَكْثَرُهُمْ لَا يَعْلَمُونَ ٱلْحَقَّ فَهُم مُّعْرِضُونَ	أم اتخذوا من دونه آلهة قل هاتوا برهانكم هذا ذكر من معي وذكر من قبلي بل أكثرهم لا يعلمون الحق فهم معرضون
21	28	1	1	yaEolamu	يَعْلَمُ	Ealima	V	STEM|POS:V|IMPF|LEM:Ealima|ROOT:Elm|3MS	يَعْلَمُ مَا بَيْنَ أَيْدِيهِمْ وَمَا خَلْفَهُمْ وَلَا يَشْفَعُونَ إِلَّا لِمَنِ ٱرْتَضَىٰ وَهُم مِّنْ خَشْيَتِهِۦ مُشْفِقُونَ	يعلم ما بين أيديهم وما خلفهم ولا يشفعون إلا لمن ارتضى وهم من خشيته مشفقون
21	39	2	1	yaEolamu	يَعْلَمُ	Ealima	V	STEM|POS:V|IMPF|LEM:Ealima|ROOT:Elm|3MS	لَوْ يَعْلَمُ ٱلَّذِينَ كَفَرُوا۟ حِينَ لَا يَكُفُّونَ عَن وُجُوهِهِمُ ٱلنَّارَ وَلَا عَن ظُهُورِهِمْ وَلَا هُمْ يُنصَرُونَ	لو يعلم الذين كفروا حين لا يكفون عن وجوههم النار ولا عن ظهورهم ولا هم ينصرون
21	51	9	1	Ea`limiyna	عَٰلِمِينَ	Ea`lim	N	STEM|POS:N|ACT|PCPL|LEM:Ea`lim|ROOT:Elm|MP|ACC	وَلَقَدْ ءَاتَيْنَآ إِبْرَٰهِيمَ رُشْدَهُۥ مِن قَبْلُ وَكُنَّا بِهِۦ عَٰلِمِينَ	ولقد آتينا إبراهيم رشده من قبل وكنا به عالمين
21	65	6	1	Ealimo	عَلِمْ	Ealima	V	STEM|POS:V|PERF|LEM:Ealima|ROOT:Elm|2MS	ثُمَّ نُكِسُوا۟ عَلَىٰ رُءُوسِهِمْ لَقَدْ عَلِمْتَ مَا هَٰٓؤُلَآءِ يَنطِقُونَ	ثم نكسوا على رءوسهم لقد علمت ما هؤلاء ينطقون
21	71	8	3	Ea`lamiyna	عَٰلَمِينَ	Ea`lamiyn	N	STEM|POS:N|LEM:Ea`lamiyn|ROOT:Elm|MP|GEN	وَنَجَّيْنَٰهُ وَلُوطًا إِلَى ٱلْأَرْضِ ٱلَّتِى بَٰرَكْنَا فِيهَا لِلْعَٰلَمِينَ	ونجيناه ولوطا إلى الأرض التي باركنا فيها للعالمين
21	74	4	2	EilomFA	عِلْمًا	Eilom	N	STEM|POS:N|LEM:Eilom|ROOT:Elm|M|INDEF|ACC	وَلُوطًا ءَاتَيْنَٰهُ حُكْمًا وَعِلْمًا وَنَجَّيْنَٰهُ مِنَ ٱلْقَرْيَةِ ٱلَّتِى كَانَت تَّعْمَلُ ٱلْخَبَٰٓئِثَ إِنَّهُمْ كَانُوا۟ قَوْمَ سَوْءٍ فَٰسِقِينَ	ولوطا آتيناه حكما وعلما ونجيناه من القرية التي كانت تعمل الخبائث إنهم كانوا قوم سوء فاسقين
21	79	6	2	EilomFA	عِلْمًا	Eilom	N	STEM|POS:N|LEM:Eilom|ROOT:Elm|M|INDEF|ACC	فَفَهَّمْنَٰهَا سُلَيْمَٰنَ وَكُلًّا ءَاتَيْنَا حُكْمًا وَعِلْمًا وَسَخَّرْنَا مَعَ دَاوُۥدَ ٱلْجِبَالَ يُسَبِّحْنَ وَٱلطَّيْرَ وَكُنَّا فَٰعِلِينَ	ففهمناها سليمان وكلا آتينا حكما وعلما وسخرنا مع داوود الجبال يسبحن والطير وكنا فاعلين
21	80	1	2	Eal~amo	عَلَّمْ	Eal~ama	V	STEM|POS:V|PERF|(II)|LEM:Eal~ama|ROOT:Elm|1P	وَعَلَّمْنَٰهُ صَنْعَةَ لَبُوسٍ لَّكُمْ لِتُحْصِنَكُم مِّنۢ بَأْسِكُمْ فَهَلْ أَنتُمْ شَٰكِرُونَ	وعلمناه صنعة لبوس لكم لتحصنكم من بأسكم فهل أنتم شاكرون
21	81	14	1	Ea`limiyna	عَٰلِمِينَ	Ea`lim	N	STEM|POS:N|ACT|PCPL|LEM:Ea`lim|ROOT:Elm|MP|ACC	وَلِسُلَيْمَٰنَ ٱلرِّيحَ عَاصِفَةً تَجْرِى بِأَمْرِهِۦٓ إِلَى ٱلْأَرْضِ ٱلَّتِى بَٰرَكْنَا فِيهَا وَكُنَّا بِكُلِّ شَىْءٍ عَٰلِمِينَ	ولسليمان الريح عاصفة تجري بأمره إلى الأرض التي باركنا فيها وكنا بكل شيء عالمين
21	91	11	3	Ea`lamiyna	عَٰلَمِينَ	Ea`lamiyn	N	STEM|POS:N|LEM:Ea`lamiyn|ROOT:Elm|MP|GEN	وَٱلَّتِىٓ أَحْصَنَتْ فَرْجَهَا فَنَفَخْنَا فِيهَا مِن رُّوحِنَا وَجَعَلْنَٰهَا وَٱبْنَهَآ ءَايَةً لِّلْعَٰلَمِينَ	والتي أحصنت فرجها فنفخنا فيها من روحنا وجعلناها وابنها آية للعالمين
21	107	5	3	Ea`lamiyna	عَٰلَمِينَ	Ea`lamiyn	N	STEM|POS:N|LEM:Ea`lamiyn|ROOT:Elm|MP|GEN	وَمَآ أَرْسَلْنَٰكَ إِلَّا رَحْمَةً لِّلْعَٰلَمِينَ	وما أرسلناك إلا رحمة للعالمين
21	110	2	1	yaEolamu	يَعْلَمُ	Ealima	V	STEM|POS:V|IMPF|LEM:Ealima|ROOT:Elm|3MS	إِنَّهُۥ يَعْلَمُ ٱلْجَهْرَ مِنَ ٱلْقَوْلِ وَيَعْلَمُ مَا تَكْتُمُونَ	إنه يعلم الجهر من القول ويعلم ما تكتمون
21	110	6	2	yaEolamu	يَعْلَمُ	Ealima	V	STEM|POS:V|IMPF|LEM:Ealima|ROOT:Elm|3MS	إِنَّهُۥ يَعْلَمُ ٱلْجَهْرَ مِنَ ٱلْقَوْلِ وَيَعْلَمُ مَا تَكْتُمُونَ	إنه يعلم الجهر من القول ويعلم ما تكتمون
22	3	8	1	EilomK	عِلْمٍ	Eilom	N	STEM|POS:N|LEM:Eilom|ROOT:Elm|M|INDEF|GEN	وَمِنَ ٱلنَّاسِ مَن يُجَٰدِلُ فِى ٱللَّهِ بِغَيْرِ عِلْمٍ وَيَتَّبِعُ كُلَّ شَيْطَٰنٍ مَّرِيدٍ	ومن الناس من يجادل في الله بغير علم ويتبع كل شيطان مريد
22	5	51	1	yaEolama	يَعْلَمَ	Ealima	V	STEM|POS:V|IMPF|LEM:Ealima|ROOT:Elm|3MS|MOOD:SUBJ	يَٰٓأَيُّهَا ٱلنَّاسُ إِن كُنتُمْ فِى رَيْبٍ مِّنَ ٱلْبَعْثِ فَإِنَّا خَلَقْنَٰكُم مِّن تُرَابٍ ثُمَّ مِن نُّطْفَةٍ ثُمَّ مِنْ عَلَقَةٍ ثُمَّ مِن مُّضْغَةٍ مُّخَلَّقَةٍ وَغَيْرِ مُخَلَّقَةٍ لِّنُبَيِّنَ لَكُمْ وَنُقِرُّ فِى ٱلْأَرْحَامِ مَا نَشَآءُ إِلَىٰٓ أَجَلٍ مُّسَمًّى ثُمَّ نُخْرِجُكُمْ طِفْلًا ثُمَّ لِتَبْلُغُوٓا۟ أَشُدَّكُمْ وَمِنكُم مَّن يُتَوَفَّىٰ وَمِنكُم مَّن يُرَدُّ إِلَىٰٓ أَرْذَلِ ٱلْعُمُرِ لِكَيْلَا يَعْلَمَ مِنۢ بَعْدِ عِلْمٍ شَيْـًٔا وَتَرَى ٱلْأَرْضَ هَامِدَةً فَإِذَآ أَنزَلْنَا عَلَيْهَا ٱلْمَآءَ ٱهْتَزَّتْ وَرَبَتْ وَأَنۢبَتَتْ مِن كُلِّ زَوْجٍۭ بَهِيجٍ	يا أيها الناس إن كنتم في ريب من البعث فإنا خلقناكم من تراب ثم من نطفة ثم من علقة ثم من مضغة مخلقة وغير مخلقة لنبين لكم ونقر في الأرحام ما نشاء إلى أجل مسمى ثم نخرجكم طفلا ثم لتبلغوا أشدكم ومنكم من يتوفى ومنكم من يرد إلى أرذل العمر لكيلا يعلم من بعد علم شيئا وترى الأرض هامدة فإذا أنزلنا عليها الماء اهتزت وربت وأنبتت من كل زوج بهيج
22	5	54	1	EilomK	عِلْمٍ	Eilom	N	STEM|POS:N|LEM:Eilom|ROOT:Elm|M|INDEF|GEN	يَٰٓأَيُّهَا ٱلنَّاسُ إِن كُنتُمْ فِى رَيْبٍ مِّنَ ٱلْبَعْثِ فَإِنَّا خَلَقْنَٰكُم مِّن تُرَابٍ ثُمَّ مِن نُّطْفَةٍ ثُمَّ مِنْ عَلَقَةٍ ثُمَّ مِن مُّضْغَةٍ مُّخَلَّقَةٍ وَغَيْرِ مُخَلَّقَةٍ لِّنُبَيِّنَ لَكُمْ وَنُقِرُّ فِى ٱلْأَرْحَامِ مَا نَشَآءُ إِلَىٰٓ أَجَلٍ مُّسَمًّى ثُمَّ نُخْرِجُكُمْ طِفْلًا ثُمَّ لِتَبْلُغُوٓا۟ أَشُدَّكُمْ وَمِنكُم مَّن يُتَوَفَّىٰ وَمِنكُم مَّن يُرَدُّ إِلَىٰٓ أَرْذَلِ ٱلْعُمُرِ لِكَيْلَا يَعْلَمَ مِنۢ بَعْدِ عِلْمٍ شَيْـًٔا وَتَرَى ٱلْأَرْضَ هَامِدَةً فَإِذَآ أَنزَلْنَا عَلَيْهَا ٱلْمَآءَ ٱهْتَزَّتْ وَرَبَتْ وَأَنۢبَتَتْ مِن كُلِّ زَوْجٍۭ بَهِيجٍ	يا أيها الناس إن كنتم في ريب من البعث فإنا خلقناكم من تراب ثم من نطفة ثم من علقة ثم من مضغة مخلقة وغير مخلقة لنبين لكم ونقر في الأرحام ما نشاء إلى أجل مسمى ثم نخرجكم طفلا ثم لتبلغوا أشدكم ومنكم من يتوفى ومنكم من يرد إلى أرذل العمر لكيلا يعلم من بعد علم شيئا وترى الأرض هامدة فإذا أنزلنا عليها الماء اهتزت وربت وأنبتت من كل زوج بهيج
22	8	8	1	EilomK	عِلْمٍ	Eilom	N	STEM|POS:N|LEM:Eilom|ROOT:Elm|M|INDEF|GEN	وَمِنَ ٱلنَّاسِ مَن يُجَٰدِلُ فِى ٱللَّهِ بِغَيْرِ عِلْمٍ وَلَا هُدًى وَلَا كِتَٰبٍ مُّنِيرٍ	ومن الناس من يجادل في الله بغير علم ولا هدى ولا كتاب منير
22	28	9	1	m~aEoluwma`tK	مَّعْلُومَٰتٍ	m~aEoluwma`t	ADJ	STEM|POS:ADJ|LEM:m~aEoluwma`t|ROOT:Elm|FP|INDEF|GEN	لِّيَشْهَدُوا۟ مَنَٰفِعَ لَهُمْ وَيَذْكُرُوا۟ ٱسْمَ ٱللَّهِ فِىٓ أَيَّامٍ مَّعْلُومَٰتٍ عَلَىٰ مَا رَزَقَهُم مِّنۢ بَهِيمَةِ ٱلْأَنْعَٰمِ فَكُلُوا۟ مِنْهَا وَأَطْعِمُوا۟ ٱلْبَآئِسَ ٱلْفَقِيرَ	ليشهدوا منافع لهم ويذكروا اسم الله في أيام معلومات على ما رزقهم من بهيمة الأنعام فكلوا منها وأطعموا البائس الفقير
22	52	26	1	EaliymN	عَلِيمٌ	Ealiym	ADJ	STEM|POS:ADJ|LEM:Ealiym|ROOT:Elm|MS|INDEF|NOM	وَمَآ أَرْسَلْنَا مِن قَبْلِكَ مِن رَّسُولٍ وَلَا نَبِىٍّ إِلَّآ إِذَا تَمَنَّىٰٓ أَلْقَى ٱلشَّيْطَٰنُ فِىٓ أُمْنِيَّتِهِۦ فَيَنسَخُ ٱللَّهُ مَا يُلْقِى ٱلشَّيْطَٰنُ ثُمَّ يُحْكِمُ ٱللَّهُ ءَايَٰتِهِۦ وَٱللَّهُ عَلِيمٌ حَكِيمٌ	وما أرسلنا من قبلك من رسول ولا نبي إلا إذا تمنى ألقى الشيطان في أمنيته فينسخ الله ما يلقي الشيطان ثم يحكم الله آياته والله عليم حكيم
22	54	1	3	yaEolama	يَعْلَمَ	Ealima	V	STEM|POS:V|IMPF|LEM:Ealima|ROOT:Elm|3MS|MOOD:SUBJ	وَلِيَعْلَمَ ٱلَّذِينَ أُوتُوا۟ ٱلْعِلْمَ أَنَّهُ ٱلْحَقُّ مِن رَّبِّكَ فَيُؤْمِنُوا۟ بِهِۦ فَتُخْبِتَ لَهُۥ قُلُوبُهُمْ وَإِنَّ ٱللَّهَ لَهَادِ ٱلَّذِينَ ءَامَنُوٓا۟ إِلَىٰ صِرَٰطٍ مُّسْتَقِيمٍ	وليعلم الذين أوتوا العلم أنه الحق من ربك فيؤمنوا به فتخبت له قلوبهم وإن الله لهاد الذين آمنوا إلى صراط مستقيم
22	54	4	2	Eiloma	عِلْمَ	Eilom	N	STEM|POS:N|LEM:Eilom|ROOT:Elm|M|ACC	وَلِيَعْلَمَ ٱلَّذِينَ أُوتُوا۟ ٱلْعِلْمَ أَنَّهُ ٱلْحَقُّ مِن رَّبِّكَ فَيُؤْمِنُوا۟ بِهِۦ فَتُخْبِتَ لَهُۥ قُلُوبُهُمْ وَإِنَّ ٱللَّهَ لَهَادِ ٱلَّذِينَ ءَامَنُوٓا۟ إِلَىٰ صِرَٰطٍ مُّسْتَقِيمٍ	وليعلم الذين أوتوا العلم أنه الحق من ربك فيؤمنوا به فتخبت له قلوبهم وإن الله لهاد الذين آمنوا إلى صراط مستقيم
22	59	6	2	EaliymN	عَلِيمٌ	Ealiym	N	STEM|POS:N|LEM:Ealiym|ROOT:Elm|MS|INDEF|NOM	لَيُدْخِلَنَّهُم مُّدْخَلًا يَرْضَوْنَهُۥ وَإِنَّ ٱللَّهَ لَعَلِيمٌ حَلِيمٌ	ليدخلنهم مدخلا يرضونه وإن الله لعليم حليم
22	68	5	1	>aEolamu	أَعْلَمُ	>aEolam	ADJ	STEM|POS:ADJ|LEM:>aEolam|ROOT:Elm|MS|NOM	وَإِن جَٰدَلُوكَ فَقُلِ ٱللَّهُ أَعْلَمُ بِمَا تَعْمَلُونَ	وإن جادلوك فقل الله أعلم بما تعملون
22	70	2	1	taEolamo	تَعْلَمْ	Ealima	V	STEM|POS:V|IMPF|LEM:Ealima|ROOT:Elm|2MS|MOOD:JUS	أَلَمْ تَعْلَمْ أَنَّ ٱللَّهَ يَعْلَمُ مَا فِى ٱلسَّمَآءِ وَٱلْأَرْضِ إِنَّ ذَٰلِكَ فِى كِتَٰبٍ إِنَّ ذَٰلِكَ عَلَى ٱللَّهِ يَسِيرٌ	ألم تعلم أن الله يعلم ما في السماء والأرض إن ذلك في كتاب إن ذلك على الله يسير
22	70	5	1	yaEolamu	يَعْلَمُ	Ealima	V	STEM|POS:V|IMPF|LEM:Ealima|ROOT:Elm|3MS	أَلَمْ تَعْلَمْ أَنَّ ٱللَّهَ يَعْلَمُ مَا فِى ٱلسَّمَآءِ وَٱلْأَرْضِ إِنَّ ذَٰلِكَ فِى كِتَٰبٍ إِنَّ ذَٰلِكَ عَلَى ٱللَّهِ يَسِيرٌ	ألم تعلم أن الله يعلم ما في السماء والأرض إن ذلك في كتاب إن ذلك على الله يسير
22	71	14	1	EilomN	عِلْمٌ	Eilom	N	STEM|POS:N|LEM:Eilom|ROOT:Elm|M|INDEF|NOM	وَيَعْبُدُونَ مِن دُونِ ٱللَّهِ مَا لَمْ يُنَزِّلْ بِهِۦ سُلْطَٰنًا وَمَا لَيْسَ لَهُم بِهِۦ عِلْمٌ وَمَا لِلظَّٰلِمِينَ مِن نَّصِيرٍ	ويعبدون من دون الله ما لم ينزل به سلطانا وما ليس لهم به علم وما للظالمين من نصير
22	76	1	1	yaEolamu	يَعْلَمُ	Ealima	V	STEM|POS:V|IMPF|LEM:Ealima|ROOT:Elm|3MS	يَعْلَمُ مَا بَيْنَ أَيْدِيهِمْ وَمَا خَلْفَهُمْ وَإِلَى ٱللَّهِ تُرْجَعُ ٱلْأُمُورُ	يعلم ما بين أيديهم وما خلفهم وإلى الله ترجع الأمور
23	51	11	1	EaliymN	عَلِيمٌ	Ealiym	N	STEM|POS:N|LEM:Ealiym|ROOT:Elm|MS|INDEF|NOM	يَٰٓأَيُّهَا ٱلرُّسُلُ كُلُوا۟ مِنَ ٱلطَّيِّبَٰتِ وَٱعْمَلُوا۟ صَٰلِحًا إِنِّى بِمَا تَعْمَلُونَ عَلِيمٌ	يا أيها الرسل كلوا من الطيبات واعملوا صالحا إني بما تعملون عليم
23	84	8	1	taEolamu	تَعْلَمُ	Ealima	V	STEM|POS:V|IMPF|LEM:Ealima|ROOT:Elm|2MP	قُل لِّمَنِ ٱلْأَرْضُ وَمَن فِيهَآ إِن كُنتُمْ تَعْلَمُونَ	قل لمن الأرض ومن فيها إن كنتم تعلمون
23	88	14	1	taEolamu	تَعْلَمُ	Ealima	V	STEM|POS:V|IMPF|LEM:Ealima|ROOT:Elm|2MP	قُلْ مَنۢ بِيَدِهِۦ مَلَكُوتُ كُلِّ شَىْءٍ وَهُوَ يُجِيرُ وَلَا يُجَارُ عَلَيْهِ إِن كُنتُمْ تَعْلَمُونَ	قل من بيده ملكوت كل شيء وهو يجير ولا يجار عليه إن كنتم تعلمون
23	92	1	1	Ea`limi	عَٰلِمِ	Ea`lim	N	STEM|POS:N|ACT|PCPL|LEM:Ea`lim|ROOT:Elm|M|GEN	عَٰلِمِ ٱلْغَيْبِ وَٱلشَّهَٰدَةِ فَتَعَٰلَىٰ عَمَّا يُشْرِكُونَ	عالم الغيب والشهادة فتعالى عما يشركون
23	96	7	1	>aEolamu	أَعْلَمُ	>aEolam	N	STEM|POS:N|LEM:>aEolam|ROOT:Elm|MS|NOM	ٱدْفَعْ بِٱلَّتِى هِىَ أَحْسَنُ ٱلسَّيِّئَةَ نَحْنُ أَعْلَمُ بِمَا يَصِفُونَ	ادفع بالتي هي أحسن السيئة نحن أعلم بما يصفون
23	114	9	1	taEolamu	تَعْلَمُ	Ealima	V	STEM|POS:V|IMPF|LEM:Ealima|ROOT:Elm|2MP	قَٰلَ إِن لَّبِثْتُمْ إِلَّا قَلِيلًا لَّوْ أَنَّكُمْ كُنتُمْ تَعْلَمُونَ	قال إن لبثتم إلا قليلا لو أنكم كنتم تعلمون
24	15	10	1	EilomN	عِلْمٌ	Eilom	N	STEM|POS:N|LEM:Eilom|ROOT:Elm|M|INDEF|NOM	إِذْ تَلَقَّوْنَهُۥ بِأَلْسِنَتِكُمْ وَتَقُولُونَ بِأَفْوَاهِكُم مَّا لَيْسَ لَكُم بِهِۦ عِلْمٌ وَتَحْسَبُونَهُۥ هَيِّنًا وَهُوَ عِندَ ٱللَّهِ عَظِيمٌ	إذ تلقونه بألسنتكم وتقولون بأفواهكم ما ليس لكم به علم وتحسبونه هينا وهو عند الله عظيم
24	18	6	1	EaliymN	عَلِيمٌ	Ealiym	N	STEM|POS:N|LEM:Ealiym|ROOT:Elm|MS|INDEF|NOM	وَيُبَيِّنُ ٱللَّهُ لَكُمُ ٱلْـَٔايَٰتِ وَٱللَّهُ عَلِيمٌ حَكِيمٌ	ويبين الله لكم الآيات والله عليم حكيم
24	19	17	1	yaEolamu	يَعْلَمُ	Ealima	V	STEM|POS:V|IMPF|LEM:Ealima|ROOT:Elm|3MS	إِنَّ ٱلَّذِينَ يُحِبُّونَ أَن تَشِيعَ ٱلْفَٰحِشَةُ فِى ٱلَّذِينَ ءَامَنُوا۟ لَهُمْ عَذَابٌ أَلِيمٌ فِى ٱلدُّنْيَا وَٱلْـَٔاخِرَةِ وَٱللَّهُ يَعْلَمُ وَأَنتُمْ لَا تَعْلَمُونَ	إن الذين يحبون أن تشيع الفاحشة في الذين آمنوا لهم عذاب أليم في الدنيا والآخرة والله يعلم وأنتم لا تعلمون
24	19	20	1	taEolamu	تَعْلَمُ	Ealima	V	STEM|POS:V|IMPF|LEM:Ealima|ROOT:Elm|2MP	إِنَّ ٱلَّذِينَ يُحِبُّونَ أَن تَشِيعَ ٱلْفَٰحِشَةُ فِى ٱلَّذِينَ ءَامَنُوا۟ لَهُمْ عَذَابٌ أَلِيمٌ فِى ٱلدُّنْيَا وَٱلْـَٔاخِرَةِ وَٱللَّهُ يَعْلَمُ وَأَنتُمْ لَا تَعْلَمُونَ	إن الذين يحبون أن تشيع الفاحشة في الذين آمنوا لهم عذاب أليم في الدنيا والآخرة والله يعلم وأنتم لا تعلمون
24	21	34	1	EaliymN	عَلِيمٌ	Ealiym	ADJ	STEM|POS:ADJ|LEM:Ealiym|ROOT:Elm|MS|INDEF|NOM	يَٰٓأَيُّهَا ٱلَّذِينَ ءَامَنُوا۟ لَا تَتَّبِعُوا۟ خُطُوَٰتِ ٱلشَّيْطَٰنِ وَمَن يَتَّبِعْ خُطُوَٰتِ ٱلشَّيْطَٰنِ فَإِنَّهُۥ يَأْمُرُ بِٱلْفَحْشَآءِ وَٱلْمُنكَرِ وَلَوْلَا فَضْلُ ٱللَّهِ عَلَيْكُمْ وَرَحْمَتُهُۥ مَا زَكَىٰ مِنكُم مِّنْ أَحَدٍ أَبَدًا وَلَٰكِنَّ ٱللَّهَ يُزَكِّى مَن يَشَآءُ وَٱللَّهُ سَمِيعٌ عَلِيمٌ	يا أيها الذين آمنوا لا تتبعوا خطوات الشيطان ومن يتبع خطوات الشيطان فإنه يأمر بالفحشاء والمنكر ولولا فضل الله عليكم ورحمته ما زكى منكم من أحد أبدا ولكن الله يزكي من يشاء والله سميع عليم
24	25	6	2	yaEolamu	يَعْلَمُ	Ealima	V	STEM|POS:V|IMPF|LEM:Ealima|ROOT:Elm|3MP	يَوْمَئِذٍ يُوَفِّيهِمُ ٱللَّهُ دِينَهُمُ ٱلْحَقَّ وَيَعْلَمُونَ أَنَّ ٱللَّهَ هُوَ ٱلْحَقُّ ٱلْمُبِينُ	يومئذ يوفيهم الله دينهم الحق ويعلمون أن الله هو الحق المبين
24	28	22	1	EaliymN	عَلِيمٌ	Ealiym	N	STEM|POS:N|LEM:Ealiym|ROOT:Elm|MS|INDEF|NOM	فَإِن لَّمْ تَجِدُوا۟ فِيهَآ أَحَدًا فَلَا تَدْخُلُوهَا حَتَّىٰ يُؤْذَنَ لَكُمْ وَإِن قِيلَ لَكُمُ ٱرْجِعُوا۟ فَٱرْجِعُوا۟ هُوَ أَزْكَىٰ لَكُمْ وَٱللَّهُ بِمَا تَعْمَلُونَ عَلِيمٌ	فإن لم تجدوا فيها أحدا فلا تدخلوها حتى يؤذن لكم وإن قيل لكم ارجعوا فارجعوا هو أزكى لكم والله بما تعملون عليم
24	29	13	1	yaEolamu	يَعْلَمُ	Ealima	V	STEM|POS:V|IMPF|LEM:Ealima|ROOT:Elm|3MS	لَّيْسَ عَلَيْكُمْ جُنَاحٌ أَن تَدْخُلُوا۟ بُيُوتًا غَيْرَ مَسْكُونَةٍ فِيهَا مَتَٰعٌ لَّكُمْ وَٱللَّهُ يَعْلَمُ مَا تُبْدُونَ وَمَا تَكْتُمُونَ	ليس عليكم جناح أن تدخلوا بيوتا غير مسكونة فيها متاع لكم والله يعلم ما تبدون وما تكتمون
24	31	66	2	yuEolama	يُعْلَمَ	Ealima	V	STEM|POS:V|IMPF|PASS|LEM:Ealima|ROOT:Elm|3MS|MOOD:SUBJ	وَقُل لِّلْمُؤْمِنَٰتِ يَغْضُضْنَ مِنْ أَبْصَٰرِهِنَّ وَيَحْفَظْنَ فُرُوجَهُنَّ وَلَا يُبْدِينَ زِينَتَهُنَّ إِلَّا مَا ظَهَرَ مِنْهَا وَلْيَضْرِبْنَ بِخُمُرِهِنَّ عَلَىٰ جُيُوبِهِنَّ وَلَا يُبْدِينَ زِينَتَهُنَّ إِلَّا لِبُعُولَتِهِنَّ أَوْ ءَابَآئِهِنَّ أَوْ ءَابَآءِ بُعُولَتِهِنَّ أَوْ أَبْنَآئِهِنَّ أَوْ أَبْنَآءِ بُعُولَتِهِنَّ أَوْ إِخْوَٰنِهِنَّ أَوْ بَنِىٓ إِخْوَٰنِهِنَّ أَوْ بَنِىٓ أَخَوَٰتِهِنَّ أَوْ نِسَآئِهِنَّ أَوْ مَا مَلَكَتْ أَيْمَٰنُهُنَّ أَوِ ٱلتَّٰبِعِينَ غَيْرِ أُو۟لِى ٱلْإِرْبَةِ مِنَ ٱلرِّجَالِ أَوِ ٱلطِّفْلِ ٱلَّذِينَ لَمْ يَظْهَرُوا۟ عَلَىٰ عَوْرَٰتِ ٱلنِّسَآءِ وَلَا يَضْرِبْنَ بِأَرْجُلِهِنَّ لِيُعْلَمَ مَا يُخْفِينَ مِن زِينَتِهِنَّ وَتُوبُوٓا۟ إِلَى ٱللَّهِ جَمِيعًا أَيُّهَ ٱلْمُؤْمِنُونَ لَعَلَّكُمْ تُفْلِحُونَ	وقل للمؤمنات يغضضن من أبصارهن ويحفظن فروجهن ولا يبدين زينتهن إلا ما ظهر منها وليضربن بخمرهن على جيوبهن ولا يبدين زينتهن إلا لبعولتهن أو آبائهن أو آباء بعولتهن أو أبنائهن أو أبناء بعولتهن أو إخوانهن أو بني إخوانهن أو بني أخواتهن أو نسائهن أو ما ملكت أيمانهن أو التابعين غير أولي الإربة من الرجال أو الطفل الذين لم يظهروا على عورات النساء ولا يضربن بأرجلهن ليعلم ما يخفين من زينتهن وتوبوا إلى الله جميعا أيه المؤمنون لعلكم تفلحون
24	32	17	1	EaliymN	عَلِيمٌ	Ealiym	ADJ	STEM|POS:ADJ|LEM:Ealiym|ROOT:Elm|MS|INDEF|NOM	وَأَنكِحُوا۟ ٱلْأَيَٰمَىٰ مِنكُمْ وَٱلصَّٰلِحِينَ مِنْ عِبَادِكُمْ وَإِمَآئِكُمْ إِن يَكُونُوا۟ فُقَرَآءَ يُغْنِهِمُ ٱللَّهُ مِن فَضْلِهِۦ وَٱللَّهُ وَٰسِعٌ عَلِيمٌ	وأنكحوا الأيامى منكم والصالحين من عبادكم وإمائكم إن يكونوا فقراء يغنهم الله من فضله والله واسع عليم
24	33	19	1	Ealimo	عَلِمْ	Ealima	V	STEM|POS:V|PERF|LEM:Ealima|ROOT:Elm|2MP	وَلْيَسْتَعْفِفِ ٱلَّذِينَ لَا يَجِدُونَ نِكَاحًا حَتَّىٰ يُغْنِيَهُمُ ٱللَّهُ مِن فَضْلِهِۦ وَٱلَّذِينَ يَبْتَغُونَ ٱلْكِتَٰبَ مِمَّا مَلَكَتْ أَيْمَٰنُكُمْ فَكَاتِبُوهُمْ إِنْ عَلِمْتُمْ فِيهِمْ خَيْرًا وَءَاتُوهُم مِّن مَّالِ ٱللَّهِ ٱلَّذِىٓ ءَاتَىٰكُمْ وَلَا تُكْرِهُوا۟ فَتَيَٰتِكُمْ عَلَى ٱلْبِغَآءِ إِنْ أَرَدْنَ تَحَصُّنًا لِّتَبْتَغُوا۟ عَرَضَ ٱلْحَيَوٰةِ ٱلدُّنْيَا وَمَن يُكْرِههُّنَّ فَإِنَّ ٱللَّهَ مِنۢ بَعْدِ إِكْرَٰهِهِنَّ غَفُورٌ رَّحِيمٌ	وليستعفف الذين لا يجدون نكاحا حتى يغنيهم الله من فضله والذين يبتغون الكتاب مما ملكت أيمانكم فكاتبوهم إن علمتم فيهم خيرا وآتوهم من مال الله الذي آتاكم ولا تكرهوا فتياتكم على البغاء إن أردن تحصنا لتبتغوا عرض الحياة الدنيا ومن يكرههن فإن الله من بعد إكراههن غفور رحيم
24	35	48	1	EaliymN	عَلِيمٌ	Ealiym	ADJ	STEM|POS:ADJ|LEM:Ealiym|ROOT:Elm|MS|INDEF|NOM	ٱللَّهُ نُورُ ٱلسَّمَٰوَٰتِ وَٱلْأَرْضِ مَثَلُ نُورِهِۦ كَمِشْكَوٰةٍ فِيهَا مِصْبَاحٌ ٱلْمِصْبَاحُ فِى زُجَاجَةٍ ٱلزُّجَاجَةُ كَأَنَّهَا كَوْكَبٌ دُرِّىٌّ يُوقَدُ مِن شَجَرَةٍ مُّبَٰرَكَةٍ زَيْتُونَةٍ لَّا شَرْقِيَّةٍ وَلَا غَرْبِيَّةٍ يَكَادُ زَيْتُهَا يُضِىٓءُ وَلَوْ لَمْ تَمْسَسْهُ نَارٌ نُّورٌ عَلَىٰ نُورٍ يَهْدِى ٱللَّهُ لِنُورِهِۦ مَن يَشَآءُ وَيَضْرِبُ ٱللَّهُ ٱلْأَمْثَٰلَ لِلنَّاسِ وَٱللَّهُ بِكُلِّ شَىْءٍ عَلِيمٌ	الله نور السماوات والأرض مثل نوره كمشكاة فيها مصباح المصباح في زجاجة الزجاجة كأنها كوكب دري يوقد من شجرة مباركة زيتونة لا شرقية ولا غربية يكاد زيتها يضيء ولو لم تمسسه نار نور على نور يهدي الله لنوره من يشاء ويضرب الله الأمثال للناس والله بكل شيء عليم
24	41	15	1	Ealima	عَلِمَ	Ealima	V	STEM|POS:V|PERF|LEM:Ealima|ROOT:Elm|3MS	أَلَمْ تَرَ أَنَّ ٱللَّهَ يُسَبِّحُ لَهُۥ مَن فِى ٱلسَّمَٰوَٰتِ وَٱلْأَرْضِ وَٱلطَّيْرُ صَٰٓفَّٰتٍ كُلٌّ قَدْ عَلِمَ صَلَاتَهُۥ وَتَسْبِيحَهُۥ وَٱللَّهُ عَلِيمٌۢ بِمَا يَفْعَلُونَ	ألم تر أن الله يسبح له من في السماوات والأرض والطير صافات كل قد علم صلاته وتسبيحه والله عليم بما يفعلون
24	41	19	1	EaliymN[	عَلِيمٌ[	Ealiym	ADJ	STEM|POS:ADJ|LEM:Ealiym|ROOT:Elm|MS|INDEF|NOM	أَلَمْ تَرَ أَنَّ ٱللَّهَ يُسَبِّحُ لَهُۥ مَن فِى ٱلسَّمَٰوَٰتِ وَٱلْأَرْضِ وَٱلطَّيْرُ صَٰٓفَّٰتٍ كُلٌّ قَدْ عَلِمَ صَلَاتَهُۥ وَتَسْبِيحَهُۥ وَٱللَّهُ عَلِيمٌۢ بِمَا يَفْعَلُونَ	ألم تر أن الله يسبح له من في السماوات والأرض والطير صافات كل قد علم صلاته وتسبيحه والله عليم بما يفعلون
24	58	48	1	EaliymN	عَلِيمٌ	Ealiym	ADJ	STEM|POS:ADJ|LEM:Ealiym|ROOT:Elm|MS|INDEF|NOM	يَٰٓأَيُّهَا ٱلَّذِينَ ءَامَنُوا۟ لِيَسْتَـْٔذِنكُمُ ٱلَّذِينَ مَلَكَتْ أَيْمَٰنُكُمْ وَٱلَّذِينَ لَمْ يَبْلُغُوا۟ ٱلْحُلُمَ مِنكُمْ ثَلَٰثَ مَرَّٰتٍ مِّن قَبْلِ صَلَوٰةِ ٱلْفَجْرِ وَحِينَ تَضَعُونَ ثِيَابَكُم مِّنَ ٱلظَّهِيرَةِ وَمِنۢ بَعْدِ صَلَوٰةِ ٱلْعِشَآءِ ثَلَٰثُ عَوْرَٰتٍ لَّكُمْ لَيْسَ عَلَيْكُمْ وَلَا عَلَيْهِمْ جُنَاحٌۢ بَعْدَهُنَّ طَوَّٰفُونَ عَلَيْكُم بَعْضُكُمْ عَلَىٰ بَعْضٍ كَذَٰلِكَ يُبَيِّنُ ٱللَّهُ لَكُمُ ٱلْـَٔايَٰتِ وَٱللَّهُ عَلِيمٌ حَكِيمٌ	يا أيها الذين آمنوا ليستأذنكم الذين ملكت أيمانكم والذين لم يبلغوا الحلم منكم ثلاث مرات من قبل صلاة الفجر وحين تضعون ثيابكم من الظهيرة ومن بعد صلاة العشاء ثلاث عورات لكم ليس عليكم ولا عليهم جناح بعدهن طوافون عليكم بعضكم على بعض كذلك يبين الله لكم الآيات والله عليم حكيم
24	59	18	1	EaliymN	عَلِيمٌ	Ealiym	ADJ	STEM|POS:ADJ|LEM:Ealiym|ROOT:Elm|MS|INDEF|NOM	وَإِذَا بَلَغَ ٱلْأَطْفَٰلُ مِنكُمُ ٱلْحُلُمَ فَلْيَسْتَـْٔذِنُوا۟ كَمَا ٱسْتَـْٔذَنَ ٱلَّذِينَ مِن قَبْلِهِمْ كَذَٰلِكَ يُبَيِّنُ ٱللَّهُ لَكُمْ ءَايَٰتِهِۦ وَٱللَّهُ عَلِيمٌ حَكِيمٌ	وإذا بلغ الأطفال منكم الحلم فليستأذنوا كما استأذن الذين من قبلهم كذلك يبين الله لكم آياته والله عليم حكيم
24	60	23	1	EaliymN	عَلِيمٌ	Ealiym	ADJ	STEM|POS:ADJ|LEM:Ealiym|ROOT:Elm|MS|INDEF|NOM	وَٱلْقَوَٰعِدُ مِنَ ٱلنِّسَآءِ ٱلَّٰتِى لَا يَرْجُونَ نِكَاحًا فَلَيْسَ عَلَيْهِنَّ جُنَاحٌ أَن يَضَعْنَ ثِيَابَهُنَّ غَيْرَ مُتَبَرِّجَٰتٍۭ بِزِينَةٍ وَأَن يَسْتَعْفِفْنَ خَيْرٌ لَّهُنَّ وَٱللَّهُ سَمِيعٌ عَلِيمٌ	والقواعد من النساء اللاتي لا يرجون نكاحا فليس عليهن جناح أن يضعن ثيابهن غير متبرجات بزينة وأن يستعففن خير لهن والله سميع عليم
24	63	10	1	yaEolamu	يَعْلَمُ	Ealima	V	STEM|POS:V|IMPF|LEM:Ealima|ROOT:Elm|3MS	لَّا تَجْعَلُوا۟ دُعَآءَ ٱلرَّسُولِ بَيْنَكُمْ كَدُعَآءِ بَعْضِكُم بَعْضًا قَدْ يَعْلَمُ ٱللَّهُ ٱلَّذِينَ يَتَسَلَّلُونَ مِنكُمْ لِوَاذًا فَلْيَحْذَرِ ٱلَّذِينَ يُخَالِفُونَ عَنْ أَمْرِهِۦٓ أَن تُصِيبَهُمْ فِتْنَةٌ أَوْ يُصِيبَهُمْ عَذَابٌ أَلِيمٌ	لا تجعلوا دعاء الرسول بينكم كدعاء بعضكم بعضا قد يعلم الله الذين يتسللون منكم لواذا فليحذر الذين يخالفون عن أمره أن تصيبهم فتنة أو يصيبهم عذاب أليم
24	64	9	1	yaEolamu	يَعْلَمُ	Ealima	V	STEM|POS:V|IMPF|LEM:Ealima|ROOT:Elm|3MS	أَلَآ إِنَّ لِلَّهِ مَا فِى ٱلسَّمَٰوَٰتِ وَٱلْأَرْضِ قَدْ يَعْلَمُ مَآ أَنتُمْ عَلَيْهِ وَيَوْمَ يُرْجَعُونَ إِلَيْهِ فَيُنَبِّئُهُم بِمَا عَمِلُوا۟ وَٱللَّهُ بِكُلِّ شَىْءٍ عَلِيمٌۢ	ألا إن لله ما في السماوات والأرض قد يعلم ما أنتم عليه ويوم يرجعون إليه فينبئهم بما عملوا والله بكل شيء عليم
24	64	22	1	EaliymN[	عَلِيمٌ[	Ealiym	ADJ	STEM|POS:ADJ|LEM:Ealiym|ROOT:Elm|MS|INDEF|NOM	أَلَآ إِنَّ لِلَّهِ مَا فِى ٱلسَّمَٰوَٰتِ وَٱلْأَرْضِ قَدْ يَعْلَمُ مَآ أَنتُمْ عَلَيْهِ وَيَوْمَ يُرْجَعُونَ إِلَيْهِ فَيُنَبِّئُهُم بِمَا عَمِلُوا۟ وَٱللَّهُ بِكُلِّ شَىْءٍ عَلِيمٌۢ	ألا إن لله ما في السماوات والأرض قد يعلم ما أنتم عليه ويوم يرجعون إليه فينبئهم بما عملوا والله بكل شيء عليم
25	1	8	3	Ea`lamiyna	عَٰلَمِينَ	Ea`lamiyn	N	STEM|POS:N|LEM:Ea`lamiyn|ROOT:Elm|MP|GEN	بِسْمِ ٱللَّهِ ٱلرَّحْمَٰنِ ٱلرَّحِيمِ تَبَارَكَ ٱلَّذِى نَزَّلَ ٱلْفُرْقَانَ عَلَىٰ عَبْدِهِۦ لِيَكُونَ لِلْعَٰلَمِينَ نَذِيرًا	بسم الله الرحمن الرحيم تبارك الذي نزل الفرقان على عبده ليكون للعالمين نذيرا
25	6	4	1	yaEolamu	يَعْلَمُ	Ealima	V	STEM|POS:V|IMPF|LEM:Ealima|ROOT:Elm|3MS	قُلْ أَنزَلَهُ ٱلَّذِى يَعْلَمُ ٱلسِّرَّ فِى ٱلسَّمَٰوَٰتِ وَٱلْأَرْضِ إِنَّهُۥ كَانَ غَفُورًا رَّحِيمًا	قل أنزله الذي يعلم السر في السماوات والأرض إنه كان غفورا رحيما
25	42	11	1	yaEolamu	يَعْلَمُ	Ealima	V	STEM|POS:V|IMPF|LEM:Ealima|ROOT:Elm|3MP	إِن كَادَ لَيُضِلُّنَا عَنْ ءَالِهَتِنَا لَوْلَآ أَن صَبَرْنَا عَلَيْهَا وَسَوْفَ يَعْلَمُونَ حِينَ يَرَوْنَ ٱلْعَذَابَ مَنْ أَضَلُّ سَبِيلًا	إن كاد ليضلنا عن آلهتنا لولا أن صبرنا عليها وسوف يعلمون حين يرون العذاب من أضل سبيلا
26	16	7	2	Ea`lamiyna	عَٰلَمِينَ	Ea`lamiyn	N	STEM|POS:N|LEM:Ea`lamiyn|ROOT:Elm|MP|GEN	فَأْتِيَا فِرْعَوْنَ فَقُولَآ إِنَّا رَسُولُ رَبِّ ٱلْعَٰلَمِينَ	فأتيا فرعون فقولا إنا رسول رب العالمين
26	23	5	2	Ea`lamiyna	عَٰلَمِينَ	Ea`lamiyn	N	STEM|POS:N|LEM:Ea`lamiyn|ROOT:Elm|MP|GEN	قَالَ فِرْعَوْنُ وَمَا رَبُّ ٱلْعَٰلَمِينَ	قال فرعون وما رب العالمين
26	34	7	1	EaliymN	عَلِيمٌ	Ealiym	ADJ	STEM|POS:ADJ|LEM:Ealiym|ROOT:Elm|MS|INDEF|NOM	قَالَ لِلْمَلَإِ حَوْلَهُۥٓ إِنَّ هَٰذَا لَسَٰحِرٌ عَلِيمٌ	قال للملإ حوله إن هذا لساحر عليم
26	37	4	1	EaliymK	عَلِيمٍ	Ealiym	ADJ	STEM|POS:ADJ|LEM:Ealiym|ROOT:Elm|MS|INDEF|GEN	يَأْتُوكَ بِكُلِّ سَحَّارٍ عَلِيمٍ	يأتوك بكل سحار عليم
26	38	5	1	m~aEoluwmK	مَّعْلُومٍ	m~aEoluwm	N	STEM|POS:N|PASS|PCPL|LEM:m~aEoluwm|ROOT:Elm|M|INDEF|GEN	فَجُمِعَ ٱلسَّحَرَةُ لِمِيقَٰتِ يَوْمٍ مَّعْلُومٍ	فجمع السحرة لميقات يوم معلوم
26	47	4	2	Ea`lamiyna	عَٰلَمِينَ	Ea`lamiyn	N	STEM|POS:N|LEM:Ea`lamiyn|ROOT:Elm|MP|GEN	قَالُوٓا۟ ءَامَنَّا بِرَبِّ ٱلْعَٰلَمِينَ	قالوا آمنا برب العالمين
26	49	11	1	Eal~ama	عَلَّمَ	Eal~ama	V	STEM|POS:V|PERF|(II)|LEM:Eal~ama|ROOT:Elm|3MS	قَالَ ءَامَنتُمْ لَهُۥ قَبْلَ أَنْ ءَاذَنَ لَكُمْ إِنَّهُۥ لَكَبِيرُكُمُ ٱلَّذِى عَلَّمَكُمُ ٱلسِّحْرَ فَلَسَوْفَ تَعْلَمُونَ لَأُقَطِّعَنَّ أَيْدِيَكُمْ وَأَرْجُلَكُم مِّنْ خِلَٰفٍ وَلَأُصَلِّبَنَّكُمْ أَجْمَعِينَ	قال آمنتم له قبل أن آذن لكم إنه لكبيركم الذي علمكم السحر فلسوف تعلمون لأقطعن أيديكم وأرجلكم من خلاف ولأصلبنكم أجمعين
26	49	14	1	taEolamu	تَعْلَمُ	Ealima	V	STEM|POS:V|IMPF|LEM:Ealima|ROOT:Elm|2MP	قَالَ ءَامَنتُمْ لَهُۥ قَبْلَ أَنْ ءَاذَنَ لَكُمْ إِنَّهُۥ لَكَبِيرُكُمُ ٱلَّذِى عَلَّمَكُمُ ٱلسِّحْرَ فَلَسَوْفَ تَعْلَمُونَ لَأُقَطِّعَنَّ أَيْدِيَكُمْ وَأَرْجُلَكُم مِّنْ خِلَٰفٍ وَلَأُصَلِّبَنَّكُمْ أَجْمَعِينَ	قال آمنتم له قبل أن آذن لكم إنه لكبيركم الذي علمكم السحر فلسوف تعلمون لأقطعن أيديكم وأرجلكم من خلاف ولأصلبنكم أجمعين
26	77	6	2	Ea`lamiyna	عَٰلَمِينَ	Ea`lamiyn	N	STEM|POS:N|LEM:Ea`lamiyn|ROOT:Elm|MP|GEN	فَإِنَّهُمْ عَدُوٌّ لِّىٓ إِلَّا رَبَّ ٱلْعَٰلَمِينَ	فإنهم عدو لي إلا رب العالمين
26	98	4	2	Ea`lamiyna	عَٰلَمِينَ	Ea`lamiyn	N	STEM|POS:N|LEM:Ea`lamiyn|ROOT:Elm|MP|GEN	إِذْ نُسَوِّيكُم بِرَبِّ ٱلْعَٰلَمِينَ	إذ نسويكم برب العالمين
26	109	11	2	Ea`lamiyna	عَٰلَمِينَ	Ea`lamiyn	N	STEM|POS:N|LEM:Ea`lamiyn|ROOT:Elm|MP|GEN	وَمَآ أَسْـَٔلُكُمْ عَلَيْهِ مِنْ أَجْرٍ إِنْ أَجْرِىَ إِلَّا عَلَىٰ رَبِّ ٱلْعَٰلَمِينَ	وما أسألكم عليه من أجر إن أجري إلا على رب العالمين
26	112	3	1	Eilomi	عِلْمِ	Eilom	N	STEM|POS:N|LEM:Eilom|ROOT:Elm|M|NOM	قَالَ وَمَا عِلْمِى بِمَا كَانُوا۟ يَعْمَلُونَ	قال وما علمي بما كانوا يعملون
26	127	11	2	Ea`lamiyna	عَٰلَمِينَ	Ea`lamiyn	N	STEM|POS:N|LEM:Ea`lamiyn|ROOT:Elm|MP|GEN	وَمَآ أَسْـَٔلُكُمْ عَلَيْهِ مِنْ أَجْرٍ إِنْ أَجْرِىَ إِلَّا عَلَىٰ رَبِّ ٱلْعَٰلَمِينَ	وما أسألكم عليه من أجر إن أجري إلا على رب العالمين
26	132	5	1	taEolamu	تَعْلَمُ	Ealima	V	STEM|POS:V|IMPF|LEM:Ealima|ROOT:Elm|2MP	وَٱتَّقُوا۟ ٱلَّذِىٓ أَمَدَّكُم بِمَا تَعْلَمُونَ	واتقوا الذي أمدكم بما تعلمون
26	145	11	2	Ea`lamiyna	عَٰلَمِينَ	Ea`lamiyn	N	STEM|POS:N|LEM:Ea`lamiyn|ROOT:Elm|MP|GEN	وَمَآ أَسْـَٔلُكُمْ عَلَيْهِ مِنْ أَجْرٍ إِنْ أَجْرِىَ إِلَّا عَلَىٰ رَبِّ ٱلْعَٰلَمِينَ	وما أسألكم عليه من أجر إن أجري إلا على رب العالمين
26	155	9	1	m~aEoluwmK	مَّعْلُومٍ	m~aEoluwm	N	STEM|POS:N|PASS|PCPL|LEM:m~aEoluwm|ROOT:Elm|M|INDEF|GEN	قَالَ هَٰذِهِۦ نَاقَةٌ لَّهَا شِرْبٌ وَلَكُمْ شِرْبُ يَوْمٍ مَّعْلُومٍ	قال هذه ناقة لها شرب ولكم شرب يوم معلوم
26	164	11	2	Ea`lamiyna	عَٰلَمِينَ	Ea`lamiyn	N	STEM|POS:N|LEM:Ea`lamiyn|ROOT:Elm|MP|GEN	وَمَآ أَسْـَٔلُكُمْ عَلَيْهِ مِنْ أَجْرٍ إِنْ أَجْرِىَ إِلَّا عَلَىٰ رَبِّ ٱلْعَٰلَمِينَ	وما أسألكم عليه من أجر إن أجري إلا على رب العالمين
26	165	4	2	Ea`lamiyna	عَٰلَمِينَ	Ea`lamiyn	N	STEM|POS:N|LEM:Ea`lamiyn|ROOT:Elm|MP|GEN	أَتَأْتُونَ ٱلذُّكْرَانَ مِنَ ٱلْعَٰلَمِينَ	أتأتون الذكران من العالمين
26	180	11	2	Ea`lamiyna	عَٰلَمِينَ	Ea`lamiyn	N	STEM|POS:N|LEM:Ea`lamiyn|ROOT:Elm|MP|GEN	وَمَآ أَسْـَٔلُكُمْ عَلَيْهِ مِنْ أَجْرٍ إِنْ أَجْرِىَ إِلَّا عَلَىٰ رَبِّ ٱلْعَٰلَمِينَ	وما أسألكم عليه من أجر إن أجري إلا على رب العالمين
26	188	3	1	>aEolamu	أَعْلَمُ	>aEolam	ADJ	STEM|POS:ADJ|LEM:>aEolam|ROOT:Elm|MS|NOM	قَالَ رَبِّىٓ أَعْلَمُ بِمَا تَعْمَلُونَ	قال ربي أعلم بما تعملون
26	192	4	2	Ea`lamiyna	عَٰلَمِينَ	Ea`lamiyn	N	STEM|POS:N|LEM:Ea`lamiyn|ROOT:Elm|MP|GEN	وَإِنَّهُۥ لَتَنزِيلُ رَبِّ ٱلْعَٰلَمِينَ	وإنه لتنزيل رب العالمين
26	197	6	1	yaEolama	يَعْلَمَ	Ealima	V	STEM|POS:V|IMPF|LEM:Ealima|ROOT:Elm|3MS|MOOD:SUBJ	أَوَلَمْ يَكُن لَّهُمْ ءَايَةً أَن يَعْلَمَهُۥ عُلَمَٰٓؤُا۟ بَنِىٓ إِسْرَٰٓءِيلَ	أولم يكن لهم آية أن يعلمه علماء بني إسرائيل
26	197	7	1	Eulama`^&uA@	عُلَمَٰ^ؤُا@	Ealiym	N	STEM|POS:N|LEM:Ealiym|ROOT:Elm|MP|NOM	أَوَلَمْ يَكُن لَّهُمْ ءَايَةً أَن يَعْلَمَهُۥ عُلَمَٰٓؤُا۟ بَنِىٓ إِسْرَٰٓءِيلَ	أولم يكن لهم آية أن يعلمه علماء بني إسرائيل
26	220	4	2	Ealiymu	عَلِيمُ	Ealiym	ADJ	STEM|POS:ADJ|LEM:Ealiym|ROOT:Elm|MS|NOM	إِنَّهُۥ هُوَ ٱلسَّمِيعُ ٱلْعَلِيمُ	إنه هو السميع العليم
26	227	14	3	yaEolamu	يَعْلَمُ	Ealima	V	STEM|POS:V|IMPF|LEM:Ealima|ROOT:Elm|3MS	إِلَّا ٱلَّذِينَ ءَامَنُوا۟ وَعَمِلُوا۟ ٱلصَّٰلِحَٰتِ وَذَكَرُوا۟ ٱللَّهَ كَثِيرًا وَٱنتَصَرُوا۟ مِنۢ بَعْدِ مَا ظُلِمُوا۟ وَسَيَعْلَمُ ٱلَّذِينَ ظَلَمُوٓا۟ أَىَّ مُنقَلَبٍ يَنقَلِبُونَ	إلا الذين آمنوا وعملوا الصالحات وذكروا الله كثيرا وانتصروا من بعد ما ظلموا وسيعلم الذين ظلموا أي منقلب ينقلبون
27	6	7	1	EaliymK	عَلِيمٍ	Ealiym	ADJ	STEM|POS:ADJ|LEM:Ealiym|ROOT:Elm|MS|INDEF|GEN	وَإِنَّكَ لَتُلَقَّى ٱلْقُرْءَانَ مِن لَّدُنْ حَكِيمٍ عَلِيمٍ	وإنك لتلقى القرآن من لدن حكيم عليم
27	8	14	2	Ea`lamiyna	عَٰلَمِينَ	Ea`lamiyn	N	STEM|POS:N|LEM:Ea`lamiyn|ROOT:Elm|MP|GEN	فَلَمَّا جَآءَهَا نُودِىَ أَنۢ بُورِكَ مَن فِى ٱلنَّارِ وَمَنْ حَوْلَهَا وَسُبْحَٰنَ ٱللَّهِ رَبِّ ٱلْعَٰلَمِينَ	فلما جاءها نودي أن بورك من في النار ومن حولها وسبحان الله رب العالمين
27	15	5	1	EilomFA	عِلْمًا	Eilom	N	STEM|POS:N|LEM:Eilom|ROOT:Elm|M|INDEF|ACC	وَلَقَدْ ءَاتَيْنَا دَاوُۥدَ وَسُلَيْمَٰنَ عِلْمًا وَقَالَا ٱلْحَمْدُ لِلَّهِ ٱلَّذِى فَضَّلَنَا عَلَىٰ كَثِيرٍ مِّنْ عِبَادِهِ ٱلْمُؤْمِنِينَ	ولقد آتينا داوود وسليمان علما وقالا الحمد لله الذي فضلنا على كثير من عباده المؤمنين
27	16	7	1	Eul~imo	عُلِّمْ	Eal~ama	V	STEM|POS:V|PERF|PASS|(II)|LEM:Eal~ama|ROOT:Elm|1P	وَوَرِثَ سُلَيْمَٰنُ دَاوُۥدَ وَقَالَ يَٰٓأَيُّهَا ٱلنَّاسُ عُلِّمْنَا مَنطِقَ ٱلطَّيْرِ وَأُوتِينَا مِن كُلِّ شَىْءٍ إِنَّ هَٰذَا لَهُوَ ٱلْفَضْلُ ٱلْمُبِينُ	وورث سليمان داوود وقال يا أيها الناس علمنا منطق الطير وأوتينا من كل شيء إن هذا لهو الفضل المبين
27	25	10	2	yaEolamu	يَعْلَمُ	Ealima	V	STEM|POS:V|IMPF|LEM:Ealima|ROOT:Elm|3MS	أَلَّا يَسْجُدُوا۟ لِلَّهِ ٱلَّذِى يُخْرِجُ ٱلْخَبْءَ فِى ٱلسَّمَٰوَٰتِ وَٱلْأَرْضِ وَيَعْلَمُ مَا تُخْفُونَ وَمَا تُعْلِنُونَ	ألا يسجدوا لله الذي يخرج الخبء في السماوات والأرض ويعلم ما تخفون وما تعلنون
27	40	4	1	EilomN	عِلْمٌ	Eilom	N	STEM|POS:N|LEM:Eilom|ROOT:Elm|M|INDEF|NOM	قَالَ ٱلَّذِى عِندَهُۥ عِلْمٌ مِّنَ ٱلْكِتَٰبِ أَنَا۠ ءَاتِيكَ بِهِۦ قَبْلَ أَن يَرْتَدَّ إِلَيْكَ طَرْفُكَ فَلَمَّا رَءَاهُ مُسْتَقِرًّا عِندَهُۥ قَالَ هَٰذَا مِن فَضْلِ رَبِّى لِيَبْلُوَنِىٓ ءَأَشْكُرُ أَمْ أَكْفُرُ وَمَن شَكَرَ فَإِنَّمَا يَشْكُرُ لِنَفْسِهِۦ وَمَن كَفَرَ فَإِنَّ رَبِّى غَنِىٌّ كَرِيمٌ	قال الذي عنده علم من الكتاب أنا آتيك به قبل أن يرتد إليك طرفك فلما رآه مستقرا عنده قال هذا من فضل ربي ليبلوني أأشكر أم أكفر ومن شكر فإنما يشكر لنفسه ومن كفر فإن ربي غني كريم
27	42	10	2	Eiloma	عِلْمَ	Eilom	N	STEM|POS:N|LEM:Eilom|ROOT:Elm|M|ACC	فَلَمَّا جَآءَتْ قِيلَ أَهَٰكَذَا عَرْشُكِ قَالَتْ كَأَنَّهُۥ هُوَ وَأُوتِينَا ٱلْعِلْمَ مِن قَبْلِهَا وَكُنَّا مُسْلِمِينَ	فلما جاءت قيل أهكذا عرشك قالت كأنه هو وأوتينا العلم من قبلها وكنا مسلمين
27	44	28	2	Ea`lamiyna	عَٰلَمِينَ	Ea`lamiyn	N	STEM|POS:N|LEM:Ea`lamiyn|ROOT:Elm|MP|GEN	قِيلَ لَهَا ٱدْخُلِى ٱلصَّرْحَ فَلَمَّا رَأَتْهُ حَسِبَتْهُ لُجَّةً وَكَشَفَتْ عَن سَاقَيْهَا قَالَ إِنَّهُۥ صَرْحٌ مُّمَرَّدٌ مِّن قَوَارِيرَ قَالَتْ رَبِّ إِنِّى ظَلَمْتُ نَفْسِى وَأَسْلَمْتُ مَعَ سُلَيْمَٰنَ لِلَّهِ رَبِّ ٱلْعَٰلَمِينَ	قيل لها ادخلي الصرح فلما رأته حسبته لجة وكشفت عن ساقيها قال إنه صرح ممرد من قوارير قالت رب إني ظلمت نفسي وأسلمت مع سليمان لله رب العالمين
27	52	11	1	yaEolamu	يَعْلَمُ	Ealima	V	STEM|POS:V|IMPF|LEM:Ealima|ROOT:Elm|3MP	فَتِلْكَ بُيُوتُهُمْ خَاوِيَةًۢ بِمَا ظَلَمُوٓا۟ إِنَّ فِى ذَٰلِكَ لَـَٔايَةً لِّقَوْمٍ يَعْلَمُونَ	فتلك بيوتهم خاوية بما ظلموا إن في ذلك لآية لقوم يعلمون
27	61	21	1	yaEolamu	يَعْلَمُ	Ealima	V	STEM|POS:V|IMPF|LEM:Ealima|ROOT:Elm|3MP	أَمَّن جَعَلَ ٱلْأَرْضَ قَرَارًا وَجَعَلَ خِلَٰلَهَآ أَنْهَٰرًا وَجَعَلَ لَهَا رَوَٰسِىَ وَجَعَلَ بَيْنَ ٱلْبَحْرَيْنِ حَاجِزًا أَءِلَٰهٌ مَّعَ ٱللَّهِ بَلْ أَكْثَرُهُمْ لَا يَعْلَمُونَ	أمن جعل الأرض قرارا وجعل خلالها أنهارا وجعل لها رواسي وجعل بين البحرين حاجزا أإله مع الله بل أكثرهم لا يعلمون
27	65	3	1	yaEolamu	يَعْلَمُ	Ealima	V	STEM|POS:V|IMPF|LEM:Ealima|ROOT:Elm|3MS	قُل لَّا يَعْلَمُ مَن فِى ٱلسَّمَٰوَٰتِ وَٱلْأَرْضِ ٱلْغَيْبَ إِلَّا ٱللَّهُ وَمَا يَشْعُرُونَ أَيَّانَ يُبْعَثُونَ	قل لا يعلم من في السماوات والأرض الغيب إلا الله وما يشعرون أيان يبعثون
27	66	3	1	Eilomu	عِلْمُ	Eilom	N	STEM|POS:N|LEM:Eilom|ROOT:Elm|M|NOM	بَلِ ٱدَّٰرَكَ عِلْمُهُمْ فِى ٱلْـَٔاخِرَةِ بَلْ هُمْ فِى شَكٍّ مِّنْهَا بَلْ هُم مِّنْهَا عَمُونَ	بل ادارك علمهم في الآخرة بل هم في شك منها بل هم منها عمون
27	74	3	2	yaEolamu	يَعْلَمُ	Ealima	V	STEM|POS:V|IMPF|LEM:Ealima|ROOT:Elm|3MS	وَإِنَّ رَبَّكَ لَيَعْلَمُ مَا تُكِنُّ صُدُورُهُمْ وَمَا يُعْلِنُونَ	وإن ربك ليعلم ما تكن صدورهم وما يعلنون
27	78	8	2	Ealiymu	عَلِيمُ	Ealiym	ADJ	STEM|POS:ADJ|LEM:Ealiym|ROOT:Elm|MS|NOM	إِنَّ رَبَّكَ يَقْضِى بَيْنَهُم بِحُكْمِهِۦ وَهُوَ ٱلْعَزِيزُ ٱلْعَلِيمُ	إن ربك يقضي بينهم بحكمه وهو العزيز العليم
27	84	10	1	EilomFA	عِلْمًا	Eilom	N	STEM|POS:N|LEM:Eilom|ROOT:Elm|M|INDEF|ACC	حَتَّىٰٓ إِذَا جَآءُو قَالَ أَكَذَّبْتُم بِـَٔايَٰتِى وَلَمْ تُحِيطُوا۟ بِهَا عِلْمًا أَمَّاذَا كُنتُمْ تَعْمَلُونَ	حتى إذا جاءوا قال أكذبتم بآياتي ولم تحيطوا بها علما أماذا كنتم تعملون
28	13	9	3	taEolama	تَعْلَمَ	Ealima	V	STEM|POS:V|IMPF|LEM:Ealima|ROOT:Elm|3FS|MOOD:SUBJ	فَرَدَدْنَٰهُ إِلَىٰٓ أُمِّهِۦ كَىْ تَقَرَّ عَيْنُهَا وَلَا تَحْزَنَ وَلِتَعْلَمَ أَنَّ وَعْدَ ٱللَّهِ حَقٌّ وَلَٰكِنَّ أَكْثَرَهُمْ لَا يَعْلَمُونَ	فرددناه إلى أمه كي تقر عينها ولا تحزن ولتعلم أن وعد الله حق ولكن أكثرهم لا يعلمون
28	13	17	1	yaEolamu	يَعْلَمُ	Ealima	V	STEM|POS:V|IMPF|LEM:Ealima|ROOT:Elm|3MP	فَرَدَدْنَٰهُ إِلَىٰٓ أُمِّهِۦ كَىْ تَقَرَّ عَيْنُهَا وَلَا تَحْزَنَ وَلِتَعْلَمَ أَنَّ وَعْدَ ٱللَّهِ حَقٌّ وَلَٰكِنَّ أَكْثَرَهُمْ لَا يَعْلَمُونَ	فرددناه إلى أمه كي تقر عينها ولا تحزن ولتعلم أن وعد الله حق ولكن أكثرهم لا يعلمون
28	14	7	2	EilomFA	عِلْمًا	Eilom	N	STEM|POS:N|LEM:Eilom|ROOT:Elm|M|INDEF|ACC	وَلَمَّا بَلَغَ أَشُدَّهُۥ وَٱسْتَوَىٰٓ ءَاتَيْنَٰهُ حُكْمًا وَعِلْمًا وَكَذَٰلِكَ نَجْزِى ٱلْمُحْسِنِينَ	ولما بلغ أشده واستوى آتيناه حكما وعلما وكذلك نجزي المحسنين
28	30	19	2	Ea`lamiyna	عَٰلَمِينَ	Ea`lamiyn	N	STEM|POS:N|LEM:Ea`lamiyn|ROOT:Elm|MP|GEN	فَلَمَّآ أَتَىٰهَا نُودِىَ مِن شَٰطِئِ ٱلْوَادِ ٱلْأَيْمَنِ فِى ٱلْبُقْعَةِ ٱلْمُبَٰرَكَةِ مِنَ ٱلشَّجَرَةِ أَن يَٰمُوسَىٰٓ إِنِّىٓ أَنَا ٱللَّهُ رَبُّ ٱلْعَٰلَمِينَ	فلما أتاها نودي من شاطئ الواد الأيمن في البقعة المباركة من الشجرة أن يا موسى إني أنا الله رب العالمين
28	37	4	1	>aEolamu	أَعْلَمُ	>aEolam	ADJ	STEM|POS:ADJ|LEM:>aEolam|ROOT:Elm|MS|NOM	وَقَالَ مُوسَىٰ رَبِّىٓ أَعْلَمُ بِمَن جَآءَ بِٱلْهُدَىٰ مِنْ عِندِهِۦ وَمَن تَكُونُ لَهُۥ عَٰقِبَةُ ٱلدَّارِ إِنَّهُۥ لَا يُفْلِحُ ٱلظَّٰلِمُونَ	وقال موسى ربي أعلم بمن جاء بالهدى من عنده ومن تكون له عاقبة الدار إنه لا يفلح الظالمون
28	38	6	1	Ealimo	عَلِمْ	Ealima	V	STEM|POS:V|PERF|LEM:Ealima|ROOT:Elm|1S	وَقَالَ فِرْعَوْنُ يَٰٓأَيُّهَا ٱلْمَلَأُ مَا عَلِمْتُ لَكُم مِّنْ إِلَٰهٍ غَيْرِى فَأَوْقِدْ لِى يَٰهَٰمَٰنُ عَلَى ٱلطِّينِ فَٱجْعَل لِّى صَرْحًا لَّعَلِّىٓ أَطَّلِعُ إِلَىٰٓ إِلَٰهِ مُوسَىٰ وَإِنِّى لَأَظُنُّهُۥ مِنَ ٱلْكَٰذِبِينَ	وقال فرعون يا أيها الملأ ما علمت لكم من إله غيري فأوقد لي يا هامان على الطين فاجعل لي صرحا لعلي أطلع إلى إله موسى وإني لأظنه من الكاذبين
28	50	5	2	{Eolamo	ٱعْلَمْ	Ealima	V	STEM|POS:V|IMPV|LEM:Ealima|ROOT:Elm|2MS	فَإِن لَّمْ يَسْتَجِيبُوا۟ لَكَ فَٱعْلَمْ أَنَّمَا يَتَّبِعُونَ أَهْوَآءَهُمْ وَمَنْ أَضَلُّ مِمَّنِ ٱتَّبَعَ هَوَىٰهُ بِغَيْرِ هُدًى مِّنَ ٱللَّهِ إِنَّ ٱللَّهَ لَا يَهْدِى ٱلْقَوْمَ ٱلظَّٰلِمِينَ	فإن لم يستجيبوا لك فاعلم أنما يتبعون أهواءهم ومن أضل ممن اتبع هواه بغير هدى من الله إن الله لا يهدي القوم الظالمين
28	56	12	1	>aEolamu	أَعْلَمُ	>aEolam	N	STEM|POS:N|LEM:>aEolam|ROOT:Elm|MS|NOM	إِنَّكَ لَا تَهْدِى مَنْ أَحْبَبْتَ وَلَٰكِنَّ ٱللَّهَ يَهْدِى مَن يَشَآءُ وَهُوَ أَعْلَمُ بِٱلْمُهْتَدِينَ	إنك لا تهدي من أحببت ولكن الله يهدي من يشاء وهو أعلم بالمهتدين
28	57	25	1	yaEolamu	يَعْلَمُ	Ealima	V	STEM|POS:V|IMPF|LEM:Ealima|ROOT:Elm|3MP	وَقَالُوٓا۟ إِن نَّتَّبِعِ ٱلْهُدَىٰ مَعَكَ نُتَخَطَّفْ مِنْ أَرْضِنَآ أَوَلَمْ نُمَكِّن لَّهُمْ حَرَمًا ءَامِنًا يُجْبَىٰٓ إِلَيْهِ ثَمَرَٰتُ كُلِّ شَىْءٍ رِّزْقًا مِّن لَّدُنَّا وَلَٰكِنَّ أَكْثَرَهُمْ لَا يَعْلَمُونَ	وقالوا إن نتبع الهدى معك نتخطف من أرضنا أولم نمكن لهم حرما آمنا يجبى إليه ثمرات كل شيء رزقا من لدنا ولكن أكثرهم لا يعلمون
28	69	2	1	yaEolamu	يَعْلَمُ	Ealima	V	STEM|POS:V|IMPF|LEM:Ealima|ROOT:Elm|3MS	وَرَبُّكَ يَعْلَمُ مَا تُكِنُّ صُدُورُهُمْ وَمَا يُعْلِنُونَ	وربك يعلم ما تكن صدورهم وما يعلنون
28	75	9	2	Ealimu	عَلِمُ	Ealima	V	STEM|POS:V|PERF|LEM:Ealima|ROOT:Elm|3MP	وَنَزَعْنَا مِن كُلِّ أُمَّةٍ شَهِيدًا فَقُلْنَا هَاتُوا۟ بُرْهَٰنَكُمْ فَعَلِمُوٓا۟ أَنَّ ٱلْحَقَّ لِلَّهِ وَضَلَّ عَنْهُم مَّا كَانُوا۟ يَفْتَرُونَ	ونزعنا من كل أمة شهيدا فقلنا هاتوا برهانكم فعلموا أن الحق لله وضل عنهم ما كانوا يفترون
28	78	5	1	EilomK	عِلْمٍ	Eilom	N	STEM|POS:N|LEM:Eilom|ROOT:Elm|M|INDEF|GEN	قَالَ إِنَّمَآ أُوتِيتُهُۥ عَلَىٰ عِلْمٍ عِندِىٓ أَوَلَمْ يَعْلَمْ أَنَّ ٱللَّهَ قَدْ أَهْلَكَ مِن قَبْلِهِۦ مِنَ ٱلْقُرُونِ مَنْ هُوَ أَشَدُّ مِنْهُ قُوَّةً وَأَكْثَرُ جَمْعًا وَلَا يُسْـَٔلُ عَن ذُنُوبِهِمُ ٱلْمُجْرِمُونَ	قال إنما أوتيته على علم عندي أولم يعلم أن الله قد أهلك من قبله من القرون من هو أشد منه قوة وأكثر جمعا ولا يسأل عن ذنوبهم المجرمون
28	78	8	1	yaEolamo	يَعْلَمْ	Ealima	V	STEM|POS:V|IMPF|LEM:Ealima|ROOT:Elm|3MS|MOOD:JUS	قَالَ إِنَّمَآ أُوتِيتُهُۥ عَلَىٰ عِلْمٍ عِندِىٓ أَوَلَمْ يَعْلَمْ أَنَّ ٱللَّهَ قَدْ أَهْلَكَ مِن قَبْلِهِۦ مِنَ ٱلْقُرُونِ مَنْ هُوَ أَشَدُّ مِنْهُ قُوَّةً وَأَكْثَرُ جَمْعًا وَلَا يُسْـَٔلُ عَن ذُنُوبِهِمُ ٱلْمُجْرِمُونَ	قال إنما أوتيته على علم عندي أولم يعلم أن الله قد أهلك من قبله من القرون من هو أشد منه قوة وأكثر جمعا ولا يسأل عن ذنوبهم المجرمون
28	80	4	2	Eiloma	عِلْمَ	Eilom	N	STEM|POS:N|LEM:Eilom|ROOT:Elm|M|ACC	وَقَالَ ٱلَّذِينَ أُوتُوا۟ ٱلْعِلْمَ وَيْلَكُمْ ثَوَابُ ٱللَّهِ خَيْرٌ لِّمَنْ ءَامَنَ وَعَمِلَ صَٰلِحًا وَلَا يُلَقَّىٰهَآ إِلَّا ٱلصَّٰبِرُونَ	وقال الذين أوتوا العلم ويلكم ثواب الله خير لمن آمن وعمل صالحا ولا يلقاها إلا الصابرون
28	85	11	1	>aEolamu	أَعْلَمُ	>aEolam	ADJ	STEM|POS:ADJ|LEM:>aEolam|ROOT:Elm|MS|NOM	إِنَّ ٱلَّذِى فَرَضَ عَلَيْكَ ٱلْقُرْءَانَ لَرَآدُّكَ إِلَىٰ مَعَادٍ قُل رَّبِّىٓ أَعْلَمُ مَن جَآءَ بِٱلْهُدَىٰ وَمَنْ هُوَ فِى ضَلَٰلٍ مُّبِينٍ	إن الذي فرض عليك القرآن لرادك إلى معاد قل ربي أعلم من جاء بالهدى ومن هو في ضلال مبين
29	3	6	3	yaEolama	يَعْلَمَ	Ealima	V	STEM|POS:V|IMPF|LEM:Ealima|ROOT:Elm|3MS	وَلَقَدْ فَتَنَّا ٱلَّذِينَ مِن قَبْلِهِمْ فَلَيَعْلَمَنَّ ٱللَّهُ ٱلَّذِينَ صَدَقُوا۟ وَلَيَعْلَمَنَّ ٱلْكَٰذِبِينَ	ولقد فتنا الذين من قبلهم فليعلمن الله الذين صدقوا وليعلمن الكاذبين
29	3	10	3	yaEolama	يَعْلَمَ	Ealima	V	STEM|POS:V|IMPF|LEM:Ealima|ROOT:Elm|3MS	وَلَقَدْ فَتَنَّا ٱلَّذِينَ مِن قَبْلِهِمْ فَلَيَعْلَمَنَّ ٱللَّهُ ٱلَّذِينَ صَدَقُوا۟ وَلَيَعْلَمَنَّ ٱلْكَٰذِبِينَ	ولقد فتنا الذين من قبلهم فليعلمن الله الذين صدقوا وليعلمن الكاذبين
29	5	12	2	Ealiymu	عَلِيمُ	Ealiym	ADJ	STEM|POS:ADJ|LEM:Ealiym|ROOT:Elm|MS|NOM	مَن كَانَ يَرْجُوا۟ لِقَآءَ ٱللَّهِ فَإِنَّ أَجَلَ ٱللَّهِ لَـَٔاتٍ وَهُوَ ٱلسَّمِيعُ ٱلْعَلِيمُ	من كان يرجو لقاء الله فإن أجل الله لآت وهو السميع العليم
29	6	10	2	Ea`lamiyna	عَٰلَمِينَ	Ea`lamiyn	N	STEM|POS:N|LEM:Ea`lamiyn|ROOT:Elm|MP|GEN	وَمَن جَٰهَدَ فَإِنَّمَا يُجَٰهِدُ لِنَفْسِهِۦٓ إِنَّ ٱللَّهَ لَغَنِىٌّ عَنِ ٱلْعَٰلَمِينَ	ومن جاهد فإنما يجاهد لنفسه إن الله لغني عن العالمين
29	8	13	1	EilomN	عِلْمٌ	Eilom	N	STEM|POS:N|LEM:Eilom|ROOT:Elm|M|INDEF|NOM	وَوَصَّيْنَا ٱلْإِنسَٰنَ بِوَٰلِدَيْهِ حُسْنًا وَإِن جَٰهَدَاكَ لِتُشْرِكَ بِى مَا لَيْسَ لَكَ بِهِۦ عِلْمٌ فَلَا تُطِعْهُمَآ إِلَىَّ مَرْجِعُكُمْ فَأُنَبِّئُكُم بِمَا كُنتُمْ تَعْمَلُونَ	ووصينا الإنسان بوالديه حسنا وإن جاهداك لتشرك بي ما ليس لك به علم فلا تطعهما إلي مرجعكم فأنبئكم بما كنتم تعملون
29	10	27	2	>aEolama	أَعْلَمَ	>aEolam	N	STEM|POS:N|LEM:>aEolam|ROOT:Elm|MS|GEN	وَمِنَ ٱلنَّاسِ مَن يَقُولُ ءَامَنَّا بِٱللَّهِ فَإِذَآ أُوذِىَ فِى ٱللَّهِ جَعَلَ فِتْنَةَ ٱلنَّاسِ كَعَذَابِ ٱللَّهِ وَلَئِن جَآءَ نَصْرٌ مِّن رَّبِّكَ لَيَقُولُنَّ إِنَّا كُنَّا مَعَكُمْ أَوَلَيْسَ ٱللَّهُ بِأَعْلَمَ بِمَا فِى صُدُورِ ٱلْعَٰلَمِينَ	ومن الناس من يقول آمنا بالله فإذا أوذي في الله جعل فتنة الناس كعذاب الله ولئن جاء نصر من ربك ليقولن إنا كنا معكم أوليس الله بأعلم بما في صدور العالمين
29	10	31	2	Ea`lamiyna	عَٰلَمِينَ	Ea`lamiyn	N	STEM|POS:N|LEM:Ea`lamiyn|ROOT:Elm|MP|GEN	وَمِنَ ٱلنَّاسِ مَن يَقُولُ ءَامَنَّا بِٱللَّهِ فَإِذَآ أُوذِىَ فِى ٱللَّهِ جَعَلَ فِتْنَةَ ٱلنَّاسِ كَعَذَابِ ٱللَّهِ وَلَئِن جَآءَ نَصْرٌ مِّن رَّبِّكَ لَيَقُولُنَّ إِنَّا كُنَّا مَعَكُمْ أَوَلَيْسَ ٱللَّهُ بِأَعْلَمَ بِمَا فِى صُدُورِ ٱلْعَٰلَمِينَ	ومن الناس من يقول آمنا بالله فإذا أوذي في الله جعل فتنة الناس كعذاب الله ولئن جاء نصر من ربك ليقولن إنا كنا معكم أوليس الله بأعلم بما في صدور العالمين
29	11	1	3	yaEolama	يَعْلَمَ	Ealima	V	STEM|POS:V|IMPF|LEM:Ealima|ROOT:Elm|3MS	وَلَيَعْلَمَنَّ ٱللَّهُ ٱلَّذِينَ ءَامَنُوا۟ وَلَيَعْلَمَنَّ ٱلْمُنَٰفِقِينَ	وليعلمن الله الذين آمنوا وليعلمن المنافقين
29	11	5	3	yaEolama	يَعْلَمَ	Ealima	V	STEM|POS:V|IMPF|LEM:Ealima|ROOT:Elm|3MS	وَلَيَعْلَمَنَّ ٱللَّهُ ٱلَّذِينَ ءَامَنُوا۟ وَلَيَعْلَمَنَّ ٱلْمُنَٰفِقِينَ	وليعلمن الله الذين آمنوا وليعلمن المنافقين
29	15	6	3	Ea`lamiyna	عَٰلَمِينَ	Ea`lamiyn	N	STEM|POS:N|LEM:Ea`lamiyn|ROOT:Elm|MP|GEN	فَأَنجَيْنَٰهُ وَأَصْحَٰبَ ٱلسَّفِينَةِ وَجَعَلْنَٰهَآ ءَايَةً لِّلْعَٰلَمِينَ	فأنجيناه وأصحاب السفينة وجعلناها آية للعالمين
29	16	13	1	taEolamu	تَعْلَمُ	Ealima	V	STEM|POS:V|IMPF|LEM:Ealima|ROOT:Elm|2MP	وَإِبْرَٰهِيمَ إِذْ قَالَ لِقَوْمِهِ ٱعْبُدُوا۟ ٱللَّهَ وَٱتَّقُوهُ ذَٰلِكُمْ خَيْرٌ لَّكُمْ إِن كُنتُمْ تَعْلَمُونَ	وإبراهيم إذ قال لقومه اعبدوا الله واتقوه ذلكم خير لكم إن كنتم تعلمون
29	28	14	2	Ea`lamiyna	عَٰلَمِينَ	Ea`lamiyn	N	STEM|POS:N|LEM:Ea`lamiyn|ROOT:Elm|MP|GEN	وَلُوطًا إِذْ قَالَ لِقَوْمِهِۦٓ إِنَّكُمْ لَتَأْتُونَ ٱلْفَٰحِشَةَ مَا سَبَقَكُم بِهَا مِنْ أَحَدٍ مِّنَ ٱلْعَٰلَمِينَ	ولوطا إذ قال لقومه إنكم لتأتون الفاحشة ما سبقكم بها من أحد من العالمين
29	32	7	1	>aEolamu	أَعْلَمُ	>aEolam	N	STEM|POS:N|LEM:>aEolam|ROOT:Elm|MS|NOM	قَالَ إِنَّ فِيهَا لُوطًا قَالُوا۟ نَحْنُ أَعْلَمُ بِمَن فِيهَا لَنُنَجِّيَنَّهُۥ وَأَهْلَهُۥٓ إِلَّا ٱمْرَأَتَهُۥ كَانَتْ مِنَ ٱلْغَٰبِرِينَ	قال إن فيها لوطا قالوا نحن أعلم بمن فيها لننجينه وأهله إلا امرأته كانت من الغابرين
29	41	19	1	yaEolamu	يَعْلَمُ	Ealima	V	STEM|POS:V|IMPF|LEM:Ealima|ROOT:Elm|3MP	مَثَلُ ٱلَّذِينَ ٱتَّخَذُوا۟ مِن دُونِ ٱللَّهِ أَوْلِيَآءَ كَمَثَلِ ٱلْعَنكَبُوتِ ٱتَّخَذَتْ بَيْتًا وَإِنَّ أَوْهَنَ ٱلْبُيُوتِ لَبَيْتُ ٱلْعَنكَبُوتِ لَوْ كَانُوا۟ يَعْلَمُونَ	مثل الذين اتخذوا من دون الله أولياء كمثل العنكبوت اتخذت بيتا وإن أوهن البيوت لبيت العنكبوت لو كانوا يعلمون
29	42	3	1	yaEolamu	يَعْلَمُ	Ealima	V	STEM|POS:V|IMPF|LEM:Ealima|ROOT:Elm|3MS	إِنَّ ٱللَّهَ يَعْلَمُ مَا يَدْعُونَ مِن دُونِهِۦ مِن شَىْءٍ وَهُوَ ٱلْعَزِيزُ ٱلْحَكِيمُ	إن الله يعلم ما يدعون من دونه من شيء وهو العزيز الحكيم
29	43	8	2	Ea`limuwna	عَٰلِمُونَ	Ea`lim	N	STEM|POS:N|ACT|PCPL|LEM:Ea`lim|ROOT:Elm|MP|NOM	وَتِلْكَ ٱلْأَمْثَٰلُ نَضْرِبُهَا لِلنَّاسِ وَمَا يَعْقِلُهَآ إِلَّا ٱلْعَٰلِمُونَ	وتلك الأمثال نضربها للناس وما يعقلها إلا العالمون
29	45	19	1	yaEolamu	يَعْلَمُ	Ealima	V	STEM|POS:V|IMPF|LEM:Ealima|ROOT:Elm|3MS	ٱتْلُ مَآ أُوحِىَ إِلَيْكَ مِنَ ٱلْكِتَٰبِ وَأَقِمِ ٱلصَّلَوٰةَ إِنَّ ٱلصَّلَوٰةَ تَنْهَىٰ عَنِ ٱلْفَحْشَآءِ وَٱلْمُنكَرِ وَلَذِكْرُ ٱللَّهِ أَكْبَرُ وَٱللَّهُ يَعْلَمُ مَا تَصْنَعُونَ	اتل ما أوحي إليك من الكتاب وأقم الصلاة إن الصلاة تنهى عن الفحشاء والمنكر ولذكر الله أكبر والله يعلم ما تصنعون
29	49	9	2	Eiloma	عِلْمَ	Eilom	N	STEM|POS:N|LEM:Eilom|ROOT:Elm|M|ACC	بَلْ هُوَ ءَايَٰتٌۢ بَيِّنَٰتٌ فِى صُدُورِ ٱلَّذِينَ أُوتُوا۟ ٱلْعِلْمَ وَمَا يَجْحَدُ بِـَٔايَٰتِنَآ إِلَّا ٱلظَّٰلِمُونَ	بل هو آيات بينات في صدور الذين أوتوا العلم وما يجحد بآياتنا إلا الظالمون
29	52	7	1	yaEolamu	يَعْلَمُ	Ealima	V	STEM|POS:V|IMPF|LEM:Ealima|ROOT:Elm|3MS	قُلْ كَفَىٰ بِٱللَّهِ بَيْنِى وَبَيْنَكُمْ شَهِيدًا يَعْلَمُ مَا فِى ٱلسَّمَٰوَٰتِ وَٱلْأَرْضِ وَٱلَّذِينَ ءَامَنُوا۟ بِٱلْبَٰطِلِ وَكَفَرُوا۟ بِٱللَّهِ أُو۟لَٰٓئِكَ هُمُ ٱلْخَٰسِرُونَ	قل كفى بالله بيني وبينكم شهيدا يعلم ما في السماوات والأرض والذين آمنوا بالباطل وكفروا بالله أولئك هم الخاسرون
29	60	12	2	Ealiymu	عَلِيمُ	Ealiym	ADJ	STEM|POS:ADJ|LEM:Ealiym|ROOT:Elm|MS|NOM	وَكَأَيِّن مِّن دَآبَّةٍ لَّا تَحْمِلُ رِزْقَهَا ٱللَّهُ يَرْزُقُهَا وَإِيَّاكُمْ وَهُوَ ٱلسَّمِيعُ ٱلْعَلِيمُ	وكأين من دابة لا تحمل رزقها الله يرزقها وإياكم وهو السميع العليم
29	62	14	1	EaliymN	عَلِيمٌ	Ealiym	ADJ	STEM|POS:ADJ|LEM:Ealiym|ROOT:Elm|MS|INDEF|NOM	ٱللَّهُ يَبْسُطُ ٱلرِّزْقَ لِمَن يَشَآءُ مِنْ عِبَادِهِۦ وَيَقْدِرُ لَهُۥٓ إِنَّ ٱللَّهَ بِكُلِّ شَىْءٍ عَلِيمٌ	الله يبسط الرزق لمن يشاء من عباده ويقدر له إن الله بكل شيء عليم
29	64	15	1	yaEolamu	يَعْلَمُ	Ealima	V	STEM|POS:V|IMPF|LEM:Ealima|ROOT:Elm|3MP	وَمَا هَٰذِهِ ٱلْحَيَوٰةُ ٱلدُّنْيَآ إِلَّا لَهْوٌ وَلَعِبٌ وَإِنَّ ٱلدَّارَ ٱلْـَٔاخِرَةَ لَهِىَ ٱلْحَيَوَانُ لَوْ كَانُوا۟ يَعْلَمُونَ	وما هذه الحياة الدنيا إلا لهو ولعب وإن الدار الآخرة لهي الحيوان لو كانوا يعلمون
29	66	6	1	yaEolamu	يَعْلَمُ	Ealima	V	STEM|POS:V|IMPF|LEM:Ealima|ROOT:Elm|3MP	لِيَكْفُرُوا۟ بِمَآ ءَاتَيْنَٰهُمْ وَلِيَتَمَتَّعُوا۟ فَسَوْفَ يَعْلَمُونَ	ليكفروا بما آتيناهم وليتمتعوا فسوف يعلمون
30	6	11	1	yaEolamu	يَعْلَمُ	Ealima	V	STEM|POS:V|IMPF|LEM:Ealima|ROOT:Elm|3MP	وَعْدَ ٱللَّهِ لَا يُخْلِفُ ٱللَّهُ وَعْدَهُۥ وَلَٰكِنَّ أَكْثَرَ ٱلنَّاسِ لَا يَعْلَمُونَ	وعد الله لا يخلف الله وعده ولكن أكثر الناس لا يعلمون
30	7	1	1	yaEolamu	يَعْلَمُ	Ealima	V	STEM|POS:V|IMPF|LEM:Ealima|ROOT:Elm|3MP	يَعْلَمُونَ ظَٰهِرًا مِّنَ ٱلْحَيَوٰةِ ٱلدُّنْيَا وَهُمْ عَنِ ٱلْـَٔاخِرَةِ هُمْ غَٰفِلُونَ	يعلمون ظاهرا من الحياة الدنيا وهم عن الآخرة هم غافلون
30	22	13	3	Ea`limiyna	عَٰلِمِينَ	Ea`lim	N	STEM|POS:N|ACT|PCPL|LEM:Ea`lim|ROOT:Elm|MP|GEN	وَمِنْ ءَايَٰتِهِۦ خَلْقُ ٱلسَّمَٰوَٰتِ وَٱلْأَرْضِ وَٱخْتِلَٰفُ أَلْسِنَتِكُمْ وَأَلْوَٰنِكُمْ إِنَّ فِى ذَٰلِكَ لَـَٔايَٰتٍ لِّلْعَٰلِمِينَ	ومن آياته خلق السماوات والأرض واختلاف ألسنتكم وألوانكم إن في ذلك لآيات للعالمين
30	29	7	1	EilomK	عِلْمٍ	Eilom	N	STEM|POS:N|LEM:Eilom|ROOT:Elm|M|INDEF|GEN	بَلِ ٱتَّبَعَ ٱلَّذِينَ ظَلَمُوٓا۟ أَهْوَآءَهُم بِغَيْرِ عِلْمٍ فَمَن يَهْدِى مَنْ أَضَلَّ ٱللَّهُ وَمَا لَهُم مِّن نَّٰصِرِينَ	بل اتبع الذين ظلموا أهواءهم بغير علم فمن يهدي من أضل الله وما لهم من ناصرين
30	30	22	1	yaEolamu	يَعْلَمُ	Ealima	V	STEM|POS:V|IMPF|LEM:Ealima|ROOT:Elm|3MP	فَأَقِمْ وَجْهَكَ لِلدِّينِ حَنِيفًا فِطْرَتَ ٱللَّهِ ٱلَّتِى فَطَرَ ٱلنَّاسَ عَلَيْهَا لَا تَبْدِيلَ لِخَلْقِ ٱللَّهِ ذَٰلِكَ ٱلدِّينُ ٱلْقَيِّمُ وَلَٰكِنَّ أَكْثَرَ ٱلنَّاسِ لَا يَعْلَمُونَ	فأقم وجهك للدين حنيفا فطرت الله التي فطر الناس عليها لا تبديل لخلق الله ذلك الدين القيم ولكن أكثر الناس لا يعلمون
30	34	6	1	taEolamu	تَعْلَمُ	Ealima	V	STEM|POS:V|IMPF|LEM:Ealima|ROOT:Elm|2MP	لِيَكْفُرُوا۟ بِمَآ ءَاتَيْنَٰهُمْ فَتَمَتَّعُوا۟ فَسَوْفَ تَعْلَمُونَ	ليكفروا بما آتيناهم فتمتعوا فسوف تعلمون
30	54	23	2	Ealiymu	عَلِيمُ	Ealiym	N	STEM|POS:N|LEM:Ealiym|ROOT:Elm|MS|NOM	ٱللَّهُ ٱلَّذِى خَلَقَكُم مِّن ضَعْفٍ ثُمَّ جَعَلَ مِنۢ بَعْدِ ضَعْفٍ قُوَّةً ثُمَّ جَعَلَ مِنۢ بَعْدِ قُوَّةٍ ضَعْفًا وَشَيْبَةً يَخْلُقُ مَا يَشَآءُ وَهُوَ ٱلْعَلِيمُ ٱلْقَدِيرُ	الله الذي خلقكم من ضعف ثم جعل من بعد ضعف قوة ثم جعل من بعد قوة ضعفا وشيبة يخلق ما يشاء وهو العليم القدير
30	56	4	2	Eiloma	عِلْمَ	Eilom	N	STEM|POS:N|LEM:Eilom|ROOT:Elm|M|ACC	وَقَالَ ٱلَّذِينَ أُوتُوا۟ ٱلْعِلْمَ وَٱلْإِيمَٰنَ لَقَدْ لَبِثْتُمْ فِى كِتَٰبِ ٱللَّهِ إِلَىٰ يَوْمِ ٱلْبَعْثِ فَهَٰذَا يَوْمُ ٱلْبَعْثِ وَلَٰكِنَّكُمْ كُنتُمْ لَا تَعْلَمُونَ	وقال الذين أوتوا العلم والإيمان لقد لبثتم في كتاب الله إلى يوم البعث فهذا يوم البعث ولكنكم كنتم لا تعلمون
30	56	20	1	taEolamu	تَعْلَمُ	Ealima	V	STEM|POS:V|IMPF|LEM:Ealima|ROOT:Elm|2MP	وَقَالَ ٱلَّذِينَ أُوتُوا۟ ٱلْعِلْمَ وَٱلْإِيمَٰنَ لَقَدْ لَبِثْتُمْ فِى كِتَٰبِ ٱللَّهِ إِلَىٰ يَوْمِ ٱلْبَعْثِ فَهَٰذَا يَوْمُ ٱلْبَعْثِ وَلَٰكِنَّكُمْ كُنتُمْ لَا تَعْلَمُونَ	وقال الذين أوتوا العلم والإيمان لقد لبثتم في كتاب الله إلى يوم البعث فهذا يوم البعث ولكنكم كنتم لا تعلمون
30	59	8	1	yaEolamu	يَعْلَمُ	Ealima	V	STEM|POS:V|IMPF|LEM:Ealima|ROOT:Elm|3MP	كَذَٰلِكَ يَطْبَعُ ٱللَّهُ عَلَىٰ قُلُوبِ ٱلَّذِينَ لَا يَعْلَمُونَ	كذلك يطبع الله على قلوب الذين لا يعلمون
31	6	12	1	EilomK	عِلْمٍ	Eilom	N	STEM|POS:N|LEM:Eilom|ROOT:Elm|M|INDEF|GEN	وَمِنَ ٱلنَّاسِ مَن يَشْتَرِى لَهْوَ ٱلْحَدِيثِ لِيُضِلَّ عَن سَبِيلِ ٱللَّهِ بِغَيْرِ عِلْمٍ وَيَتَّخِذَهَا هُزُوًا أُو۟لَٰٓئِكَ لَهُمْ عَذَابٌ مُّهِينٌ	ومن الناس من يشتري لهو الحديث ليضل عن سبيل الله بغير علم ويتخذها هزوا أولئك لهم عذاب مهين
31	15	11	1	EilomN	عِلْمٌ	Eilom	N	STEM|POS:N|LEM:Eilom|ROOT:Elm|M|INDEF|NOM	وَإِن جَٰهَدَاكَ عَلَىٰٓ أَن تُشْرِكَ بِى مَا لَيْسَ لَكَ بِهِۦ عِلْمٌ فَلَا تُطِعْهُمَا وَصَاحِبْهُمَا فِى ٱلدُّنْيَا مَعْرُوفًا وَٱتَّبِعْ سَبِيلَ مَنْ أَنَابَ إِلَىَّ ثُمَّ إِلَىَّ مَرْجِعُكُمْ فَأُنَبِّئُكُم بِمَا كُنتُمْ تَعْمَلُونَ	وإن جاهداك على أن تشرك بي ما ليس لك به علم فلا تطعهما وصاحبهما في الدنيا معروفا واتبع سبيل من أناب إلي ثم إلي مرجعكم فأنبئكم بما كنتم تعملون
31	20	25	1	EilomK	عِلْمٍ	Eilom	N	STEM|POS:N|LEM:Eilom|ROOT:Elm|M|INDEF|GEN	أَلَمْ تَرَوْا۟ أَنَّ ٱللَّهَ سَخَّرَ لَكُم مَّا فِى ٱلسَّمَٰوَٰتِ وَمَا فِى ٱلْأَرْضِ وَأَسْبَغَ عَلَيْكُمْ نِعَمَهُۥ ظَٰهِرَةً وَبَاطِنَةً وَمِنَ ٱلنَّاسِ مَن يُجَٰدِلُ فِى ٱللَّهِ بِغَيْرِ عِلْمٍ وَلَا هُدًى وَلَا كِتَٰبٍ مُّنِيرٍ	ألم تروا أن الله سخر لكم ما في السماوات وما في الأرض وأسبغ عليكم نعمه ظاهرة وباطنة ومن الناس من يجادل في الله بغير علم ولا هدى ولا كتاب منير
31	23	13	1	EaliymN[	عَلِيمٌ[	Ealiym	ADJ	STEM|POS:ADJ|LEM:Ealiym|ROOT:Elm|MS|INDEF|NOM	وَمَن كَفَرَ فَلَا يَحْزُنكَ كُفْرُهُۥٓ إِلَيْنَا مَرْجِعُهُمْ فَنُنَبِّئُهُم بِمَا عَمِلُوٓا۟ إِنَّ ٱللَّهَ عَلِيمٌۢ بِذَاتِ ٱلصُّدُورِ	ومن كفر فلا يحزنك كفره إلينا مرجعهم فننبئهم بما عملوا إن الله عليم بذات الصدور
31	25	15	1	yaEolamu	يَعْلَمُ	Ealima	V	STEM|POS:V|IMPF|LEM:Ealima|ROOT:Elm|3MP	وَلَئِن سَأَلْتَهُم مَّنْ خَلَقَ ٱلسَّمَٰوَٰتِ وَٱلْأَرْضَ لَيَقُولُنَّ ٱللَّهُ قُلِ ٱلْحَمْدُ لِلَّهِ بَلْ أَكْثَرُهُمْ لَا يَعْلَمُونَ	ولئن سألتهم من خلق السماوات والأرض ليقولن الله قل الحمد لله بل أكثرهم لا يعلمون
31	34	4	1	Eilomu	عِلْمُ	Eilom	N	STEM|POS:N|LEM:Eilom|ROOT:Elm|M|NOM	إِنَّ ٱللَّهَ عِندَهُۥ عِلْمُ ٱلسَّاعَةِ وَيُنَزِّلُ ٱلْغَيْثَ وَيَعْلَمُ مَا فِى ٱلْأَرْحَامِ وَمَا تَدْرِى نَفْسٌ مَّاذَا تَكْسِبُ غَدًا وَمَا تَدْرِى نَفْسٌۢ بِأَىِّ أَرْضٍ تَمُوتُ إِنَّ ٱللَّهَ عَلِيمٌ خَبِيرٌۢ	إن الله عنده علم الساعة وينزل الغيث ويعلم ما في الأرحام وما تدري نفس ماذا تكسب غدا وما تدري نفس بأي أرض تموت إن الله عليم خبير
31	34	8	2	yaEolamu	يَعْلَمُ	Ealima	V	STEM|POS:V|IMPF|LEM:Ealima|ROOT:Elm|3MS	إِنَّ ٱللَّهَ عِندَهُۥ عِلْمُ ٱلسَّاعَةِ وَيُنَزِّلُ ٱلْغَيْثَ وَيَعْلَمُ مَا فِى ٱلْأَرْحَامِ وَمَا تَدْرِى نَفْسٌ مَّاذَا تَكْسِبُ غَدًا وَمَا تَدْرِى نَفْسٌۢ بِأَىِّ أَرْضٍ تَمُوتُ إِنَّ ٱللَّهَ عَلِيمٌ خَبِيرٌۢ	إن الله عنده علم الساعة وينزل الغيث ويعلم ما في الأرحام وما تدري نفس ماذا تكسب غدا وما تدري نفس بأي أرض تموت إن الله عليم خبير
31	34	26	1	EaliymN	عَلِيمٌ	Ealiym	ADJ	STEM|POS:ADJ|LEM:Ealiym|ROOT:Elm|MS|INDEF|NOM	إِنَّ ٱللَّهَ عِندَهُۥ عِلْمُ ٱلسَّاعَةِ وَيُنَزِّلُ ٱلْغَيْثَ وَيَعْلَمُ مَا فِى ٱلْأَرْحَامِ وَمَا تَدْرِى نَفْسٌ مَّاذَا تَكْسِبُ غَدًا وَمَا تَدْرِى نَفْسٌۢ بِأَىِّ أَرْضٍ تَمُوتُ إِنَّ ٱللَّهَ عَلِيمٌ خَبِيرٌۢ	إن الله عنده علم الساعة وينزل الغيث ويعلم ما في الأرحام وما تدري نفس ماذا تكسب غدا وما تدري نفس بأي أرض تموت إن الله عليم خبير
32	2	8	2	Ea`lamiyna	عَٰلَمِينَ	Ea`lamiyn	N	STEM|POS:N|LEM:Ea`lamiyn|ROOT:Elm|MP|GEN	تَنزِيلُ ٱلْكِتَٰبِ لَا رَيْبَ فِيهِ مِن رَّبِّ ٱلْعَٰلَمِينَ	تنزيل الكتاب لا ريب فيه من رب العالمين
32	6	2	1	Ea`limu	عَٰلِمُ	Ea`lim	N	STEM|POS:N|ACT|PCPL|LEM:Ea`lim|ROOT:Elm|M|NOM	ذَٰلِكَ عَٰلِمُ ٱلْغَيْبِ وَٱلشَّهَٰدَةِ ٱلْعَزِيزُ ٱلرَّحِيمُ	ذلك عالم الغيب والشهادة العزيز الرحيم
32	17	2	1	taEolamu	تَعْلَمُ	Ealima	V	STEM|POS:V|IMPF|LEM:Ealima|ROOT:Elm|3FS	فَلَا تَعْلَمُ نَفْسٌ مَّآ أُخْفِىَ لَهُم مِّن قُرَّةِ أَعْيُنٍ جَزَآءًۢ بِمَا كَانُوا۟ يَعْمَلُونَ	فلا تعلم نفس ما أخفي لهم من قرة أعين جزاء بما كانوا يعملون
33	1	12	1	EaliymFA	عَلِيمًا	Ealiym	N	STEM|POS:N|LEM:Ealiym|ROOT:Elm|MS|INDEF|ACC	بِسْمِ ٱللَّهِ ٱلرَّحْمَٰنِ ٱلرَّحِيمِ يَٰٓأَيُّهَا ٱلنَّبِىُّ ٱتَّقِ ٱللَّهَ وَلَا تُطِعِ ٱلْكَٰفِرِينَ وَٱلْمُنَٰفِقِينَ إِنَّ ٱللَّهَ كَانَ عَلِيمًا حَكِيمًا	بسم الله الرحمن الرحيم يا أيها النبي اتق الله ولا تطع الكافرين والمنافقين إن الله كان عليما حكيما
33	5	9	1	taEolamu	تَعْلَمُ	Ealima	V	STEM|POS:V|IMPF|LEM:Ealima|ROOT:Elm|2MP|MOOD:JUS	ٱدْعُوهُمْ لِـَٔابَآئِهِمْ هُوَ أَقْسَطُ عِندَ ٱللَّهِ فَإِن لَّمْ تَعْلَمُوٓا۟ ءَابَآءَهُمْ فَإِخْوَٰنُكُمْ فِى ٱلدِّينِ وَمَوَٰلِيكُمْ وَلَيْسَ عَلَيْكُمْ جُنَاحٌ فِيمَآ أَخْطَأْتُم بِهِۦ وَلَٰكِن مَّا تَعَمَّدَتْ قُلُوبُكُمْ وَكَانَ ٱللَّهُ غَفُورًا رَّحِيمًا	ادعوهم لآبائهم هو أقسط عند الله فإن لم تعلموا آباءهم فإخوانكم في الدين ومواليكم وليس عليكم جناح فيما أخطأتم به ولكن ما تعمدت قلوبكم وكان الله غفورا رحيما
33	18	2	1	yaEolamu	يَعْلَمُ	Ealima	V	STEM|POS:V|IMPF|LEM:Ealima|ROOT:Elm|3MS	قَدْ يَعْلَمُ ٱللَّهُ ٱلْمُعَوِّقِينَ مِنكُمْ وَٱلْقَآئِلِينَ لِإِخْوَٰنِهِمْ هَلُمَّ إِلَيْنَا وَلَا يَأْتُونَ ٱلْبَأْسَ إِلَّا قَلِيلًا	قد يعلم الله المعوقين منكم والقائلين لإخوانهم هلم إلينا ولا يأتون البأس إلا قليلا
33	40	17	1	EaliymFA	عَلِيمًا	Ealiym	ADJ	STEM|POS:ADJ|LEM:Ealiym|ROOT:Elm|MS|INDEF|ACC	مَّا كَانَ مُحَمَّدٌ أَبَآ أَحَدٍ مِّن رِّجَالِكُمْ وَلَٰكِن رَّسُولَ ٱللَّهِ وَخَاتَمَ ٱلنَّبِيِّـۧنَ وَكَانَ ٱللَّهُ بِكُلِّ شَىْءٍ عَلِيمًا	ما كان محمد أبا أحد من رجالكم ولكن رسول الله وخاتم النبيين وكان الله بكل شيء عليما
33	50	45	1	Ealimo	عَلِمْ	Ealima	V	STEM|POS:V|PERF|LEM:Ealima|ROOT:Elm|1P	يَٰٓأَيُّهَا ٱلنَّبِىُّ إِنَّآ أَحْلَلْنَا لَكَ أَزْوَٰجَكَ ٱلَّٰتِىٓ ءَاتَيْتَ أُجُورَهُنَّ وَمَا مَلَكَتْ يَمِينُكَ مِمَّآ أَفَآءَ ٱللَّهُ عَلَيْكَ وَبَنَاتِ عَمِّكَ وَبَنَاتِ عَمَّٰتِكَ وَبَنَاتِ خَالِكَ وَبَنَاتِ خَٰلَٰتِكَ ٱلَّٰتِى هَاجَرْنَ مَعَكَ وَٱمْرَأَةً مُّؤْمِنَةً إِن وَهَبَتْ نَفْسَهَا لِلنَّبِىِّ إِنْ أَرَادَ ٱلنَّبِىُّ أَن يَسْتَنكِحَهَا خَالِصَةً لَّكَ مِن دُونِ ٱلْمُؤْمِنِينَ قَدْ عَلِمْنَا مَا فَرَضْنَا عَلَيْهِمْ فِىٓ أَزْوَٰجِهِمْ وَمَا مَلَكَتْ أَيْمَٰنُهُمْ لِكَيْلَا يَكُونَ عَلَيْكَ حَرَجٌ وَكَانَ ٱللَّهُ غَفُورًا رَّحِيمًا	يا أيها النبي إنا أحللنا لك أزواجك اللاتي آتيت أجورهن وما ملكت يمينك مما أفاء الله عليك وبنات عمك وبنات عماتك وبنات خالك وبنات خالاتك اللاتي هاجرن معك وامرأة مؤمنة إن وهبت نفسها للنبي إن أراد النبي أن يستنكحها خالصة لك من دون المؤمنين قد علمنا ما فرضنا عليهم في أزواجهم وما ملكت أيمانهم لكيلا يكون عليك حرج وكان الله غفورا رحيما
33	51	28	1	yaEolamu	يَعْلَمُ	Ealima	V	STEM|POS:V|IMPF|LEM:Ealima|ROOT:Elm|3MS	تُرْجِى مَن تَشَآءُ مِنْهُنَّ وَتُـْٔوِىٓ إِلَيْكَ مَن تَشَآءُ وَمَنِ ٱبْتَغَيْتَ مِمَّنْ عَزَلْتَ فَلَا جُنَاحَ عَلَيْكَ ذَٰلِكَ أَدْنَىٰٓ أَن تَقَرَّ أَعْيُنُهُنَّ وَلَا يَحْزَنَّ وَيَرْضَيْنَ بِمَآ ءَاتَيْتَهُنَّ كُلُّهُنَّ وَٱللَّهُ يَعْلَمُ مَا فِى قُلُوبِكُمْ وَكَانَ ٱللَّهُ عَلِيمًا حَلِيمًا	ترجي من تشاء منهن وتؤوي إليك من تشاء ومن ابتغيت ممن عزلت فلا جناح عليك ذلك أدنى أن تقر أعينهن ولا يحزن ويرضين بما آتيتهن كلهن والله يعلم ما في قلوبكم وكان الله عليما حليما
33	51	34	1	EaliymFA	عَلِيمًا	Ealiym	ADJ	STEM|POS:ADJ|LEM:Ealiym|ROOT:Elm|MS|INDEF|ACC	تُرْجِى مَن تَشَآءُ مِنْهُنَّ وَتُـْٔوِىٓ إِلَيْكَ مَن تَشَآءُ وَمَنِ ٱبْتَغَيْتَ مِمَّنْ عَزَلْتَ فَلَا جُنَاحَ عَلَيْكَ ذَٰلِكَ أَدْنَىٰٓ أَن تَقَرَّ أَعْيُنُهُنَّ وَلَا يَحْزَنَّ وَيَرْضَيْنَ بِمَآ ءَاتَيْتَهُنَّ كُلُّهُنَّ وَٱللَّهُ يَعْلَمُ مَا فِى قُلُوبِكُمْ وَكَانَ ٱللَّهُ عَلِيمًا حَلِيمًا	ترجي من تشاء منهن وتؤوي إليك من تشاء ومن ابتغيت ممن عزلت فلا جناح عليك ذلك أدنى أن تقر أعينهن ولا يحزن ويرضين بما آتيتهن كلهن والله يعلم ما في قلوبكم وكان الله عليما حليما
33	54	11	1	EaliymFA	عَلِيمًا	Ealiym	ADJ	STEM|POS:ADJ|LEM:Ealiym|ROOT:Elm|MS|INDEF|ACC	إِن تُبْدُوا۟ شَيْـًٔا أَوْ تُخْفُوهُ فَإِنَّ ٱللَّهَ كَانَ بِكُلِّ شَىْءٍ عَلِيمًا	إن تبدوا شيئا أو تخفوه فإن الله كان بكل شيء عليما
33	63	7	1	Eilomu	عِلْمُ	Eilom	N	STEM|POS:N|LEM:Eilom|ROOT:Elm|M|NOM	يَسْـَٔلُكَ ٱلنَّاسُ عَنِ ٱلسَّاعَةِ قُلْ إِنَّمَا عِلْمُهَا عِندَ ٱللَّهِ وَمَا يُدْرِيكَ لَعَلَّ ٱلسَّاعَةَ تَكُونُ قَرِيبًا	يسألك الناس عن الساعة قل إنما علمها عند الله وما يدريك لعل الساعة تكون قريبا
34	2	1	1	yaEolamu	يَعْلَمُ	Ealima	V	STEM|POS:V|IMPF|LEM:Ealima|ROOT:Elm|3MS	يَعْلَمُ مَا يَلِجُ فِى ٱلْأَرْضِ وَمَا يَخْرُجُ مِنْهَا وَمَا يَنزِلُ مِنَ ٱلسَّمَآءِ وَمَا يَعْرُجُ فِيهَا وَهُوَ ٱلرَّحِيمُ ٱلْغَفُورُ	يعلم ما يلج في الأرض وما يخرج منها وما ينزل من السماء وما يعرج فيها وهو الرحيم الغفور
34	3	11	1	Ea`limi	عَٰلِمِ	Ea`lim	N	STEM|POS:N|ACT|PCPL|LEM:Ea`lim|ROOT:Elm|M|GEN	وَقَالَ ٱلَّذِينَ كَفَرُوا۟ لَا تَأْتِينَا ٱلسَّاعَةُ قُلْ بَلَىٰ وَرَبِّى لَتَأْتِيَنَّكُمْ عَٰلِمِ ٱلْغَيْبِ لَا يَعْزُبُ عَنْهُ مِثْقَالُ ذَرَّةٍ فِى ٱلسَّمَٰوَٰتِ وَلَا فِى ٱلْأَرْضِ وَلَآ أَصْغَرُ مِن ذَٰلِكَ وَلَآ أَكْبَرُ إِلَّا فِى كِتَٰبٍ مُّبِينٍ	وقال الذين كفروا لا تأتينا الساعة قل بلى وربي لتأتينكم عالم الغيب لا يعزب عنه مثقال ذرة في السماوات ولا في الأرض ولا أصغر من ذلك ولا أكبر إلا في كتاب مبين
34	6	4	2	Eiloma	عِلْمَ	Eilom	N	STEM|POS:N|LEM:Eilom|ROOT:Elm|M|ACC	وَيَرَى ٱلَّذِينَ أُوتُوا۟ ٱلْعِلْمَ ٱلَّذِىٓ أُنزِلَ إِلَيْكَ مِن رَّبِّكَ هُوَ ٱلْحَقَّ وَيَهْدِىٓ إِلَىٰ صِرَٰطِ ٱلْعَزِيزِ ٱلْحَمِيدِ	ويرى الذين أوتوا العلم الذي أنزل إليك من ربك هو الحق ويهدي إلى صراط العزيز الحميد
34	14	21	1	yaEolamu	يَعْلَمُ	Ealima	V	STEM|POS:V|IMPF|LEM:Ealima|ROOT:Elm|3MP	فَلَمَّا قَضَيْنَا عَلَيْهِ ٱلْمَوْتَ مَا دَلَّهُمْ عَلَىٰ مَوْتِهِۦٓ إِلَّا دَآبَّةُ ٱلْأَرْضِ تَأْكُلُ مِنسَأَتَهُۥ فَلَمَّا خَرَّ تَبَيَّنَتِ ٱلْجِنُّ أَن لَّوْ كَانُوا۟ يَعْلَمُونَ ٱلْغَيْبَ مَا لَبِثُوا۟ فِى ٱلْعَذَابِ ٱلْمُهِينِ	فلما قضينا عليه الموت ما دلهم على موته إلا دابة الأرض تأكل منسأته فلما خر تبينت الجن أن لو كانوا يعلمون الغيب ما لبثوا في العذاب المهين
34	21	8	2	naEolama	نَعْلَمَ	Ealima	V	STEM|POS:V|IMPF|LEM:Ealima|ROOT:Elm|1P|MOOD:SUBJ	وَمَا كَانَ لَهُۥ عَلَيْهِم مِّن سُلْطَٰنٍ إِلَّا لِنَعْلَمَ مَن يُؤْمِنُ بِٱلْـَٔاخِرَةِ مِمَّنْ هُوَ مِنْهَا فِى شَكٍّ وَرَبُّكَ عَلَىٰ كُلِّ شَىْءٍ حَفِيظٌ	وما كان له عليهم من سلطان إلا لنعلم من يؤمن بالآخرة ممن هو منها في شك وربك على كل شيء حفيظ
34	26	11	2	Ealiymu	عَلِيمُ	Ealiym	ADJ	STEM|POS:ADJ|LEM:Ealiym|ROOT:Elm|MS|NOM	قُلْ يَجْمَعُ بَيْنَنَا رَبُّنَا ثُمَّ يَفْتَحُ بَيْنَنَا بِٱلْحَقِّ وَهُوَ ٱلْفَتَّاحُ ٱلْعَلِيمُ	قل يجمع بيننا ربنا ثم يفتح بيننا بالحق وهو الفتاح العليم
34	28	12	1	yaEolamu	يَعْلَمُ	Ealima	V	STEM|POS:V|IMPF|LEM:Ealima|ROOT:Elm|3MP	وَمَآ أَرْسَلْنَٰكَ إِلَّا كَآفَّةً لِّلنَّاسِ بَشِيرًا وَنَذِيرًا وَلَٰكِنَّ أَكْثَرَ ٱلنَّاسِ لَا يَعْلَمُونَ	وما أرسلناك إلا كافة للناس بشيرا ونذيرا ولكن أكثر الناس لا يعلمون
34	36	13	1	yaEolamu	يَعْلَمُ	Ealima	V	STEM|POS:V|IMPF|LEM:Ealima|ROOT:Elm|3MP	قُلْ إِنَّ رَبِّى يَبْسُطُ ٱلرِّزْقَ لِمَن يَشَآءُ وَيَقْدِرُ وَلَٰكِنَّ أَكْثَرَ ٱلنَّاسِ لَا يَعْلَمُونَ	قل إن ربي يبسط الرزق لمن يشاء ويقدر ولكن أكثر الناس لا يعلمون
34	48	6	1	Eal~a`mu	عَلَّٰمُ	Eal~a`m	ADJ	STEM|POS:ADJ|LEM:Eal~a`m|ROOT:Elm|MS|NOM	قُلْ إِنَّ رَبِّى يَقْذِفُ بِٱلْحَقِّ عَلَّٰمُ ٱلْغُيُوبِ	قل إن ربي يقذف بالحق علام الغيوب
35	8	23	1	EaliymN[	عَلِيمٌ[	Ealiym	ADJ	STEM|POS:ADJ|LEM:Ealiym|ROOT:Elm|MS|INDEF|NOM	أَفَمَن زُيِّنَ لَهُۥ سُوٓءُ عَمَلِهِۦ فَرَءَاهُ حَسَنًا فَإِنَّ ٱللَّهَ يُضِلُّ مَن يَشَآءُ وَيَهْدِى مَن يَشَآءُ فَلَا تَذْهَبْ نَفْسُكَ عَلَيْهِمْ حَسَرَٰتٍ إِنَّ ٱللَّهَ عَلِيمٌۢ بِمَا يَصْنَعُونَ	أفمن زين له سوء عمله فرآه حسنا فإن الله يضل من يشاء ويهدي من يشاء فلا تذهب نفسك عليهم حسرات إن الله عليم بما يصنعون
35	11	18	2	Eilomi	عِلْمِ	Eilom	N	STEM|POS:N|LEM:Eilom|ROOT:Elm|M|GEN	وَٱللَّهُ خَلَقَكُم مِّن تُرَابٍ ثُمَّ مِن نُّطْفَةٍ ثُمَّ جَعَلَكُمْ أَزْوَٰجًا وَمَا تَحْمِلُ مِنْ أُنثَىٰ وَلَا تَضَعُ إِلَّا بِعِلْمِهِۦ وَمَا يُعَمَّرُ مِن مُّعَمَّرٍ وَلَا يُنقَصُ مِنْ عُمُرِهِۦٓ إِلَّا فِى كِتَٰبٍ إِنَّ ذَٰلِكَ عَلَى ٱللَّهِ يَسِيرٌ	والله خلقكم من تراب ثم من نطفة ثم جعلكم أزواجا وما تحمل من أنثى ولا تضع إلا بعلمه وما يعمر من معمر ولا ينقص من عمره إلا في كتاب إن ذلك على الله يسير
35	28	13	2	Eulama`^&uA@	عُلَمَٰ^ؤُا@	Ealiym	N	STEM|POS:N|LEM:Ealiym|ROOT:Elm|MP|NOM	وَمِنَ ٱلنَّاسِ وَٱلدَّوَآبِّ وَٱلْأَنْعَٰمِ مُخْتَلِفٌ أَلْوَٰنُهُۥ كَذَٰلِكَ إِنَّمَا يَخْشَى ٱللَّهَ مِنْ عِبَادِهِ ٱلْعُلَمَٰٓؤُا۟ إِنَّ ٱللَّهَ عَزِيزٌ غَفُورٌ	ومن الناس والدواب والأنعام مختلف ألوانه كذلك إنما يخشى الله من عباده العلماء إن الله عزيز غفور
35	38	3	1	Ea`limu	عَٰلِمُ	Ea`lim	N	STEM|POS:N|ACT|PCPL|LEM:Ea`lim|ROOT:Elm|M|NOM	إِنَّ ٱللَّهَ عَٰلِمُ غَيْبِ ٱلسَّمَٰوَٰتِ وَٱلْأَرْضِ إِنَّهُۥ عَلِيمٌۢ بِذَاتِ ٱلصُّدُورِ	إن الله عالم غيب السماوات والأرض إنه عليم بذات الصدور
35	38	8	1	EaliymN[	عَلِيمٌ[	Ealiym	N	STEM|POS:N|LEM:Ealiym|ROOT:Elm|MS|INDEF|NOM	إِنَّ ٱللَّهَ عَٰلِمُ غَيْبِ ٱلسَّمَٰوَٰتِ وَٱلْأَرْضِ إِنَّهُۥ عَلِيمٌۢ بِذَاتِ ٱلصُّدُورِ	إن الله عالم غيب السماوات والأرض إنه عليم بذات الصدور
35	44	29	1	EaliymFA	عَلِيمًا	Ealiym	N	STEM|POS:N|LEM:Ealiym|ROOT:Elm|MS|INDEF|ACC	أَوَلَمْ يَسِيرُوا۟ فِى ٱلْأَرْضِ فَيَنظُرُوا۟ كَيْفَ كَانَ عَٰقِبَةُ ٱلَّذِينَ مِن قَبْلِهِمْ وَكَانُوٓا۟ أَشَدَّ مِنْهُمْ قُوَّةً وَمَا كَانَ ٱللَّهُ لِيُعْجِزَهُۥ مِن شَىْءٍ فِى ٱلسَّمَٰوَٰتِ وَلَا فِى ٱلْأَرْضِ إِنَّهُۥ كَانَ عَلِيمًا قَدِيرًا	أولم يسيروا في الأرض فينظروا كيف كان عاقبة الذين من قبلهم وكانوا أشد منهم قوة وما كان الله ليعجزه من شيء في السماوات ولا في الأرض إنه كان عليما قديرا
36	16	3	1	yaEolamu	يَعْلَمُ	Ealima	V	STEM|POS:V|IMPF|LEM:Ealima|ROOT:Elm|3MS	قَالُوا۟ رَبُّنَا يَعْلَمُ إِنَّآ إِلَيْكُمْ لَمُرْسَلُونَ	قالوا ربنا يعلم إنا إليكم لمرسلون
36	26	7	1	yaEolamu	يَعْلَمُ	Ealima	V	STEM|POS:V|IMPF|LEM:Ealima|ROOT:Elm|3MP	قِيلَ ٱدْخُلِ ٱلْجَنَّةَ قَالَ يَٰلَيْتَ قَوْمِى يَعْلَمُونَ	قيل ادخل الجنة قال يا ليت قومي يعلمون
36	36	13	1	yaEolamu	يَعْلَمُ	Ealima	V	STEM|POS:V|IMPF|LEM:Ealima|ROOT:Elm|3MP	سُبْحَٰنَ ٱلَّذِى خَلَقَ ٱلْأَزْوَٰجَ كُلَّهَا مِمَّا تُنۢبِتُ ٱلْأَرْضُ وَمِنْ أَنفُسِهِمْ وَمِمَّا لَا يَعْلَمُونَ	سبحان الذي خلق الأزواج كلها مما تنبت الأرض ومن أنفسهم ومما لا يعلمون
36	38	8	2	Ealiymi	عَلِيمِ	Ealiym	ADJ	STEM|POS:ADJ|LEM:Ealiym|ROOT:Elm|MS|GEN	وَٱلشَّمْسُ تَجْرِى لِمُسْتَقَرٍّ لَّهَا ذَٰلِكَ تَقْدِيرُ ٱلْعَزِيزِ ٱلْعَلِيمِ	والشمس تجري لمستقر لها ذلك تقدير العزيز العليم
36	69	2	1	Eal~amo	عَلَّمْ	Eal~ama	V	STEM|POS:V|PERF|(II)|LEM:Eal~ama|ROOT:Elm|1P	وَمَا عَلَّمْنَٰهُ ٱلشِّعْرَ وَمَا يَنۢبَغِى لَهُۥٓ إِنْ هُوَ إِلَّا ذِكْرٌ وَقُرْءَانٌ مُّبِينٌ	وما علمناه الشعر وما ينبغي له إن هو إلا ذكر وقرآن مبين
36	76	5	1	naEolamu	نَعْلَمُ	Ealima	V	STEM|POS:V|IMPF|LEM:Ealima|ROOT:Elm|1P	فَلَا يَحْزُنكَ قَوْلُهُمْ إِنَّا نَعْلَمُ مَا يُسِرُّونَ وَمَا يُعْلِنُونَ	فلا يحزنك قولهم إنا نعلم ما يسرون وما يعلنون
36	79	10	1	EaliymN	عَلِيمٌ	Ealiym	ADJ	STEM|POS:ADJ|LEM:Ealiym|ROOT:Elm|MS|INDEF|NOM	قُلْ يُحْيِيهَا ٱلَّذِىٓ أَنشَأَهَآ أَوَّلَ مَرَّةٍ وَهُوَ بِكُلِّ خَلْقٍ عَلِيمٌ	قل يحييها الذي أنشأها أول مرة وهو بكل خلق عليم
36	81	14	2	Ealiymu	عَلِيمُ	Ealiym	ADJ	STEM|POS:ADJ|LEM:Ealiym|ROOT:Elm|MS|NOM	أَوَلَيْسَ ٱلَّذِى خَلَقَ ٱلسَّمَٰوَٰتِ وَٱلْأَرْضَ بِقَٰدِرٍ عَلَىٰٓ أَن يَخْلُقَ مِثْلَهُم بَلَىٰ وَهُوَ ٱلْخَلَّٰقُ ٱلْعَلِيمُ	أوليس الذي خلق السماوات والأرض بقادر على أن يخلق مثلهم بلى وهو الخلاق العليم
37	41	4	1	m~aEoluwmN	مَّعْلُومٌ	m~aEoluwm	N	STEM|POS:N|PASS|PCPL|LEM:m~aEoluwm|ROOT:Elm|M|INDEF|NOM	أُو۟لَٰٓئِكَ لَهُمْ رِزْقٌ مَّعْلُومٌ	أولئك لهم رزق معلوم
37	79	5	2	Ea`lamiyna	عَٰلَمِينَ	Ea`lamiyn	N	STEM|POS:N|LEM:Ea`lamiyn|ROOT:Elm|MP|GEN	سَلَٰمٌ عَلَىٰ نُوحٍ فِى ٱلْعَٰلَمِينَ	سلام على نوح في العالمين
37	87	4	2	Ea`lamiyna	عَٰلَمِينَ	Ea`lamiyn	N	STEM|POS:N|LEM:Ea`lamiyn|ROOT:Elm|MP|GEN	فَمَا ظَنُّكُم بِرَبِّ ٱلْعَٰلَمِينَ	فما ظنكم برب العالمين
37	158	7	1	Ealimati	عَلِمَتِ	Ealima	V	STEM|POS:V|PERF|LEM:Ealima|ROOT:Elm|3FS	وَجَعَلُوا۟ بَيْنَهُۥ وَبَيْنَ ٱلْجِنَّةِ نَسَبًا وَلَقَدْ عَلِمَتِ ٱلْجِنَّةُ إِنَّهُمْ لَمُحْضَرُونَ	وجعلوا بينه وبين الجنة نسبا ولقد علمت الجنة إنهم لمحضرون
37	164	6	1	m~aEoluwmN	مَّعْلُومٌ	m~aEoluwm	N	STEM|POS:N|PASS|PCPL|LEM:m~aEoluwm|ROOT:Elm|M|INDEF|NOM	وَمَا مِنَّآ إِلَّا لَهُۥ مَقَامٌ مَّعْلُومٌ	وما منا إلا له مقام معلوم
37	170	4	1	yaEolamu	يَعْلَمُ	Ealima	V	STEM|POS:V|IMPF|LEM:Ealima|ROOT:Elm|3MP	فَكَفَرُوا۟ بِهِۦ فَسَوْفَ يَعْلَمُونَ	فكفروا به فسوف يعلمون
37	182	4	2	Ea`lamiyna	عَٰلَمِينَ	Ea`lamiyn	N	STEM|POS:N|LEM:Ea`lamiyn|ROOT:Elm|MP|GEN	وَٱلْحَمْدُ لِلَّهِ رَبِّ ٱلْعَٰلَمِينَ	والحمد لله رب العالمين
38	69	5	1	EilomK]	عِلْمٍ]	Eilom	N	STEM|POS:N|LEM:Eilom|ROOT:Elm|M|INDEF|GEN	مَا كَانَ لِىَ مِنْ عِلْمٍۭ بِٱلْمَلَإِ ٱلْأَعْلَىٰٓ إِذْ يَخْتَصِمُونَ	ما كان لي من علم بالملإ الأعلى إذ يختصمون
38	81	4	2	maEoluwmi	مَعْلُومِ	m~aEoluwm	N	STEM|POS:N|PASS|PCPL|LEM:m~aEoluwm|ROOT:Elm|M|GEN	إِلَىٰ يَوْمِ ٱلْوَقْتِ ٱلْمَعْلُومِ	إلى يوم الوقت المعلوم
38	87	5	3	Ea`lamiyna	عَٰلَمِينَ	Ea`lamiyn	N	STEM|POS:N|LEM:Ea`lamiyn|ROOT:Elm|MP|GEN	إِنْ هُوَ إِلَّا ذِكْرٌ لِّلْعَٰلَمِينَ	إن هو إلا ذكر للعالمين
38	88	1	3	taEolamu	تَعْلَمُ	Ealima	V	STEM|POS:V|IMPF|LEM:Ealima|ROOT:Elm|2MP	وَلَتَعْلَمُنَّ نَبَأَهُۥ بَعْدَ حِينٍۭ	ولتعلمن نبأه بعد حين
39	7	29	1	EaliymN[	عَلِيمٌ[	Ealiym	N	STEM|POS:N|LEM:Ealiym|ROOT:Elm|MS|INDEF|NOM	إِن تَكْفُرُوا۟ فَإِنَّ ٱللَّهَ غَنِىٌّ عَنكُمْ وَلَا يَرْضَىٰ لِعِبَادِهِ ٱلْكُفْرَ وَإِن تَشْكُرُوا۟ يَرْضَهُ لَكُمْ وَلَا تَزِرُ وَازِرَةٌ وِزْرَ أُخْرَىٰ ثُمَّ إِلَىٰ رَبِّكُم مَّرْجِعُكُمْ فَيُنَبِّئُكُم بِمَا كُنتُمْ تَعْمَلُونَ إِنَّهُۥ عَلِيمٌۢ بِذَاتِ ٱلصُّدُورِ	إن تكفروا فإن الله غني عنكم ولا يرضى لعباده الكفر وإن تشكروا يرضه لكم ولا تزر وازرة وزر أخرى ثم إلى ربكم مرجعكم فينبئكم بما كنتم تعملون إنه عليم بذات الصدور
39	9	17	1	yaEolamu	يَعْلَمُ	Ealima	V	STEM|POS:V|IMPF|LEM:Ealima|ROOT:Elm|3MP	أَمَّنْ هُوَ قَٰنِتٌ ءَانَآءَ ٱلَّيْلِ سَاجِدًا وَقَآئِمًا يَحْذَرُ ٱلْـَٔاخِرَةَ وَيَرْجُوا۟ رَحْمَةَ رَبِّهِۦ قُلْ هَلْ يَسْتَوِى ٱلَّذِينَ يَعْلَمُونَ وَٱلَّذِينَ لَا يَعْلَمُونَ إِنَّمَا يَتَذَكَّرُ أُو۟لُوا۟ ٱلْأَلْبَٰبِ	أمن هو قانت آناء الليل ساجدا وقائما يحذر الآخرة ويرجو رحمة ربه قل هل يستوي الذين يعلمون والذين لا يعلمون إنما يتذكر أولو الألباب
39	9	20	1	yaEolamu	يَعْلَمُ	Ealima	V	STEM|POS:V|IMPF|LEM:Ealima|ROOT:Elm|3MP	أَمَّنْ هُوَ قَٰنِتٌ ءَانَآءَ ٱلَّيْلِ سَاجِدًا وَقَآئِمًا يَحْذَرُ ٱلْـَٔاخِرَةَ وَيَرْجُوا۟ رَحْمَةَ رَبِّهِۦ قُلْ هَلْ يَسْتَوِى ٱلَّذِينَ يَعْلَمُونَ وَٱلَّذِينَ لَا يَعْلَمُونَ إِنَّمَا يَتَذَكَّرُ أُو۟لُوا۟ ٱلْأَلْبَٰبِ	أمن هو قانت آناء الليل ساجدا وقائما يحذر الآخرة ويرجو رحمة ربه قل هل يستوي الذين يعلمون والذين لا يعلمون إنما يتذكر أولو الألباب
39	26	12	1	yaEolamu	يَعْلَمُ	Ealima	V	STEM|POS:V|IMPF|LEM:Ealima|ROOT:Elm|3MP	فَأَذَاقَهُمُ ٱللَّهُ ٱلْخِزْىَ فِى ٱلْحَيَوٰةِ ٱلدُّنْيَا وَلَعَذَابُ ٱلْـَٔاخِرَةِ أَكْبَرُ لَوْ كَانُوا۟ يَعْلَمُونَ	فأذاقهم الله الخزي في الحياة الدنيا ولعذاب الآخرة أكبر لو كانوا يعلمون
39	29	19	1	yaEolamu	يَعْلَمُ	Ealima	V	STEM|POS:V|IMPF|LEM:Ealima|ROOT:Elm|3MP	ضَرَبَ ٱللَّهُ مَثَلًا رَّجُلًا فِيهِ شُرَكَآءُ مُتَشَٰكِسُونَ وَرَجُلًا سَلَمًا لِّرَجُلٍ هَلْ يَسْتَوِيَانِ مَثَلًا ٱلْحَمْدُ لِلَّهِ بَلْ أَكْثَرُهُمْ لَا يَعْلَمُونَ	ضرب الله مثلا رجلا فيه شركاء متشاكسون ورجلا سلما لرجل هل يستويان مثلا الحمد لله بل أكثرهم لا يعلمون
39	39	9	1	taEolamu	تَعْلَمُ	Ealima	V	STEM|POS:V|IMPF|LEM:Ealima|ROOT:Elm|2MP	قُلْ يَٰقَوْمِ ٱعْمَلُوا۟ عَلَىٰ مَكَانَتِكُمْ إِنِّى عَٰمِلٌ فَسَوْفَ تَعْلَمُونَ	قل يا قوم اعملوا على مكانتكم إني عامل فسوف تعلمون
39	46	6	1	Ea`lima	عَٰلِمَ	Ea`lim	N	STEM|POS:N|ACT|PCPL|LEM:Ea`lim|ROOT:Elm|M|ACC	قُلِ ٱللَّهُمَّ فَاطِرَ ٱلسَّمَٰوَٰتِ وَٱلْأَرْضِ عَٰلِمَ ٱلْغَيْبِ وَٱلشَّهَٰدَةِ أَنتَ تَحْكُمُ بَيْنَ عِبَادِكَ فِى مَا كَانُوا۟ فِيهِ يَخْتَلِفُونَ	قل اللهم فاطر السماوات والأرض عالم الغيب والشهادة أنت تحكم بين عبادك في ما كانوا فيه يختلفون
39	49	15	1	EilomK]	عِلْمٍ]	Eilom	N	STEM|POS:N|LEM:Eilom|ROOT:Elm|M|INDEF|GEN	فَإِذَا مَسَّ ٱلْإِنسَٰنَ ضُرٌّ دَعَانَا ثُمَّ إِذَا خَوَّلْنَٰهُ نِعْمَةً مِّنَّا قَالَ إِنَّمَآ أُوتِيتُهُۥ عَلَىٰ عِلْمٍۭ بَلْ هِىَ فِتْنَةٌ وَلَٰكِنَّ أَكْثَرَهُمْ لَا يَعْلَمُونَ	فإذا مس الإنسان ضر دعانا ثم إذا خولناه نعمة منا قال إنما أوتيته على علم بل هي فتنة ولكن أكثرهم لا يعلمون
39	49	22	1	yaEolamu	يَعْلَمُ	Ealima	V	STEM|POS:V|IMPF|LEM:Ealima|ROOT:Elm|3MP	فَإِذَا مَسَّ ٱلْإِنسَٰنَ ضُرٌّ دَعَانَا ثُمَّ إِذَا خَوَّلْنَٰهُ نِعْمَةً مِّنَّا قَالَ إِنَّمَآ أُوتِيتُهُۥ عَلَىٰ عِلْمٍۭ بَلْ هِىَ فِتْنَةٌ وَلَٰكِنَّ أَكْثَرَهُمْ لَا يَعْلَمُونَ	فإذا مس الإنسان ضر دعانا ثم إذا خولناه نعمة منا قال إنما أوتيته على علم بل هي فتنة ولكن أكثرهم لا يعلمون
39	52	2	1	yaEolamu	يَعْلَمُ	Ealima	V	STEM|POS:V|IMPF|LEM:Ealima|ROOT:Elm|3MP|MOOD:JUS	أَوَلَمْ يَعْلَمُوٓا۟ أَنَّ ٱللَّهَ يَبْسُطُ ٱلرِّزْقَ لِمَن يَشَآءُ وَيَقْدِرُ إِنَّ فِى ذَٰلِكَ لَـَٔايَٰتٍ لِّقَوْمٍ يُؤْمِنُونَ	أولم يعلموا أن الله يبسط الرزق لمن يشاء ويقدر إن في ذلك لآيات لقوم يؤمنون
39	70	7	1	>aEolamu	أَعْلَمُ	>aEolam	N	STEM|POS:N|LEM:>aEolam|ROOT:Elm|MS|NOM	وَوُفِّيَتْ كُلُّ نَفْسٍ مَّا عَمِلَتْ وَهُوَ أَعْلَمُ بِمَا يَفْعَلُونَ	ووفيت كل نفس ما عملت وهو أعلم بما يفعلون
39	75	17	2	Ea`lamiyna	عَٰلَمِينَ	Ea`lamiyn	N	STEM|POS:N|LEM:Ea`lamiyn|ROOT:Elm|MP|GEN	وَتَرَى ٱلْمَلَٰٓئِكَةَ حَآفِّينَ مِنْ حَوْلِ ٱلْعَرْشِ يُسَبِّحُونَ بِحَمْدِ رَبِّهِمْ وَقُضِىَ بَيْنَهُم بِٱلْحَقِّ وَقِيلَ ٱلْحَمْدُ لِلَّهِ رَبِّ ٱلْعَٰلَمِينَ	وترى الملائكة حافين من حول العرش يسبحون بحمد ربهم وقضي بينهم بالحق وقيل الحمد لله رب العالمين
40	2	6	2	Ealiymi	عَلِيمِ	Ealiym	ADJ	STEM|POS:ADJ|LEM:Ealiym|ROOT:Elm|MS|GEN	تَنزِيلُ ٱلْكِتَٰبِ مِنَ ٱللَّهِ ٱلْعَزِيزِ ٱلْعَلِيمِ	تنزيل الكتاب من الله العزيز العليم
40	7	19	2	EilomFA	عِلْمًا	Eilom	N	STEM|POS:N|LEM:Eilom|ROOT:Elm|M|INDEF|ACC	ٱلَّذِينَ يَحْمِلُونَ ٱلْعَرْشَ وَمَنْ حَوْلَهُۥ يُسَبِّحُونَ بِحَمْدِ رَبِّهِمْ وَيُؤْمِنُونَ بِهِۦ وَيَسْتَغْفِرُونَ لِلَّذِينَ ءَامَنُوا۟ رَبَّنَا وَسِعْتَ كُلَّ شَىْءٍ رَّحْمَةً وَعِلْمًا فَٱغْفِرْ لِلَّذِينَ تَابُوا۟ وَٱتَّبَعُوا۟ سَبِيلَكَ وَقِهِمْ عَذَابَ ٱلْجَحِيمِ	الذين يحملون العرش ومن حوله يسبحون بحمد ربهم ويؤمنون به ويستغفرون للذين آمنوا ربنا وسعت كل شيء رحمة وعلما فاغفر للذين تابوا واتبعوا سبيلك وقهم عذاب الجحيم
40	19	1	1	yaEolamu	يَعْلَمُ	Ealima	V	STEM|POS:V|IMPF|LEM:Ealima|ROOT:Elm|3MS	يَعْلَمُ خَآئِنَةَ ٱلْأَعْيُنِ وَمَا تُخْفِى ٱلصُّدُورُ	يعلم خائنة الأعين وما تخفي الصدور
40	42	10	1	EilomN	عِلْمٌ	Eilom	N	STEM|POS:N|LEM:Eilom|ROOT:Elm|M|INDEF|NOM	تَدْعُونَنِى لِأَكْفُرَ بِٱللَّهِ وَأُشْرِكَ بِهِۦ مَا لَيْسَ لِى بِهِۦ عِلْمٌ وَأَنَا۠ أَدْعُوكُمْ إِلَى ٱلْعَزِيزِ ٱلْغَفَّٰرِ	تدعونني لأكفر بالله وأشرك به ما ليس لي به علم وأنا أدعوكم إلى العزيز الغفار
40	57	12	1	yaEolamu	يَعْلَمُ	Ealima	V	STEM|POS:V|IMPF|LEM:Ealima|ROOT:Elm|3MP	لَخَلْقُ ٱلسَّمَٰوَٰتِ وَٱلْأَرْضِ أَكْبَرُ مِنْ خَلْقِ ٱلنَّاسِ وَلَٰكِنَّ أَكْثَرَ ٱلنَّاسِ لَا يَعْلَمُونَ	لخلق السماوات والأرض أكبر من خلق الناس ولكن أكثر الناس لا يعلمون
40	64	21	2	Ea`lamiyna	عَٰلَمِينَ	Ea`lamiyn	N	STEM|POS:N|LEM:Ea`lamiyn|ROOT:Elm|MP|GEN	ٱللَّهُ ٱلَّذِى جَعَلَ لَكُمُ ٱلْأَرْضَ قَرَارًا وَٱلسَّمَآءَ بِنَآءً وَصَوَّرَكُمْ فَأَحْسَنَ صُوَرَكُمْ وَرَزَقَكُم مِّنَ ٱلطَّيِّبَٰتِ ذَٰلِكُمُ ٱللَّهُ رَبُّكُمْ فَتَبَارَكَ ٱللَّهُ رَبُّ ٱلْعَٰلَمِينَ	الله الذي جعل لكم الأرض قرارا والسماء بناء وصوركم فأحسن صوركم ورزقكم من الطيبات ذلكم الله ربكم فتبارك الله رب العالمين
40	65	14	2	Ea`lamiyna	عَٰلَمِينَ	Ea`lamiyn	N	STEM|POS:N|LEM:Ea`lamiyn|ROOT:Elm|MP|GEN	هُوَ ٱلْحَىُّ لَآ إِلَٰهَ إِلَّا هُوَ فَٱدْعُوهُ مُخْلِصِينَ لَهُ ٱلدِّينَ ٱلْحَمْدُ لِلَّهِ رَبِّ ٱلْعَٰلَمِينَ	هو الحي لا إله إلا هو فادعوه مخلصين له الدين الحمد لله رب العالمين
40	66	20	2	Ea`lamiyna	عَٰلَمِينَ	Ea`lamiyn	N	STEM|POS:N|LEM:Ea`lamiyn|ROOT:Elm|MP|GEN	قُلْ إِنِّى نُهِيتُ أَنْ أَعْبُدَ ٱلَّذِينَ تَدْعُونَ مِن دُونِ ٱللَّهِ لَمَّا جَآءَنِىَ ٱلْبَيِّنَٰتُ مِن رَّبِّى وَأُمِرْتُ أَنْ أُسْلِمَ لِرَبِّ ٱلْعَٰلَمِينَ	قل إني نهيت أن أعبد الذين تدعون من دون الله لما جاءني البينات من ربي وأمرت أن أسلم لرب العالمين
40	70	9	1	yaEolamu	يَعْلَمُ	Ealima	V	STEM|POS:V|IMPF|LEM:Ealima|ROOT:Elm|3MP	ٱلَّذِينَ كَذَّبُوا۟ بِٱلْكِتَٰبِ وَبِمَآ أَرْسَلْنَا بِهِۦ رُسُلَنَا فَسَوْفَ يَعْلَمُونَ	الذين كذبوا بالكتاب وبما أرسلنا به رسلنا فسوف يعلمون
40	83	9	2	Eilomi	عِلْمِ	Eilom	N	STEM|POS:N|LEM:Eilom|ROOT:Elm|M|GEN	فَلَمَّا جَآءَتْهُمْ رُسُلُهُم بِٱلْبَيِّنَٰتِ فَرِحُوا۟ بِمَا عِندَهُم مِّنَ ٱلْعِلْمِ وَحَاقَ بِهِم مَّا كَانُوا۟ بِهِۦ يَسْتَهْزِءُونَ	فلما جاءتهم رسلهم بالبينات فرحوا بما عندهم من العلم وحاق بهم ما كانوا به يستهزئون
41	3	7	1	yaEolamu	يَعْلَمُ	Ealima	V	STEM|POS:V|IMPF|LEM:Ealima|ROOT:Elm|3MP	كِتَٰبٌ فُصِّلَتْ ءَايَٰتُهُۥ قُرْءَانًا عَرَبِيًّا لِّقَوْمٍ يَعْلَمُونَ	كتاب فصلت آياته قرآنا عربيا لقوم يعلمون
41	9	14	2	Ea`lamiyna	عَٰلَمِينَ	Ea`lamiyn	N	STEM|POS:N|LEM:Ea`lamiyn|ROOT:Elm|MP|GEN	قُلْ أَئِنَّكُمْ لَتَكْفُرُونَ بِٱلَّذِى خَلَقَ ٱلْأَرْضَ فِى يَوْمَيْنِ وَتَجْعَلُونَ لَهُۥٓ أَندَادًا ذَٰلِكَ رَبُّ ٱلْعَٰلَمِينَ	قل أئنكم لتكفرون بالذي خلق الأرض في يومين وتجعلون له أندادا ذلك رب العالمين
41	12	19	2	Ealiymi	عَلِيمِ	Ealiym	ADJ	STEM|POS:ADJ|LEM:Ealiym|ROOT:Elm|MS|GEN	فَقَضَىٰهُنَّ سَبْعَ سَمَٰوَاتٍ فِى يَوْمَيْنِ وَأَوْحَىٰ فِى كُلِّ سَمَآءٍ أَمْرَهَا وَزَيَّنَّا ٱلسَّمَآءَ ٱلدُّنْيَا بِمَصَٰبِيحَ وَحِفْظًا ذَٰلِكَ تَقْدِيرُ ٱلْعَزِيزِ ٱلْعَلِيمِ	فقضاهن سبع سماوات في يومين وأوحى في كل سماء أمرها وزينا السماء الدنيا بمصابيح وحفظا ذلك تقدير العزيز العليم
41	22	17	1	yaEolamu	يَعْلَمُ	Ealima	V	STEM|POS:V|IMPF|LEM:Ealima|ROOT:Elm|3MS	وَمَا كُنتُمْ تَسْتَتِرُونَ أَن يَشْهَدَ عَلَيْكُمْ سَمْعُكُمْ وَلَآ أَبْصَٰرُكُمْ وَلَا جُلُودُكُمْ وَلَٰكِن ظَنَنتُمْ أَنَّ ٱللَّهَ لَا يَعْلَمُ كَثِيرًا مِّمَّا تَعْمَلُونَ	وما كنتم تستترون أن يشهد عليكم سمعكم ولا أبصاركم ولا جلودكم ولكن ظننتم أن الله لا يعلم كثيرا مما تعملون
41	36	11	2	Ealiymu	عَلِيمُ	Ealiym	ADJ	STEM|POS:ADJ|LEM:Ealiym|ROOT:Elm|MS|NOM	وَإِمَّا يَنزَغَنَّكَ مِنَ ٱلشَّيْطَٰنِ نَزْغٌ فَٱسْتَعِذْ بِٱللَّهِ إِنَّهُۥ هُوَ ٱلسَّمِيعُ ٱلْعَلِيمُ	وإما ينزغنك من الشيطان نزغ فاستعذ بالله إنه هو السميع العليم
41	47	3	1	Eilomu	عِلْمُ	Eilom	N	STEM|POS:N|LEM:Eilom|ROOT:Elm|M|NOM	إِلَيْهِ يُرَدُّ عِلْمُ ٱلسَّاعَةِ وَمَا تَخْرُجُ مِن ثَمَرَٰتٍ مِّنْ أَكْمَامِهَا وَمَا تَحْمِلُ مِنْ أُنثَىٰ وَلَا تَضَعُ إِلَّا بِعِلْمِهِۦ وَيَوْمَ يُنَادِيهِمْ أَيْنَ شُرَكَآءِى قَالُوٓا۟ ءَاذَنَّٰكَ مَا مِنَّا مِن شَهِيدٍ	إليه يرد علم الساعة وما تخرج من ثمرات من أكمامها وما تحمل من أنثى ولا تضع إلا بعلمه ويوم يناديهم أين شركائي قالوا آذناك ما منا من شهيد
41	47	18	2	Eilomi	عِلْمِ	Eilom	N	STEM|POS:N|LEM:Eilom|ROOT:Elm|M|GEN	إِلَيْهِ يُرَدُّ عِلْمُ ٱلسَّاعَةِ وَمَا تَخْرُجُ مِن ثَمَرَٰتٍ مِّنْ أَكْمَامِهَا وَمَا تَحْمِلُ مِنْ أُنثَىٰ وَلَا تَضَعُ إِلَّا بِعِلْمِهِۦ وَيَوْمَ يُنَادِيهِمْ أَيْنَ شُرَكَآءِى قَالُوٓا۟ ءَاذَنَّٰكَ مَا مِنَّا مِن شَهِيدٍ	إليه يرد علم الساعة وما تخرج من ثمرات من أكمامها وما تحمل من أنثى ولا تضع إلا بعلمه ويوم يناديهم أين شركائي قالوا آذناك ما منا من شهيد
42	12	13	1	EaliymN	عَلِيمٌ	Ealiym	ADJ	STEM|POS:ADJ|LEM:Ealiym|ROOT:Elm|MS|INDEF|NOM	لَهُۥ مَقَالِيدُ ٱلسَّمَٰوَٰتِ وَٱلْأَرْضِ يَبْسُطُ ٱلرِّزْقَ لِمَن يَشَآءُ وَيَقْدِرُ إِنَّهُۥ بِكُلِّ شَىْءٍ عَلِيمٌ	له مقاليد السماوات والأرض يبسط الرزق لمن يشاء ويقدر إنه بكل شيء عليم
42	14	8	2	Eilomu	عِلْمُ	Eilom	N	STEM|POS:N|LEM:Eilom|ROOT:Elm|M|NOM	وَمَا تَفَرَّقُوٓا۟ إِلَّا مِنۢ بَعْدِ مَا جَآءَهُمُ ٱلْعِلْمُ بَغْيًۢا بَيْنَهُمْ وَلَوْلَا كَلِمَةٌ سَبَقَتْ مِن رَّبِّكَ إِلَىٰٓ أَجَلٍ مُّسَمًّى لَّقُضِىَ بَيْنَهُمْ وَإِنَّ ٱلَّذِينَ أُورِثُوا۟ ٱلْكِتَٰبَ مِنۢ بَعْدِهِمْ لَفِى شَكٍّ مِّنْهُ مُرِيبٍ	وما تفرقوا إلا من بعد ما جاءهم العلم بغيا بينهم ولولا كلمة سبقت من ربك إلى أجل مسمى لقضي بينهم وإن الذين أورثوا الكتاب من بعدهم لفي شك منه مريب
42	18	11	2	yaEolamu	يَعْلَمُ	Ealima	V	STEM|POS:V|IMPF|LEM:Ealima|ROOT:Elm|3MP	يَسْتَعْجِلُ بِهَا ٱلَّذِينَ لَا يُؤْمِنُونَ بِهَا وَٱلَّذِينَ ءَامَنُوا۟ مُشْفِقُونَ مِنْهَا وَيَعْلَمُونَ أَنَّهَا ٱلْحَقُّ أَلَآ إِنَّ ٱلَّذِينَ يُمَارُونَ فِى ٱلسَّاعَةِ لَفِى ضَلَٰلٍۭ بَعِيدٍ	يستعجل بها الذين لا يؤمنون بها والذين آمنوا مشفقون منها ويعلمون أنها الحق ألا إن الذين يمارون في الساعة لفي ضلال بعيد
42	24	20	1	EaliymN[	عَلِيمٌ[	Ealiym	N	STEM|POS:N|LEM:Ealiym|ROOT:Elm|MS|INDEF|NOM	أَمْ يَقُولُونَ ٱفْتَرَىٰ عَلَى ٱللَّهِ كَذِبًا فَإِن يَشَإِ ٱللَّهُ يَخْتِمْ عَلَىٰ قَلْبِكَ وَيَمْحُ ٱللَّهُ ٱلْبَٰطِلَ وَيُحِقُّ ٱلْحَقَّ بِكَلِمَٰتِهِۦٓ إِنَّهُۥ عَلِيمٌۢ بِذَاتِ ٱلصُّدُورِ	أم يقولون افترى على الله كذبا فإن يشإ الله يختم على قلبك ويمح الله الباطل ويحق الحق بكلماته إنه عليم بذات الصدور
42	25	10	2	yaEolamu	يَعْلَمُ	Ealima	V	STEM|POS:V|IMPF|LEM:Ealima|ROOT:Elm|3MS	وَهُوَ ٱلَّذِى يَقْبَلُ ٱلتَّوْبَةَ عَنْ عِبَادِهِۦ وَيَعْفُوا۟ عَنِ ٱلسَّيِّـَٔاتِ وَيَعْلَمُ مَا تَفْعَلُونَ	وهو الذي يقبل التوبة عن عباده ويعفو عن السيئات ويعلم ما تفعلون
42	32	6	3	>aEola`mi	أَعْلَٰمِ	>aEola`m	N	STEM|POS:N|LEM:>aEola`m|ROOT:Elm|MP|GEN	وَمِنْ ءَايَٰتِهِ ٱلْجَوَارِ فِى ٱلْبَحْرِ كَٱلْأَعْلَٰمِ	ومن آياته الجوار في البحر كالأعلام
42	35	1	2	yaEolama	يَعْلَمَ	Ealima	V	STEM|POS:V|IMPF|LEM:Ealima|ROOT:Elm|3MS|MOOD:SUBJ	وَيَعْلَمَ ٱلَّذِينَ يُجَٰدِلُونَ فِىٓ ءَايَٰتِنَا مَا لَهُم مِّن مَّحِيصٍ	ويعلم الذين يجادلون في آياتنا ما لهم من محيص
42	50	10	1	EaliymN	عَلِيمٌ	Ealiym	N	STEM|POS:N|LEM:Ealiym|ROOT:Elm|MS|INDEF|NOM	أَوْ يُزَوِّجُهُمْ ذُكْرَانًا وَإِنَٰثًا وَيَجْعَلُ مَن يَشَآءُ عَقِيمًا إِنَّهُۥ عَلِيمٌ قَدِيرٌ	أو يزوجهم ذكرانا وإناثا ويجعل من يشاء عقيما إنه عليم قدير
43	9	10	2	Ealiymu	عَلِيمُ	Ealiym	ADJ	STEM|POS:ADJ|LEM:Ealiym|ROOT:Elm|MS|NOM	وَلَئِن سَأَلْتَهُم مَّنْ خَلَقَ ٱلسَّمَٰوَٰتِ وَٱلْأَرْضَ لَيَقُولُنَّ خَلَقَهُنَّ ٱلْعَزِيزُ ٱلْعَلِيمُ	ولئن سألتهم من خلق السماوات والأرض ليقولن خلقهن العزيز العليم
43	20	11	1	EilomK	عِلْمٍ	Eilom	N	STEM|POS:N|LEM:Eilom|ROOT:Elm|M|INDEF|GEN	وَقَالُوا۟ لَوْ شَآءَ ٱلرَّحْمَٰنُ مَا عَبَدْنَٰهُم مَّا لَهُم بِذَٰلِكَ مِنْ عِلْمٍ إِنْ هُمْ إِلَّا يَخْرُصُونَ	وقالوا لو شاء الرحمن ما عبدناهم ما لهم بذلك من علم إن هم إلا يخرصون
43	46	12	2	Ea`lamiyna	عَٰلَمِينَ	Ea`lamiyn	N	STEM|POS:N|LEM:Ea`lamiyn|ROOT:Elm|MP|GEN	وَلَقَدْ أَرْسَلْنَا مُوسَىٰ بِـَٔايَٰتِنَآ إِلَىٰ فِرْعَوْنَ وَمَلَإِي۟هِۦ فَقَالَ إِنِّى رَسُولُ رَبِّ ٱلْعَٰلَمِينَ	ولقد أرسلنا موسى بآياتنا إلى فرعون وملئه فقال إني رسول رب العالمين
43	61	2	2	EilomN	عِلْمٌ	Eilom	N	STEM|POS:N|LEM:Eilom|ROOT:Elm|M|INDEF|NOM	وَإِنَّهُۥ لَعِلْمٌ لِّلسَّاعَةِ فَلَا تَمْتَرُنَّ بِهَا وَٱتَّبِعُونِ هَٰذَا صِرَٰطٌ مُّسْتَقِيمٌ	وإنه لعلم للساعة فلا تمترن بها واتبعون هذا صراط مستقيم
43	84	11	2	Ealiymu	عَلِيمُ	Ealiym	ADJ	STEM|POS:ADJ|LEM:Ealiym|ROOT:Elm|MS|NOM	وَهُوَ ٱلَّذِى فِى ٱلسَّمَآءِ إِلَٰهٌ وَفِى ٱلْأَرْضِ إِلَٰهٌ وَهُوَ ٱلْحَكِيمُ ٱلْعَلِيمُ	وهو الذي في السماء إله وفي الأرض إله وهو الحكيم العليم
43	85	10	1	Eilomu	عِلْمُ	Eilom	N	STEM|POS:N|LEM:Eilom|ROOT:Elm|M|NOM	وَتَبَارَكَ ٱلَّذِى لَهُۥ مُلْكُ ٱلسَّمَٰوَٰتِ وَٱلْأَرْضِ وَمَا بَيْنَهُمَا وَعِندَهُۥ عِلْمُ ٱلسَّاعَةِ وَإِلَيْهِ تُرْجَعُونَ	وتبارك الذي له ملك السماوات والأرض وما بينهما وعنده علم الساعة وإليه ترجعون
43	86	13	1	yaEolamu	يَعْلَمُ	Ealima	V	STEM|POS:V|IMPF|LEM:Ealima|ROOT:Elm|3MP	وَلَا يَمْلِكُ ٱلَّذِينَ يَدْعُونَ مِن دُونِهِ ٱلشَّفَٰعَةَ إِلَّا مَن شَهِدَ بِٱلْحَقِّ وَهُمْ يَعْلَمُونَ	ولا يملك الذين يدعون من دونه الشفاعة إلا من شهد بالحق وهم يعلمون
43	89	6	1	yaEolamu	يَعْلَمُ	Ealima	V	STEM|POS:V|IMPF|LEM:Ealima|ROOT:Elm|3MP	فَٱصْفَحْ عَنْهُمْ وَقُلْ سَلَٰمٌ فَسَوْفَ يَعْلَمُونَ	فاصفح عنهم وقل سلام فسوف يعلمون
44	6	7	2	Ealiymu	عَلِيمُ	Ealiym	ADJ	STEM|POS:ADJ|LEM:Ealiym|ROOT:Elm|MS|NOM	رَحْمَةً مِّن رَّبِّكَ إِنَّهُۥ هُوَ ٱلسَّمِيعُ ٱلْعَلِيمُ	رحمة من ربك إنه هو السميع العليم
44	14	5	1	muEal~amN	مُعَلَّمٌ	muEal~am	N	STEM|POS:N|PASS|PCPL|(II)|LEM:muEal~am|ROOT:Elm|M|INDEF|NOM	ثُمَّ تَوَلَّوْا۟ عَنْهُ وَقَالُوا۟ مُعَلَّمٌ مَّجْنُونٌ	ثم تولوا عنه وقالوا معلم مجنون
44	32	4	1	EilomK	عِلْمٍ	Eilom	N	STEM|POS:N|LEM:Eilom|ROOT:Elm|M|INDEF|GEN	وَلَقَدِ ٱخْتَرْنَٰهُمْ عَلَىٰ عِلْمٍ عَلَى ٱلْعَٰلَمِينَ	ولقد اخترناهم على علم على العالمين
44	32	6	2	Ea`lamiyna	عَٰلَمِينَ	Ea`lamiyn	N	STEM|POS:N|LEM:Ea`lamiyn|ROOT:Elm|MP|GEN	وَلَقَدِ ٱخْتَرْنَٰهُمْ عَلَىٰ عِلْمٍ عَلَى ٱلْعَٰلَمِينَ	ولقد اخترناهم على علم على العالمين
44	39	8	1	yaEolamu	يَعْلَمُ	Ealima	V	STEM|POS:V|IMPF|LEM:Ealima|ROOT:Elm|3MP	مَا خَلَقْنَٰهُمَآ إِلَّا بِٱلْحَقِّ وَلَٰكِنَّ أَكْثَرَهُمْ لَا يَعْلَمُونَ	ما خلقناهما إلا بالحق ولكن أكثرهم لا يعلمون
45	9	2	1	Ealima	عَلِمَ	Ealima	V	STEM|POS:V|PERF|LEM:Ealima|ROOT:Elm|3MS	وَإِذَا عَلِمَ مِنْ ءَايَٰتِنَا شَيْـًٔا ٱتَّخَذَهَا هُزُوًا أُو۟لَٰٓئِكَ لَهُمْ عَذَابٌ مُّهِينٌ	وإذا علم من آياتنا شيئا اتخذها هزوا أولئك لهم عذاب مهين
45	16	13	2	Ea`lamiyna	عَٰلَمِينَ	Ea`lamiyn	N	STEM|POS:N|LEM:Ea`lamiyn|ROOT:Elm|MP|GEN	وَلَقَدْ ءَاتَيْنَا بَنِىٓ إِسْرَٰٓءِيلَ ٱلْكِتَٰبَ وَٱلْحُكْمَ وَٱلنُّبُوَّةَ وَرَزَقْنَٰهُم مِّنَ ٱلطَّيِّبَٰتِ وَفَضَّلْنَٰهُمْ عَلَى ٱلْعَٰلَمِينَ	ولقد آتينا بني إسرائيل الكتاب والحكم والنبوة ورزقناهم من الطيبات وفضلناهم على العالمين
45	17	12	2	Eilomu	عِلْمُ	Eilom	N	STEM|POS:N|LEM:Eilom|ROOT:Elm|M|NOM	وَءَاتَيْنَٰهُم بَيِّنَٰتٍ مِّنَ ٱلْأَمْرِ فَمَا ٱخْتَلَفُوٓا۟ إِلَّا مِنۢ بَعْدِ مَا جَآءَهُمُ ٱلْعِلْمُ بَغْيًۢا بَيْنَهُمْ إِنَّ رَبَّكَ يَقْضِى بَيْنَهُمْ يَوْمَ ٱلْقِيَٰمَةِ فِيمَا كَانُوا۟ فِيهِ يَخْتَلِفُونَ	وآتيناهم بينات من الأمر فما اختلفوا إلا من بعد ما جاءهم العلم بغيا بينهم إن ربك يقضي بينهم يوم القيامة فيما كانوا فيه يختلفون
45	18	13	1	yaEolamu	يَعْلَمُ	Ealima	V	STEM|POS:V|IMPF|LEM:Ealima|ROOT:Elm|3MP	ثُمَّ جَعَلْنَٰكَ عَلَىٰ شَرِيعَةٍ مِّنَ ٱلْأَمْرِ فَٱتَّبِعْهَا وَلَا تَتَّبِعْ أَهْوَآءَ ٱلَّذِينَ لَا يَعْلَمُونَ	ثم جعلناك على شريعة من الأمر فاتبعها ولا تتبع أهواء الذين لا يعلمون
45	23	9	1	EilomK	عِلْمٍ	Eilom	N	STEM|POS:N|LEM:Eilom|ROOT:Elm|M|INDEF|GEN	أَفَرَءَيْتَ مَنِ ٱتَّخَذَ إِلَٰهَهُۥ هَوَىٰهُ وَأَضَلَّهُ ٱللَّهُ عَلَىٰ عِلْمٍ وَخَتَمَ عَلَىٰ سَمْعِهِۦ وَقَلْبِهِۦ وَجَعَلَ عَلَىٰ بَصَرِهِۦ غِشَٰوَةً فَمَن يَهْدِيهِ مِنۢ بَعْدِ ٱللَّهِ أَفَلَا تَذَكَّرُونَ	أفرأيت من اتخذ إلهه هواه وأضله الله على علم وختم على سمعه وقلبه وجعل على بصره غشاوة فمن يهديه من بعد الله أفلا تذكرون
45	24	17	1	EilomK	عِلْمٍ	Eilom	N	STEM|POS:N|LEM:Eilom|ROOT:Elm|M|INDEF|GEN	وَقَالُوا۟ مَا هِىَ إِلَّا حَيَاتُنَا ٱلدُّنْيَا نَمُوتُ وَنَحْيَا وَمَا يُهْلِكُنَآ إِلَّا ٱلدَّهْرُ وَمَا لَهُم بِذَٰلِكَ مِنْ عِلْمٍ إِنْ هُمْ إِلَّا يَظُنُّونَ	وقالوا ما هي إلا حياتنا الدنيا نموت ونحيا وما يهلكنا إلا الدهر وما لهم بذلك من علم إن هم إلا يظنون
45	26	18	1	yaEolamu	يَعْلَمُ	Ealima	V	STEM|POS:V|IMPF|LEM:Ealima|ROOT:Elm|3MP	قُلِ ٱللَّهُ يُحْيِيكُمْ ثُمَّ يُمِيتُكُمْ ثُمَّ يَجْمَعُكُمْ إِلَىٰ يَوْمِ ٱلْقِيَٰمَةِ لَا رَيْبَ فِيهِ وَلَٰكِنَّ أَكْثَرَ ٱلنَّاسِ لَا يَعْلَمُونَ	قل الله يحييكم ثم يميتكم ثم يجمعكم إلى يوم القيامة لا ريب فيه ولكن أكثر الناس لا يعلمون
45	36	8	2	Ea`lamiyna	عَٰلَمِينَ	Ea`lamiyn	N	STEM|POS:N|LEM:Ea`lamiyn|ROOT:Elm|MP|GEN	فَلِلَّهِ ٱلْحَمْدُ رَبِّ ٱلسَّمَٰوَٰتِ وَرَبِّ ٱلْأَرْضِ رَبِّ ٱلْعَٰلَمِينَ	فلله الحمد رب السماوات ورب الأرض رب العالمين
46	4	26	1	EilomK	عِلْمٍ	Eilom	N	STEM|POS:N|LEM:Eilom|ROOT:Elm|M|INDEF|GEN	قُلْ أَرَءَيْتُم مَّا تَدْعُونَ مِن دُونِ ٱللَّهِ أَرُونِى مَاذَا خَلَقُوا۟ مِنَ ٱلْأَرْضِ أَمْ لَهُمْ شِرْكٌ فِى ٱلسَّمَٰوَٰتِ ٱئْتُونِى بِكِتَٰبٍ مِّن قَبْلِ هَٰذَآ أَوْ أَثَٰرَةٍ مِّنْ عِلْمٍ إِن كُنتُمْ صَٰدِقِينَ	قل أرأيتم ما تدعون من دون الله أروني ماذا خلقوا من الأرض أم لهم شرك في السماوات ائتوني بكتاب من قبل هذا أو أثارة من علم إن كنتم صادقين
46	8	14	1	>aEolamu	أَعْلَمُ	>aEolam	N	STEM|POS:N|LEM:>aEolam|ROOT:Elm|MS|NOM	أَمْ يَقُولُونَ ٱفْتَرَىٰهُ قُلْ إِنِ ٱفْتَرَيْتُهُۥ فَلَا تَمْلِكُونَ لِى مِنَ ٱللَّهِ شَيْـًٔا هُوَ أَعْلَمُ بِمَا تُفِيضُونَ فِيهِ كَفَىٰ بِهِۦ شَهِيدًۢا بَيْنِى وَبَيْنَكُمْ وَهُوَ ٱلْغَفُورُ ٱلرَّحِيمُ	أم يقولون افتراه قل إن افتريته فلا تملكون لي من الله شيئا هو أعلم بما تفيضون فيه كفى به شهيدا بيني وبينكم وهو الغفور الرحيم
46	23	3	2	Eilomu	عِلْمُ	Eilom	N	STEM|POS:N|LEM:Eilom|ROOT:Elm|M|NOM	قَالَ إِنَّمَا ٱلْعِلْمُ عِندَ ٱللَّهِ وَأُبَلِّغُكُم مَّآ أُرْسِلْتُ بِهِۦ وَلَٰكِنِّىٓ أَرَىٰكُمْ قَوْمًا تَجْهَلُونَ	قال إنما العلم عند الله وأبلغكم ما أرسلت به ولكني أراكم قوما تجهلون
47	16	13	2	Eiloma	عِلْمَ	Eilom	N	STEM|POS:N|LEM:Eilom|ROOT:Elm|M|ACC	وَمِنْهُم مَّن يَسْتَمِعُ إِلَيْكَ حَتَّىٰٓ إِذَا خَرَجُوا۟ مِنْ عِندِكَ قَالُوا۟ لِلَّذِينَ أُوتُوا۟ ٱلْعِلْمَ مَاذَا قَالَ ءَانِفًا أُو۟لَٰٓئِكَ ٱلَّذِينَ طَبَعَ ٱللَّهُ عَلَىٰ قُلُوبِهِمْ وَٱتَّبَعُوٓا۟ أَهْوَآءَهُمْ	ومنهم من يستمع إليك حتى إذا خرجوا من عندك قالوا للذين أوتوا العلم ماذا قال آنفا أولئك الذين طبع الله على قلوبهم واتبعوا أهواءهم
47	19	1	2	{Eolamo	ٱعْلَمْ	Ealima	V	STEM|POS:V|IMPV|LEM:Ealima|ROOT:Elm|2MS	فَٱعْلَمْ أَنَّهُۥ لَآ إِلَٰهَ إِلَّا ٱللَّهُ وَٱسْتَغْفِرْ لِذَنۢبِكَ وَلِلْمُؤْمِنِينَ وَٱلْمُؤْمِنَٰتِ وَٱللَّهُ يَعْلَمُ مُتَقَلَّبَكُمْ وَمَثْوَىٰكُمْ	فاعلم أنه لا إله إلا الله واستغفر لذنبك وللمؤمنين والمؤمنات والله يعلم متقلبكم ومثواكم
47	19	12	1	yaEolamu	يَعْلَمُ	Ealima	V	STEM|POS:V|IMPF|LEM:Ealima|ROOT:Elm|3MS	فَٱعْلَمْ أَنَّهُۥ لَآ إِلَٰهَ إِلَّا ٱللَّهُ وَٱسْتَغْفِرْ لِذَنۢبِكَ وَلِلْمُؤْمِنِينَ وَٱلْمُؤْمِنَٰتِ وَٱللَّهُ يَعْلَمُ مُتَقَلَّبَكُمْ وَمَثْوَىٰكُمْ	فاعلم أنه لا إله إلا الله واستغفر لذنبك وللمؤمنين والمؤمنات والله يعلم متقلبكم ومثواكم
47	26	14	1	yaEolamu	يَعْلَمُ	Ealima	V	STEM|POS:V|IMPF|LEM:Ealima|ROOT:Elm|3MS	ذَٰلِكَ بِأَنَّهُمْ قَالُوا۟ لِلَّذِينَ كَرِهُوا۟ مَا نَزَّلَ ٱللَّهُ سَنُطِيعُكُمْ فِى بَعْضِ ٱلْأَمْرِ وَٱللَّهُ يَعْلَمُ إِسْرَارَهُمْ	ذلك بأنهم قالوا للذين كرهوا ما نزل الله سنطيعكم في بعض الأمر والله يعلم إسرارهم
47	30	11	1	yaEolamu	يَعْلَمُ	Ealima	V	STEM|POS:V|IMPF|LEM:Ealima|ROOT:Elm|3MS	وَلَوْ نَشَآءُ لَأَرَيْنَٰكَهُمْ فَلَعَرَفْتَهُم بِسِيمَٰهُمْ وَلَتَعْرِفَنَّهُمْ فِى لَحْنِ ٱلْقَوْلِ وَٱللَّهُ يَعْلَمُ أَعْمَٰلَكُمْ	ولو نشاء لأريناكهم فلعرفتهم بسيماهم ولتعرفنهم في لحن القول والله يعلم أعمالكم
47	31	3	1	naEolama	نَعْلَمَ	Ealima	V	STEM|POS:V|IMPF|LEM:Ealima|ROOT:Elm|1P|MOOD:SUBJ	وَلَنَبْلُوَنَّكُمْ حَتَّىٰ نَعْلَمَ ٱلْمُجَٰهِدِينَ مِنكُمْ وَٱلصَّٰبِرِينَ وَنَبْلُوَا۟ أَخْبَارَكُمْ	ولنبلونكم حتى نعلم المجاهدين منكم والصابرين ونبلو أخباركم
48	4	18	1	EaliymFA	عَلِيمًا	Ealiym	N	STEM|POS:N|LEM:Ealiym|ROOT:Elm|MS|INDEF|ACC	هُوَ ٱلَّذِىٓ أَنزَلَ ٱلسَّكِينَةَ فِى قُلُوبِ ٱلْمُؤْمِنِينَ لِيَزْدَادُوٓا۟ إِيمَٰنًا مَّعَ إِيمَٰنِهِمْ وَلِلَّهِ جُنُودُ ٱلسَّمَٰوَٰتِ وَٱلْأَرْضِ وَكَانَ ٱللَّهُ عَلِيمًا حَكِيمًا	هو الذي أنزل السكينة في قلوب المؤمنين ليزدادوا إيمانا مع إيمانهم ولله جنود السماوات والأرض وكان الله عليما حكيما
48	18	10	2	Ealima	عَلِمَ	Ealima	V	STEM|POS:V|PERF|LEM:Ealima|ROOT:Elm|3MS	لَّقَدْ رَضِىَ ٱللَّهُ عَنِ ٱلْمُؤْمِنِينَ إِذْ يُبَايِعُونَكَ تَحْتَ ٱلشَّجَرَةِ فَعَلِمَ مَا فِى قُلُوبِهِمْ فَأَنزَلَ ٱلسَّكِينَةَ عَلَيْهِمْ وَأَثَٰبَهُمْ فَتْحًا قَرِيبًا	لقد رضي الله عن المؤمنين إذ يبايعونك تحت الشجرة فعلم ما في قلوبهم فأنزل السكينة عليهم وأثابهم فتحا قريبا
48	25	19	1	taEolamu	تَعْلَمُ	Ealima	V	STEM|POS:V|IMPF|LEM:Ealima|ROOT:Elm|2MP|MOOD:JUS	هُمُ ٱلَّذِينَ كَفَرُوا۟ وَصَدُّوكُمْ عَنِ ٱلْمَسْجِدِ ٱلْحَرَامِ وَٱلْهَدْىَ مَعْكُوفًا أَن يَبْلُغَ مَحِلَّهُۥ وَلَوْلَا رِجَالٌ مُّؤْمِنُونَ وَنِسَآءٌ مُّؤْمِنَٰتٌ لَّمْ تَعْلَمُوهُمْ أَن تَطَـُٔوهُمْ فَتُصِيبَكُم مِّنْهُم مَّعَرَّةٌۢ بِغَيْرِ عِلْمٍ لِّيُدْخِلَ ٱللَّهُ فِى رَحْمَتِهِۦ مَن يَشَآءُ لَوْ تَزَيَّلُوا۟ لَعَذَّبْنَا ٱلَّذِينَ كَفَرُوا۟ مِنْهُمْ عَذَابًا أَلِيمًا	هم الذين كفروا وصدوكم عن المسجد الحرام والهدي معكوفا أن يبلغ محله ولولا رجال مؤمنون ونساء مؤمنات لم تعلموهم أن تطئوهم فتصيبكم منهم معرة بغير علم ليدخل الله في رحمته من يشاء لو تزيلوا لعذبنا الذين كفروا منهم عذابا أليما
48	25	26	1	EilomK	عِلْمٍ	Eilom	N	STEM|POS:N|LEM:Eilom|ROOT:Elm|M|INDEF|GEN	هُمُ ٱلَّذِينَ كَفَرُوا۟ وَصَدُّوكُمْ عَنِ ٱلْمَسْجِدِ ٱلْحَرَامِ وَٱلْهَدْىَ مَعْكُوفًا أَن يَبْلُغَ مَحِلَّهُۥ وَلَوْلَا رِجَالٌ مُّؤْمِنُونَ وَنِسَآءٌ مُّؤْمِنَٰتٌ لَّمْ تَعْلَمُوهُمْ أَن تَطَـُٔوهُمْ فَتُصِيبَكُم مِّنْهُم مَّعَرَّةٌۢ بِغَيْرِ عِلْمٍ لِّيُدْخِلَ ٱللَّهُ فِى رَحْمَتِهِۦ مَن يَشَآءُ لَوْ تَزَيَّلُوا۟ لَعَذَّبْنَا ٱلَّذِينَ كَفَرُوا۟ مِنْهُمْ عَذَابًا أَلِيمًا	هم الذين كفروا وصدوكم عن المسجد الحرام والهدي معكوفا أن يبلغ محله ولولا رجال مؤمنون ونساء مؤمنات لم تعلموهم أن تطئوهم فتصيبكم منهم معرة بغير علم ليدخل الله في رحمته من يشاء لو تزيلوا لعذبنا الذين كفروا منهم عذابا أليما
48	26	28	1	EaliymFA	عَلِيمًا	Ealiym	ADJ	STEM|POS:ADJ|LEM:Ealiym|ROOT:Elm|MS|INDEF|ACC	إِذْ جَعَلَ ٱلَّذِينَ كَفَرُوا۟ فِى قُلُوبِهِمُ ٱلْحَمِيَّةَ حَمِيَّةَ ٱلْجَٰهِلِيَّةِ فَأَنزَلَ ٱللَّهُ سَكِينَتَهُۥ عَلَىٰ رَسُولِهِۦ وَعَلَى ٱلْمُؤْمِنِينَ وَأَلْزَمَهُمْ كَلِمَةَ ٱلتَّقْوَىٰ وَكَانُوٓا۟ أَحَقَّ بِهَا وَأَهْلَهَا وَكَانَ ٱللَّهُ بِكُلِّ شَىْءٍ عَلِيمًا	إذ جعل الذين كفروا في قلوبهم الحمية حمية الجاهلية فأنزل الله سكينته على رسوله وعلى المؤمنين وألزمهم كلمة التقوى وكانوا أحق بها وأهلها وكان الله بكل شيء عليما
48	27	19	2	Ealima	عَلِمَ	Ealima	V	STEM|POS:V|PERF|LEM:Ealima|ROOT:Elm|3MS	لَّقَدْ صَدَقَ ٱللَّهُ رَسُولَهُ ٱلرُّءْيَا بِٱلْحَقِّ لَتَدْخُلُنَّ ٱلْمَسْجِدَ ٱلْحَرَامَ إِن شَآءَ ٱللَّهُ ءَامِنِينَ مُحَلِّقِينَ رُءُوسَكُمْ وَمُقَصِّرِينَ لَا تَخَافُونَ فَعَلِمَ مَا لَمْ تَعْلَمُوا۟ فَجَعَلَ مِن دُونِ ذَٰلِكَ فَتْحًا قَرِيبًا	لقد صدق الله رسوله الرؤيا بالحق لتدخلن المسجد الحرام إن شاء الله آمنين محلقين رءوسكم ومقصرين لا تخافون فعلم ما لم تعلموا فجعل من دون ذلك فتحا قريبا
48	27	22	1	taEolamu	تَعْلَمُ	Ealima	V	STEM|POS:V|IMPF|LEM:Ealima|ROOT:Elm|2MP|MOOD:JUS	لَّقَدْ صَدَقَ ٱللَّهُ رَسُولَهُ ٱلرُّءْيَا بِٱلْحَقِّ لَتَدْخُلُنَّ ٱلْمَسْجِدَ ٱلْحَرَامَ إِن شَآءَ ٱللَّهُ ءَامِنِينَ مُحَلِّقِينَ رُءُوسَكُمْ وَمُقَصِّرِينَ لَا تَخَافُونَ فَعَلِمَ مَا لَمْ تَعْلَمُوا۟ فَجَعَلَ مِن دُونِ ذَٰلِكَ فَتْحًا قَرِيبًا	لقد صدق الله رسوله الرؤيا بالحق لتدخلن المسجد الحرام إن شاء الله آمنين محلقين رءوسكم ومقصرين لا تخافون فعلم ما لم تعلموا فجعل من دون ذلك فتحا قريبا
49	1	15	1	EaliymN	عَلِيمٌ	Ealiym	ADJ	STEM|POS:ADJ|LEM:Ealiym|ROOT:Elm|MS|INDEF|NOM	بِسْمِ ٱللَّهِ ٱلرَّحْمَٰنِ ٱلرَّحِيمِ يَٰٓأَيُّهَا ٱلَّذِينَ ءَامَنُوا۟ لَا تُقَدِّمُوا۟ بَيْنَ يَدَىِ ٱللَّهِ وَرَسُولِهِۦ وَٱتَّقُوا۟ ٱللَّهَ إِنَّ ٱللَّهَ سَمِيعٌ عَلِيمٌ	بسم الله الرحمن الرحيم يا أيها الذين آمنوا لا تقدموا بين يدي الله ورسوله واتقوا الله إن الله سميع عليم
49	7	1	2	{Eolamu	ٱعْلَمُ	Ealima	V	STEM|POS:V|IMPV|LEM:Ealima|ROOT:Elm|2MP	وَٱعْلَمُوٓا۟ أَنَّ فِيكُمْ رَسُولَ ٱللَّهِ لَوْ يُطِيعُكُمْ فِى كَثِيرٍ مِّنَ ٱلْأَمْرِ لَعَنِتُّمْ وَلَٰكِنَّ ٱللَّهَ حَبَّبَ إِلَيْكُمُ ٱلْإِيمَٰنَ وَزَيَّنَهُۥ فِى قُلُوبِكُمْ وَكَرَّهَ إِلَيْكُمُ ٱلْكُفْرَ وَٱلْفُسُوقَ وَٱلْعِصْيَانَ أُو۟لَٰٓئِكَ هُمُ ٱلرَّٰشِدُونَ	واعلموا أن فيكم رسول الله لو يطيعكم في كثير من الأمر لعنتم ولكن الله حبب إليكم الإيمان وزينه في قلوبكم وكره إليكم الكفر والفسوق والعصيان أولئك هم الراشدون
49	8	6	1	EaliymN	عَلِيمٌ	Ealiym	ADJ	STEM|POS:ADJ|LEM:Ealiym|ROOT:Elm|MS|INDEF|NOM	فَضْلًا مِّنَ ٱللَّهِ وَنِعْمَةً وَٱللَّهُ عَلِيمٌ حَكِيمٌ	فضلا من الله ونعمة والله عليم حكيم
49	13	19	1	EaliymN	عَلِيمٌ	Ealiym	ADJ	STEM|POS:ADJ|LEM:Ealiym|ROOT:Elm|MS|INDEF|NOM	يَٰٓأَيُّهَا ٱلنَّاسُ إِنَّا خَلَقْنَٰكُم مِّن ذَكَرٍ وَأُنثَىٰ وَجَعَلْنَٰكُمْ شُعُوبًا وَقَبَآئِلَ لِتَعَارَفُوٓا۟ إِنَّ أَكْرَمَكُمْ عِندَ ٱللَّهِ أَتْقَىٰكُمْ إِنَّ ٱللَّهَ عَلِيمٌ خَبِيرٌ	يا أيها الناس إنا خلقناكم من ذكر وأنثى وجعلناكم شعوبا وقبائل لتعارفوا إن أكرمكم عند الله أتقاكم إن الله عليم خبير
49	16	2	2	tuEal~imu	تُعَلِّمُ	Eal~ama	V	STEM|POS:V|IMPF|(II)|LEM:Eal~ama|ROOT:Elm|2MP	قُلْ أَتُعَلِّمُونَ ٱللَّهَ بِدِينِكُمْ وَٱللَّهُ يَعْلَمُ مَا فِى ٱلسَّمَٰوَٰتِ وَمَا فِى ٱلْأَرْضِ وَٱللَّهُ بِكُلِّ شَىْءٍ عَلِيمٌ	قل أتعلمون الله بدينكم والله يعلم ما في السماوات وما في الأرض والله بكل شيء عليم
49	16	6	1	yaEolamu	يَعْلَمُ	Ealima	V	STEM|POS:V|IMPF|LEM:Ealima|ROOT:Elm|3MS	قُلْ أَتُعَلِّمُونَ ٱللَّهَ بِدِينِكُمْ وَٱللَّهُ يَعْلَمُ مَا فِى ٱلسَّمَٰوَٰتِ وَمَا فِى ٱلْأَرْضِ وَٱللَّهُ بِكُلِّ شَىْءٍ عَلِيمٌ	قل أتعلمون الله بدينكم والله يعلم ما في السماوات وما في الأرض والله بكل شيء عليم
49	16	16	1	EaliymN	عَلِيمٌ	Ealiym	ADJ	STEM|POS:ADJ|LEM:Ealiym|ROOT:Elm|MS|INDEF|NOM	قُلْ أَتُعَلِّمُونَ ٱللَّهَ بِدِينِكُمْ وَٱللَّهُ يَعْلَمُ مَا فِى ٱلسَّمَٰوَٰتِ وَمَا فِى ٱلْأَرْضِ وَٱللَّهُ بِكُلِّ شَىْءٍ عَلِيمٌ	قل أتعلمون الله بدينكم والله يعلم ما في السماوات وما في الأرض والله بكل شيء عليم
49	18	3	1	yaEolamu	يَعْلَمُ	Ealima	V	STEM|POS:V|IMPF|LEM:Ealima|ROOT:Elm|3MS	إِنَّ ٱللَّهَ يَعْلَمُ غَيْبَ ٱلسَّمَٰوَٰتِ وَٱلْأَرْضِ وَٱللَّهُ بَصِيرٌۢ بِمَا تَعْمَلُونَ	إن الله يعلم غيب السماوات والأرض والله بصير بما تعملون
50	4	2	1	Ealimo	عَلِمْ	Ealima	V	STEM|POS:V|PERF|LEM:Ealima|ROOT:Elm|1P	قَدْ عَلِمْنَا مَا تَنقُصُ ٱلْأَرْضُ مِنْهُمْ وَعِندَنَا كِتَٰبٌ حَفِيظٌۢ	قد علمنا ما تنقص الأرض منهم وعندنا كتاب حفيظ
50	16	4	2	naEolamu	نَعْلَمُ	Ealima	V	STEM|POS:V|IMPF|LEM:Ealima|ROOT:Elm|1P	وَلَقَدْ خَلَقْنَا ٱلْإِنسَٰنَ وَنَعْلَمُ مَا تُوَسْوِسُ بِهِۦ نَفْسُهُۥ وَنَحْنُ أَقْرَبُ إِلَيْهِ مِنْ حَبْلِ ٱلْوَرِيدِ	ولقد خلقنا الإنسان ونعلم ما توسوس به نفسه ونحن أقرب إليه من حبل الوريد
50	45	2	1	>aEolamu	أَعْلَمُ	>aEolam	N	STEM|POS:N|LEM:>aEolam|ROOT:Elm|MS|NOM	نَّحْنُ أَعْلَمُ بِمَا يَقُولُونَ وَمَآ أَنتَ عَلَيْهِم بِجَبَّارٍ فَذَكِّرْ بِٱلْقُرْءَانِ مَن يَخَافُ وَعِيدِ	نحن أعلم بما يقولون وما أنت عليهم بجبار فذكر بالقرآن من يخاف وعيد
51	28	9	1	EaliymK	عَلِيمٍ	Ealiym	ADJ	STEM|POS:ADJ|LEM:Ealiym|ROOT:Elm|MS|INDEF|GEN	فَأَوْجَسَ مِنْهُمْ خِيفَةً قَالُوا۟ لَا تَخَفْ وَبَشَّرُوهُ بِغُلَٰمٍ عَلِيمٍ	فأوجس منهم خيفة قالوا لا تخف وبشروه بغلام عليم
51	30	8	2	Ealiymu	عَلِيمُ	Ealiym	ADJ	STEM|POS:ADJ|LEM:Ealiym|ROOT:Elm|MS|NOM	قَالُوا۟ كَذَٰلِكِ قَالَ رَبُّكِ إِنَّهُۥ هُوَ ٱلْحَكِيمُ ٱلْعَلِيمُ	قالوا كذلك قال ربك إنه هو الحكيم العليم
52	47	10	1	yaEolamu	يَعْلَمُ	Ealima	V	STEM|POS:V|IMPF|LEM:Ealima|ROOT:Elm|3MP	وَإِنَّ لِلَّذِينَ ظَلَمُوا۟ عَذَابًا دُونَ ذَٰلِكَ وَلَٰكِنَّ أَكْثَرَهُمْ لَا يَعْلَمُونَ	وإن للذين ظلموا عذابا دون ذلك ولكن أكثرهم لا يعلمون
53	5	1	1	Eal~ama	عَلَّمَ	Eal~ama	V	STEM|POS:V|PERF|(II)|LEM:Eal~ama|ROOT:Elm|3MS	عَلَّمَهُۥ شَدِيدُ ٱلْقُوَىٰ	علمه شديد القوى
53	28	5	1	EilomK	عِلْمٍ	Eilom	N	STEM|POS:N|LEM:Eilom|ROOT:Elm|M|INDEF|GEN	وَمَا لَهُم بِهِۦ مِنْ عِلْمٍ إِن يَتَّبِعُونَ إِلَّا ٱلظَّنَّ وَإِنَّ ٱلظَّنَّ لَا يُغْنِى مِنَ ٱلْحَقِّ شَيْـًٔا	وما لهم به من علم إن يتبعون إلا الظن وإن الظن لا يغني من الحق شيئا
53	30	4	2	Eilomi	عِلْمِ	Eilom	N	STEM|POS:N|LEM:Eilom|ROOT:Elm|M|GEN	ذَٰلِكَ مَبْلَغُهُم مِّنَ ٱلْعِلْمِ إِنَّ رَبَّكَ هُوَ أَعْلَمُ بِمَن ضَلَّ عَن سَبِيلِهِۦ وَهُوَ أَعْلَمُ بِمَنِ ٱهْتَدَىٰ	ذلك مبلغهم من العلم إن ربك هو أعلم بمن ضل عن سبيله وهو أعلم بمن اهتدى
53	30	8	1	>aEolamu	أَعْلَمُ	>aEolam	N	STEM|POS:N|LEM:>aEolam|ROOT:Elm|MS|NOM	ذَٰلِكَ مَبْلَغُهُم مِّنَ ٱلْعِلْمِ إِنَّ رَبَّكَ هُوَ أَعْلَمُ بِمَن ضَلَّ عَن سَبِيلِهِۦ وَهُوَ أَعْلَمُ بِمَنِ ٱهْتَدَىٰ	ذلك مبلغهم من العلم إن ربك هو أعلم بمن ضل عن سبيله وهو أعلم بمن اهتدى
53	30	14	1	>aEolamu	أَعْلَمُ	>aEolam	N	STEM|POS:N|LEM:>aEolam|ROOT:Elm|MS|NOM	ذَٰلِكَ مَبْلَغُهُم مِّنَ ٱلْعِلْمِ إِنَّ رَبَّكَ هُوَ أَعْلَمُ بِمَن ضَلَّ عَن سَبِيلِهِۦ وَهُوَ أَعْلَمُ بِمَنِ ٱهْتَدَىٰ	ذلك مبلغهم من العلم إن ربك هو أعلم بمن ضل عن سبيله وهو أعلم بمن اهتدى
53	32	13	1	>aEolamu	أَعْلَمُ	>aEolam	N	STEM|POS:N|LEM:>aEolam|ROOT:Elm|MS|NOM	ٱلَّذِينَ يَجْتَنِبُونَ كَبَٰٓئِرَ ٱلْإِثْمِ وَٱلْفَوَٰحِشَ إِلَّا ٱللَّمَمَ إِنَّ رَبَّكَ وَٰسِعُ ٱلْمَغْفِرَةِ هُوَ أَعْلَمُ بِكُمْ إِذْ أَنشَأَكُم مِّنَ ٱلْأَرْضِ وَإِذْ أَنتُمْ أَجِنَّةٌ فِى بُطُونِ أُمَّهَٰتِكُمْ فَلَا تُزَكُّوٓا۟ أَنفُسَكُمْ هُوَ أَعْلَمُ بِمَنِ ٱتَّقَىٰٓ	الذين يجتنبون كبائر الإثم والفواحش إلا اللمم إن ربك واسع المغفرة هو أعلم بكم إذ أنشأكم من الأرض وإذ أنتم أجنة في بطون أمهاتكم فلا تزكوا أنفسكم هو أعلم بمن اتقى
53	32	29	1	>aEolamu	أَعْلَمُ	>aEolam	N	STEM|POS:N|LEM:>aEolam|ROOT:Elm|MS|NOM	ٱلَّذِينَ يَجْتَنِبُونَ كَبَٰٓئِرَ ٱلْإِثْمِ وَٱلْفَوَٰحِشَ إِلَّا ٱللَّمَمَ إِنَّ رَبَّكَ وَٰسِعُ ٱلْمَغْفِرَةِ هُوَ أَعْلَمُ بِكُمْ إِذْ أَنشَأَكُم مِّنَ ٱلْأَرْضِ وَإِذْ أَنتُمْ أَجِنَّةٌ فِى بُطُونِ أُمَّهَٰتِكُمْ فَلَا تُزَكُّوٓا۟ أَنفُسَكُمْ هُوَ أَعْلَمُ بِمَنِ ٱتَّقَىٰٓ	الذين يجتنبون كبائر الإثم والفواحش إلا اللمم إن ربك واسع المغفرة هو أعلم بكم إذ أنشأكم من الأرض وإذ أنتم أجنة في بطون أمهاتكم فلا تزكوا أنفسكم هو أعلم بمن اتقى
53	35	2	1	Eilomu	عِلْمُ	Eilom	N	STEM|POS:N|LEM:Eilom|ROOT:Elm|M|NOM	أَعِندَهُۥ عِلْمُ ٱلْغَيْبِ فَهُوَ يَرَىٰٓ	أعنده علم الغيب فهو يرى
54	26	1	2	yaEolamu	يَعْلَمُ	Ealima	V	STEM|POS:V|IMPF|LEM:Ealima|ROOT:Elm|3MP	سَيَعْلَمُونَ غَدًا مَّنِ ٱلْكَذَّابُ ٱلْأَشِرُ	سيعلمون غدا من الكذاب الأشر
55	2	1	1	Eal~ama	عَلَّمَ	Eal~ama	V	STEM|POS:V|PERF|(II)|LEM:Eal~ama|ROOT:Elm|3MS	عَلَّمَ ٱلْقُرْءَانَ	علم القرآن
55	4	1	1	Eal~ama	عَلَّمَ	Eal~ama	V	STEM|POS:V|PERF|(II)|LEM:Eal~ama|ROOT:Elm|3MS	عَلَّمَهُ ٱلْبَيَانَ	علمه البيان
55	24	6	3	>aEola`mi	أَعْلَٰمِ	>aEola`m	N	STEM|POS:N|LEM:>aEola`m|ROOT:Elm|MP|GEN	وَلَهُ ٱلْجَوَارِ ٱلْمُنشَـَٔاتُ فِى ٱلْبَحْرِ كَٱلْأَعْلَٰمِ	وله الجوار المنشآت في البحر كالأعلام
56	50	5	1	m~aEoluwmK	مَّعْلُومٍ	m~aEoluwm	N	STEM|POS:N|PASS|PCPL|LEM:m~aEoluwm|ROOT:Elm|M|INDEF|GEN	لَمَجْمُوعُونَ إِلَىٰ مِيقَٰتِ يَوْمٍ مَّعْلُومٍ	لمجموعون إلى ميقات يوم معلوم
56	61	9	1	taEolamu	تَعْلَمُ	Ealima	V	STEM|POS:V|IMPF|LEM:Ealima|ROOT:Elm|2MP	عَلَىٰٓ أَن نُّبَدِّلَ أَمْثَٰلَكُمْ وَنُنشِئَكُمْ فِى مَا لَا تَعْلَمُونَ	على أن نبدل أمثالكم وننشئكم في ما لا تعلمون
56	62	2	1	Ealimo	عَلِمْ	Ealima	V	STEM|POS:V|PERF|LEM:Ealima|ROOT:Elm|2MP	وَلَقَدْ عَلِمْتُمُ ٱلنَّشْأَةَ ٱلْأُولَىٰ فَلَوْلَا تَذَكَّرُونَ	ولقد علمتم النشأة الأولى فلولا تذكرون
56	76	4	1	taEolamu	تَعْلَمُ	Ealima	V	STEM|POS:V|IMPF|LEM:Ealima|ROOT:Elm|2MP	وَإِنَّهُۥ لَقَسَمٌ لَّوْ تَعْلَمُونَ عَظِيمٌ	وإنه لقسم لو تعلمون عظيم
56	80	4	2	Ea`lamiyna	عَٰلَمِينَ	Ea`lamiyn	N	STEM|POS:N|LEM:Ea`lamiyn|ROOT:Elm|MP|GEN	تَنزِيلٌ مِّن رَّبِّ ٱلْعَٰلَمِينَ	تنزيل من رب العالمين
57	3	9	1	EaliymN	عَلِيمٌ	Ealiym	ADJ	STEM|POS:ADJ|LEM:Ealiym|ROOT:Elm|MS|INDEF|NOM	هُوَ ٱلْأَوَّلُ وَٱلْـَٔاخِرُ وَٱلظَّٰهِرُ وَٱلْبَاطِنُ وَهُوَ بِكُلِّ شَىْءٍ عَلِيمٌ	هو الأول والآخر والظاهر والباطن وهو بكل شيء عليم
57	4	13	1	yaEolamu	يَعْلَمُ	Ealima	V	STEM|POS:V|IMPF|LEM:Ealima|ROOT:Elm|3MS	هُوَ ٱلَّذِى خَلَقَ ٱلسَّمَٰوَٰتِ وَٱلْأَرْضَ فِى سِتَّةِ أَيَّامٍ ثُمَّ ٱسْتَوَىٰ عَلَى ٱلْعَرْشِ يَعْلَمُ مَا يَلِجُ فِى ٱلْأَرْضِ وَمَا يَخْرُجُ مِنْهَا وَمَا يَنزِلُ مِنَ ٱلسَّمَآءِ وَمَا يَعْرُجُ فِيهَا وَهُوَ مَعَكُمْ أَيْنَ مَا كُنتُمْ وَٱللَّهُ بِمَا تَعْمَلُونَ بَصِيرٌ	هو الذي خلق السماوات والأرض في ستة أيام ثم استوى على العرش يعلم ما يلج في الأرض وما يخرج منها وما ينزل من السماء وما يعرج فيها وهو معكم أين ما كنتم والله بما تعملون بصير
57	6	10	1	EaliymN[	عَلِيمٌ[	Ealiym	N	STEM|POS:N|LEM:Ealiym|ROOT:Elm|MS|INDEF|NOM	يُولِجُ ٱلَّيْلَ فِى ٱلنَّهَارِ وَيُولِجُ ٱلنَّهَارَ فِى ٱلَّيْلِ وَهُوَ عَلِيمٌۢ بِذَاتِ ٱلصُّدُورِ	يولج الليل في النهار ويولج النهار في الليل وهو عليم بذات الصدور
57	17	1	1	{Eolamu	ٱعْلَمُ	Ealima	V	STEM|POS:V|IMPV|LEM:Ealima|ROOT:Elm|2MP	ٱعْلَمُوٓا۟ أَنَّ ٱللَّهَ يُحْىِ ٱلْأَرْضَ بَعْدَ مَوْتِهَا قَدْ بَيَّنَّا لَكُمُ ٱلْـَٔايَٰتِ لَعَلَّكُمْ تَعْقِلُونَ	اعلموا أن الله يحيي الأرض بعد موتها قد بينا لكم الآيات لعلكم تعقلون
57	20	1	1	{Eolamu	ٱعْلَمُ	Ealima	V	STEM|POS:V|IMPV|LEM:Ealima|ROOT:Elm|2MP	ٱعْلَمُوٓا۟ أَنَّمَا ٱلْحَيَوٰةُ ٱلدُّنْيَا لَعِبٌ وَلَهْوٌ وَزِينَةٌ وَتَفَاخُرٌۢ بَيْنَكُمْ وَتَكَاثُرٌ فِى ٱلْأَمْوَٰلِ وَٱلْأَوْلَٰدِ كَمَثَلِ غَيْثٍ أَعْجَبَ ٱلْكُفَّارَ نَبَاتُهُۥ ثُمَّ يَهِيجُ فَتَرَىٰهُ مُصْفَرًّا ثُمَّ يَكُونُ حُطَٰمًا وَفِى ٱلْـَٔاخِرَةِ عَذَابٌ شَدِيدٌ وَمَغْفِرَةٌ مِّنَ ٱللَّهِ وَرِضْوَٰنٌ وَمَا ٱلْحَيَوٰةُ ٱلدُّنْيَآ إِلَّا مَتَٰعُ ٱلْغُرُورِ	اعلموا أنما الحياة الدنيا لعب ولهو وزينة وتفاخر بينكم وتكاثر في الأموال والأولاد كمثل غيث أعجب الكفار نباته ثم يهيج فتراه مصفرا ثم يكون حطاما وفي الآخرة عذاب شديد ومغفرة من الله ورضوان وما الحياة الدنيا إلا متاع الغرور
57	25	19	3	yaEolama	يَعْلَمَ	Ealima	V	STEM|POS:V|IMPF|LEM:Ealima|ROOT:Elm|3MS|MOOD:SUBJ	لَقَدْ أَرْسَلْنَا رُسُلَنَا بِٱلْبَيِّنَٰتِ وَأَنزَلْنَا مَعَهُمُ ٱلْكِتَٰبَ وَٱلْمِيزَانَ لِيَقُومَ ٱلنَّاسُ بِٱلْقِسْطِ وَأَنزَلْنَا ٱلْحَدِيدَ فِيهِ بَأْسٌ شَدِيدٌ وَمَنَٰفِعُ لِلنَّاسِ وَلِيَعْلَمَ ٱللَّهُ مَن يَنصُرُهُۥ وَرُسُلَهُۥ بِٱلْغَيْبِ إِنَّ ٱللَّهَ قَوِىٌّ عَزِيزٌ	لقد أرسلنا رسلنا بالبينات وأنزلنا معهم الكتاب والميزان ليقوم الناس بالقسط وأنزلنا الحديد فيه بأس شديد ومنافع للناس وليعلم الله من ينصره ورسله بالغيب إن الله قوي عزيز
57	29	2	1	yaEolama	يَعْلَمَ	Ealima	V	STEM|POS:V|IMPF|LEM:Ealima|ROOT:Elm|3MS|MOOD:SUBJ	لِّئَلَّا يَعْلَمَ أَهْلُ ٱلْكِتَٰبِ أَلَّا يَقْدِرُونَ عَلَىٰ شَىْءٍ مِّن فَضْلِ ٱللَّهِ وَأَنَّ ٱلْفَضْلَ بِيَدِ ٱللَّهِ يُؤْتِيهِ مَن يَشَآءُ وَٱللَّهُ ذُو ٱلْفَضْلِ ٱلْعَظِيمِ	لئلا يعلم أهل الكتاب ألا يقدرون على شيء من فضل الله وأن الفضل بيد الله يؤتيه من يشاء والله ذو الفضل العظيم
58	7	5	1	yaEolamu	يَعْلَمُ	Ealima	V	STEM|POS:V|IMPF|LEM:Ealima|ROOT:Elm|3MS	أَلَمْ تَرَ أَنَّ ٱللَّهَ يَعْلَمُ مَا فِى ٱلسَّمَٰوَٰتِ وَمَا فِى ٱلْأَرْضِ مَا يَكُونُ مِن نَّجْوَىٰ ثَلَٰثَةٍ إِلَّا هُوَ رَابِعُهُمْ وَلَا خَمْسَةٍ إِلَّا هُوَ سَادِسُهُمْ وَلَآ أَدْنَىٰ مِن ذَٰلِكَ وَلَآ أَكْثَرَ إِلَّا هُوَ مَعَهُمْ أَيْنَ مَا كَانُوا۟ ثُمَّ يُنَبِّئُهُم بِمَا عَمِلُوا۟ يَوْمَ ٱلْقِيَٰمَةِ إِنَّ ٱللَّهَ بِكُلِّ شَىْءٍ عَلِيمٌ	ألم تر أن الله يعلم ما في السماوات وما في الأرض ما يكون من نجوى ثلاثة إلا هو رابعهم ولا خمسة إلا هو سادسهم ولا أدنى من ذلك ولا أكثر إلا هو معهم أين ما كانوا ثم ينبئهم بما عملوا يوم القيامة إن الله بكل شيء عليم
58	7	47	1	EaliymN	عَلِيمٌ	Ealiym	ADJ	STEM|POS:ADJ|LEM:Ealiym|ROOT:Elm|MS|INDEF|NOM	أَلَمْ تَرَ أَنَّ ٱللَّهَ يَعْلَمُ مَا فِى ٱلسَّمَٰوَٰتِ وَمَا فِى ٱلْأَرْضِ مَا يَكُونُ مِن نَّجْوَىٰ ثَلَٰثَةٍ إِلَّا هُوَ رَابِعُهُمْ وَلَا خَمْسَةٍ إِلَّا هُوَ سَادِسُهُمْ وَلَآ أَدْنَىٰ مِن ذَٰلِكَ وَلَآ أَكْثَرَ إِلَّا هُوَ مَعَهُمْ أَيْنَ مَا كَانُوا۟ ثُمَّ يُنَبِّئُهُم بِمَا عَمِلُوا۟ يَوْمَ ٱلْقِيَٰمَةِ إِنَّ ٱللَّهَ بِكُلِّ شَىْءٍ عَلِيمٌ	ألم تر أن الله يعلم ما في السماوات وما في الأرض ما يكون من نجوى ثلاثة إلا هو رابعهم ولا خمسة إلا هو سادسهم ولا أدنى من ذلك ولا أكثر إلا هو معهم أين ما كانوا ثم ينبئهم بما عملوا يوم القيامة إن الله بكل شيء عليم
58	11	25	2	Eiloma	عِلْمَ	Eilom	N	STEM|POS:N|LEM:Eilom|ROOT:Elm|M|ACC	يَٰٓأَيُّهَا ٱلَّذِينَ ءَامَنُوٓا۟ إِذَا قِيلَ لَكُمْ تَفَسَّحُوا۟ فِى ٱلْمَجَٰلِسِ فَٱفْسَحُوا۟ يَفْسَحِ ٱللَّهُ لَكُمْ وَإِذَا قِيلَ ٱنشُزُوا۟ فَٱنشُزُوا۟ يَرْفَعِ ٱللَّهُ ٱلَّذِينَ ءَامَنُوا۟ مِنكُمْ وَٱلَّذِينَ أُوتُوا۟ ٱلْعِلْمَ دَرَجَٰتٍ وَٱللَّهُ بِمَا تَعْمَلُونَ خَبِيرٌ	يا أيها الذين آمنوا إذا قيل لكم تفسحوا في المجالس فافسحوا يفسح الله لكم وإذا قيل انشزوا فانشزوا يرفع الله الذين آمنوا منكم والذين أوتوا العلم درجات والله بما تعملون خبير
58	14	19	1	yaEolamu	يَعْلَمُ	Ealima	V	STEM|POS:V|IMPF|LEM:Ealima|ROOT:Elm|3MP	أَلَمْ تَرَ إِلَى ٱلَّذِينَ تَوَلَّوْا۟ قَوْمًا غَضِبَ ٱللَّهُ عَلَيْهِم مَّا هُم مِّنكُمْ وَلَا مِنْهُمْ وَيَحْلِفُونَ عَلَى ٱلْكَذِبِ وَهُمْ يَعْلَمُونَ	ألم تر إلى الذين تولوا قوما غضب الله عليهم ما هم منكم ولا منهم ويحلفون على الكذب وهم يعلمون
59	16	17	2	Ea`lamiyna	عَٰلَمِينَ	Ea`lamiyn	N	STEM|POS:N|LEM:Ea`lamiyn|ROOT:Elm|MP|GEN	كَمَثَلِ ٱلشَّيْطَٰنِ إِذْ قَالَ لِلْإِنسَٰنِ ٱكْفُرْ فَلَمَّا كَفَرَ قَالَ إِنِّى بَرِىٓءٌ مِّنكَ إِنِّىٓ أَخَافُ ٱللَّهَ رَبَّ ٱلْعَٰلَمِينَ	كمثل الشيطان إذ قال للإنسان اكفر فلما كفر قال إني بريء منك إني أخاف الله رب العالمين
59	22	8	1	Ea`limu	عَٰلِمُ	Ea`lim	N	STEM|POS:N|ACT|PCPL|LEM:Ea`lim|ROOT:Elm|M|NOM	هُوَ ٱللَّهُ ٱلَّذِى لَآ إِلَٰهَ إِلَّا هُوَ عَٰلِمُ ٱلْغَيْبِ وَٱلشَّهَٰدَةِ هُوَ ٱلرَّحْمَٰنُ ٱلرَّحِيمُ	هو الله الذي لا إله إلا هو عالم الغيب والشهادة هو الرحمن الرحيم
60	1	37	1	>aEolamu	أَعْلَمُ	>aEolam	N	STEM|POS:N|LEM:>aEolam|ROOT:Elm|MS|NOM	بِسْمِ ٱللَّهِ ٱلرَّحْمَٰنِ ٱلرَّحِيمِ يَٰٓأَيُّهَا ٱلَّذِينَ ءَامَنُوا۟ لَا تَتَّخِذُوا۟ عَدُوِّى وَعَدُوَّكُمْ أَوْلِيَآءَ تُلْقُونَ إِلَيْهِم بِٱلْمَوَدَّةِ وَقَدْ كَفَرُوا۟ بِمَا جَآءَكُم مِّنَ ٱلْحَقِّ يُخْرِجُونَ ٱلرَّسُولَ وَإِيَّاكُمْ أَن تُؤْمِنُوا۟ بِٱللَّهِ رَبِّكُمْ إِن كُنتُمْ خَرَجْتُمْ جِهَٰدًا فِى سَبِيلِى وَٱبْتِغَآءَ مَرْضَاتِى تُسِرُّونَ إِلَيْهِم بِٱلْمَوَدَّةِ وَأَنَا۠ أَعْلَمُ بِمَآ أَخْفَيْتُمْ وَمَآ أَعْلَنتُمْ وَمَن يَفْعَلْهُ مِنكُمْ فَقَدْ ضَلَّ سَوَآءَ ٱلسَّبِيلِ	بسم الله الرحمن الرحيم يا أيها الذين آمنوا لا تتخذوا عدوي وعدوكم أولياء تلقون إليهم بالمودة وقد كفروا بما جاءكم من الحق يخرجون الرسول وإياكم أن تؤمنوا بالله ربكم إن كنتم خرجتم جهادا في سبيلي وابتغاء مرضاتي تسرون إليهم بالمودة وأنا أعلم بما أخفيتم وما أعلنتم ومن يفعله منكم فقد ضل سواء السبيل
60	10	10	1	>aEolamu	أَعْلَمُ	>aEolam	N	STEM|POS:N|LEM:>aEolam|ROOT:Elm|MS|NOM	يَٰٓأَيُّهَا ٱلَّذِينَ ءَامَنُوٓا۟ إِذَا جَآءَكُمُ ٱلْمُؤْمِنَٰتُ مُهَٰجِرَٰتٍ فَٱمْتَحِنُوهُنَّ ٱللَّهُ أَعْلَمُ بِإِيمَٰنِهِنَّ فَإِنْ عَلِمْتُمُوهُنَّ مُؤْمِنَٰتٍ فَلَا تَرْجِعُوهُنَّ إِلَى ٱلْكُفَّارِ لَا هُنَّ حِلٌّ لَّهُمْ وَلَا هُمْ يَحِلُّونَ لَهُنَّ وَءَاتُوهُم مَّآ أَنفَقُوا۟ وَلَا جُنَاحَ عَلَيْكُمْ أَن تَنكِحُوهُنَّ إِذَآ ءَاتَيْتُمُوهُنَّ أُجُورَهُنَّ وَلَا تُمْسِكُوا۟ بِعِصَمِ ٱلْكَوَافِرِ وَسْـَٔلُوا۟ مَآ أَنفَقْتُمْ وَلْيَسْـَٔلُوا۟ مَآ أَنفَقُوا۟ ذَٰلِكُمْ حُكْمُ ٱللَّهِ يَحْكُمُ بَيْنَكُمْ وَٱللَّهُ عَلِيمٌ حَكِيمٌ	يا أيها الذين آمنوا إذا جاءكم المؤمنات مهاجرات فامتحنوهن الله أعلم بإيمانهن فإن علمتموهن مؤمنات فلا ترجعوهن إلى الكفار لا هن حل لهم ولا هم يحلون لهن وآتوهم ما أنفقوا ولا جناح عليكم أن تنكحوهن إذا آتيتموهن أجورهن ولا تمسكوا بعصم الكوافر واسألوا ما أنفقتم وليسألوا ما أنفقوا ذلكم حكم الله يحكم بينكم والله عليم حكيم
60	10	13	1	Ealimo	عَلِمْ	Ealima	V	STEM|POS:V|PERF|LEM:Ealima|ROOT:Elm|2MP	يَٰٓأَيُّهَا ٱلَّذِينَ ءَامَنُوٓا۟ إِذَا جَآءَكُمُ ٱلْمُؤْمِنَٰتُ مُهَٰجِرَٰتٍ فَٱمْتَحِنُوهُنَّ ٱللَّهُ أَعْلَمُ بِإِيمَٰنِهِنَّ فَإِنْ عَلِمْتُمُوهُنَّ مُؤْمِنَٰتٍ فَلَا تَرْجِعُوهُنَّ إِلَى ٱلْكُفَّارِ لَا هُنَّ حِلٌّ لَّهُمْ وَلَا هُمْ يَحِلُّونَ لَهُنَّ وَءَاتُوهُم مَّآ أَنفَقُوا۟ وَلَا جُنَاحَ عَلَيْكُمْ أَن تَنكِحُوهُنَّ إِذَآ ءَاتَيْتُمُوهُنَّ أُجُورَهُنَّ وَلَا تُمْسِكُوا۟ بِعِصَمِ ٱلْكَوَافِرِ وَسْـَٔلُوا۟ مَآ أَنفَقْتُمْ وَلْيَسْـَٔلُوا۟ مَآ أَنفَقُوا۟ ذَٰلِكُمْ حُكْمُ ٱللَّهِ يَحْكُمُ بَيْنَكُمْ وَٱللَّهُ عَلِيمٌ حَكِيمٌ	يا أيها الذين آمنوا إذا جاءكم المؤمنات مهاجرات فامتحنوهن الله أعلم بإيمانهن فإن علمتموهن مؤمنات فلا ترجعوهن إلى الكفار لا هن حل لهم ولا هم يحلون لهن وآتوهم ما أنفقوا ولا جناح عليكم أن تنكحوهن إذا آتيتموهن أجورهن ولا تمسكوا بعصم الكوافر واسألوا ما أنفقتم وليسألوا ما أنفقوا ذلكم حكم الله يحكم بينكم والله عليم حكيم
60	10	54	1	EaliymN	عَلِيمٌ	Ealiym	N	STEM|POS:N|LEM:Ealiym|ROOT:Elm|MS|INDEF|NOM	يَٰٓأَيُّهَا ٱلَّذِينَ ءَامَنُوٓا۟ إِذَا جَآءَكُمُ ٱلْمُؤْمِنَٰتُ مُهَٰجِرَٰتٍ فَٱمْتَحِنُوهُنَّ ٱللَّهُ أَعْلَمُ بِإِيمَٰنِهِنَّ فَإِنْ عَلِمْتُمُوهُنَّ مُؤْمِنَٰتٍ فَلَا تَرْجِعُوهُنَّ إِلَى ٱلْكُفَّارِ لَا هُنَّ حِلٌّ لَّهُمْ وَلَا هُمْ يَحِلُّونَ لَهُنَّ وَءَاتُوهُم مَّآ أَنفَقُوا۟ وَلَا جُنَاحَ عَلَيْكُمْ أَن تَنكِحُوهُنَّ إِذَآ ءَاتَيْتُمُوهُنَّ أُجُورَهُنَّ وَلَا تُمْسِكُوا۟ بِعِصَمِ ٱلْكَوَافِرِ وَسْـَٔلُوا۟ مَآ أَنفَقْتُمْ وَلْيَسْـَٔلُوا۟ مَآ أَنفَقُوا۟ ذَٰلِكُمْ حُكْمُ ٱللَّهِ يَحْكُمُ بَيْنَكُمْ وَٱللَّهُ عَلِيمٌ حَكِيمٌ	يا أيها الذين آمنوا إذا جاءكم المؤمنات مهاجرات فامتحنوهن الله أعلم بإيمانهن فإن علمتموهن مؤمنات فلا ترجعوهن إلى الكفار لا هن حل لهم ولا هم يحلون لهن وآتوهم ما أنفقوا ولا جناح عليكم أن تنكحوهن إذا آتيتموهن أجورهن ولا تمسكوا بعصم الكوافر واسألوا ما أنفقتم وليسألوا ما أنفقوا ذلكم حكم الله يحكم بينكم والله عليم حكيم
61	5	9	1	t~aEolamu	تَّعْلَمُ	Ealima	V	STEM|POS:V|IMPF|LEM:Ealima|ROOT:Elm|2MP	وَإِذْ قَالَ مُوسَىٰ لِقَوْمِهِۦ يَٰقَوْمِ لِمَ تُؤْذُونَنِى وَقَد تَّعْلَمُونَ أَنِّى رَسُولُ ٱللَّهِ إِلَيْكُمْ فَلَمَّا زَاغُوٓا۟ أَزَاغَ ٱللَّهُ قُلُوبَهُمْ وَٱللَّهُ لَا يَهْدِى ٱلْقَوْمَ ٱلْفَٰسِقِينَ	وإذ قال موسى لقومه يا قوم لم تؤذونني وقد تعلمون أني رسول الله إليكم فلما زاغوا أزاغ الله قلوبهم والله لا يهدي القوم الفاسقين
61	11	15	1	taEolamu	تَعْلَمُ	Ealima	V	STEM|POS:V|IMPF|LEM:Ealima|ROOT:Elm|2MP	تُؤْمِنُونَ بِٱللَّهِ وَرَسُولِهِۦ وَتُجَٰهِدُونَ فِى سَبِيلِ ٱللَّهِ بِأَمْوَٰلِكُمْ وَأَنفُسِكُمْ ذَٰلِكُمْ خَيْرٌ لَّكُمْ إِن كُنتُمْ تَعْلَمُونَ	تؤمنون بالله ورسوله وتجاهدون في سبيل الله بأموالكم وأنفسكم ذلكم خير لكم إن كنتم تعلمون
62	2	12	2	yuEal~imu	يُعَلِّمُ	Eal~ama	V	STEM|POS:V|IMPF|(II)|LEM:Eal~ama|ROOT:Elm|3MS	هُوَ ٱلَّذِى بَعَثَ فِى ٱلْأُمِّيِّـۧنَ رَسُولًا مِّنْهُمْ يَتْلُوا۟ عَلَيْهِمْ ءَايَٰتِهِۦ وَيُزَكِّيهِمْ وَيُعَلِّمُهُمُ ٱلْكِتَٰبَ وَٱلْحِكْمَةَ وَإِن كَانُوا۟ مِن قَبْلُ لَفِى ضَلَٰلٍ مُّبِينٍ	هو الذي بعث في الأميين رسولا منهم يتلو عليهم آياته ويزكيهم ويعلمهم الكتاب والحكمة وإن كانوا من قبل لفي ضلال مبين
62	7	8	1	EaliymN[	عَلِيمٌ[	Ealiym	N	STEM|POS:N|LEM:Ealiym|ROOT:Elm|MS|INDEF|NOM	وَلَا يَتَمَنَّوْنَهُۥٓ أَبَدًۢا بِمَا قَدَّمَتْ أَيْدِيهِمْ وَٱللَّهُ عَلِيمٌۢ بِٱلظَّٰلِمِينَ	ولا يتمنونه أبدا بما قدمت أيديهم والله عليم بالظالمين
62	8	12	1	Ea`limi	عَٰلِمِ	Ea`lim	N	STEM|POS:N|ACT|PCPL|LEM:Ea`lim|ROOT:Elm|M|GEN	قُلْ إِنَّ ٱلْمَوْتَ ٱلَّذِى تَفِرُّونَ مِنْهُ فَإِنَّهُۥ مُلَٰقِيكُمْ ثُمَّ تُرَدُّونَ إِلَىٰ عَٰلِمِ ٱلْغَيْبِ وَٱلشَّهَٰدَةِ فَيُنَبِّئُكُم بِمَا كُنتُمْ تَعْمَلُونَ	قل إن الموت الذي تفرون منه فإنه ملاقيكم ثم تردون إلى عالم الغيب والشهادة فينبئكم بما كنتم تعملون
62	9	21	1	taEolamu	تَعْلَمُ	Ealima	V	STEM|POS:V|IMPF|LEM:Ealima|ROOT:Elm|2MP	يَٰٓأَيُّهَا ٱلَّذِينَ ءَامَنُوٓا۟ إِذَا نُودِىَ لِلصَّلَوٰةِ مِن يَوْمِ ٱلْجُمُعَةِ فَٱسْعَوْا۟ إِلَىٰ ذِكْرِ ٱللَّهِ وَذَرُوا۟ ٱلْبَيْعَ ذَٰلِكُمْ خَيْرٌ لَّكُمْ إِن كُنتُمْ تَعْلَمُونَ	يا أيها الذين آمنوا إذا نودي للصلاة من يوم الجمعة فاسعوا إلى ذكر الله وذروا البيع ذلكم خير لكم إن كنتم تعلمون
63	1	10	1	yaEolamu	يَعْلَمُ	Ealima	V	STEM|POS:V|IMPF|LEM:Ealima|ROOT:Elm|3MS	بِسْمِ ٱللَّهِ ٱلرَّحْمَٰنِ ٱلرَّحِيمِ إِذَا جَآءَكَ ٱلْمُنَٰفِقُونَ قَالُوا۟ نَشْهَدُ إِنَّكَ لَرَسُولُ ٱللَّهِ وَٱللَّهُ يَعْلَمُ إِنَّكَ لَرَسُولُهُۥ وَٱللَّهُ يَشْهَدُ إِنَّ ٱلْمُنَٰفِقِينَ لَكَٰذِبُونَ	بسم الله الرحمن الرحيم إذا جاءك المنافقون قالوا نشهد إنك لرسول الله والله يعلم إنك لرسوله والله يشهد إن المنافقين لكاذبون
63	8	17	1	yaEolamu	يَعْلَمُ	Ealima	V	STEM|POS:V|IMPF|LEM:Ealima|ROOT:Elm|3MP	يَقُولُونَ لَئِن رَّجَعْنَآ إِلَى ٱلْمَدِينَةِ لَيُخْرِجَنَّ ٱلْأَعَزُّ مِنْهَا ٱلْأَذَلَّ وَلِلَّهِ ٱلْعِزَّةُ وَلِرَسُولِهِۦ وَلِلْمُؤْمِنِينَ وَلَٰكِنَّ ٱلْمُنَٰفِقِينَ لَا يَعْلَمُونَ	يقولون لئن رجعنا إلى المدينة ليخرجن الأعز منها الأذل ولله العزة ولرسوله وللمؤمنين ولكن المنافقين لا يعلمون
64	4	1	1	yaEolamu	يَعْلَمُ	Ealima	V	STEM|POS:V|IMPF|LEM:Ealima|ROOT:Elm|3MS	يَعْلَمُ مَا فِى ٱلسَّمَٰوَٰتِ وَٱلْأَرْضِ وَيَعْلَمُ مَا تُسِرُّونَ وَمَا تُعْلِنُونَ وَٱللَّهُ عَلِيمٌۢ بِذَاتِ ٱلصُّدُورِ	يعلم ما في السماوات والأرض ويعلم ما تسرون وما تعلنون والله عليم بذات الصدور
64	4	6	2	yaEolamu	يَعْلَمُ	Ealima	V	STEM|POS:V|IMPF|LEM:Ealima|ROOT:Elm|3MS	يَعْلَمُ مَا فِى ٱلسَّمَٰوَٰتِ وَٱلْأَرْضِ وَيَعْلَمُ مَا تُسِرُّونَ وَمَا تُعْلِنُونَ وَٱللَّهُ عَلِيمٌۢ بِذَاتِ ٱلصُّدُورِ	يعلم ما في السماوات والأرض ويعلم ما تسرون وما تعلنون والله عليم بذات الصدور
64	4	12	1	EaliymN[	عَلِيمٌ[	Ealiym	N	STEM|POS:N|LEM:Ealiym|ROOT:Elm|MS|INDEF|NOM	يَعْلَمُ مَا فِى ٱلسَّمَٰوَٰتِ وَٱلْأَرْضِ وَيَعْلَمُ مَا تُسِرُّونَ وَمَا تُعْلِنُونَ وَٱللَّهُ عَلِيمٌۢ بِذَاتِ ٱلصُّدُورِ	يعلم ما في السماوات والأرض ويعلم ما تسرون وما تعلنون والله عليم بذات الصدور
64	11	16	1	EaliymN	عَلِيمٌ	Ealiym	N	STEM|POS:N|LEM:Ealiym|ROOT:Elm|MS|INDEF|NOM	مَآ أَصَابَ مِن مُّصِيبَةٍ إِلَّا بِإِذْنِ ٱللَّهِ وَمَن يُؤْمِنۢ بِٱللَّهِ يَهْدِ قَلْبَهُۥ وَٱللَّهُ بِكُلِّ شَىْءٍ عَلِيمٌ	ما أصاب من مصيبة إلا بإذن الله ومن يؤمن بالله يهد قلبه والله بكل شيء عليم
64	18	1	1	Ea`limu	عَٰلِمُ	Ea`lim	N	STEM|POS:N|ACT|PCPL|LEM:Ea`lim|ROOT:Elm|M|NOM	عَٰلِمُ ٱلْغَيْبِ وَٱلشَّهَٰدَةِ ٱلْعَزِيزُ ٱلْحَكِيمُ	عالم الغيب والشهادة العزيز الحكيم
65	12	12	2	taEolamu	تَعْلَمُ	Ealima	V	STEM|POS:V|IMPF|LEM:Ealima|ROOT:Elm|2MP|MOOD:SUBJ	ٱللَّهُ ٱلَّذِى خَلَقَ سَبْعَ سَمَٰوَٰتٍ وَمِنَ ٱلْأَرْضِ مِثْلَهُنَّ يَتَنَزَّلُ ٱلْأَمْرُ بَيْنَهُنَّ لِتَعْلَمُوٓا۟ أَنَّ ٱللَّهَ عَلَىٰ كُلِّ شَىْءٍ قَدِيرٌ وَأَنَّ ٱللَّهَ قَدْ أَحَاطَ بِكُلِّ شَىْءٍ عِلْمًۢا	الله الذي خلق سبع سماوات ومن الأرض مثلهن يتنزل الأمر بينهن لتعلموا أن الله على كل شيء قدير وأن الله قد أحاط بكل شيء علما
65	12	25	1	EilomF[A	عِلْمً[ا	Eilom	N	STEM|POS:N|LEM:Eilom|ROOT:Elm|M|INDEF|ACC	ٱللَّهُ ٱلَّذِى خَلَقَ سَبْعَ سَمَٰوَٰتٍ وَمِنَ ٱلْأَرْضِ مِثْلَهُنَّ يَتَنَزَّلُ ٱلْأَمْرُ بَيْنَهُنَّ لِتَعْلَمُوٓا۟ أَنَّ ٱللَّهَ عَلَىٰ كُلِّ شَىْءٍ قَدِيرٌ وَأَنَّ ٱللَّهَ قَدْ أَحَاطَ بِكُلِّ شَىْءٍ عِلْمًۢا	الله الذي خلق سبع سماوات ومن الأرض مثلهن يتنزل الأمر بينهن لتعلموا أن الله على كل شيء قدير وأن الله قد أحاط بكل شيء علما
66	2	10	2	Ealiymu	عَلِيمُ	Ealiym	N	STEM|POS:N|LEM:Ealiym|ROOT:Elm|MS|NOM	قَدْ فَرَضَ ٱللَّهُ لَكُمْ تَحِلَّةَ أَيْمَٰنِكُمْ وَٱللَّهُ مَوْلَىٰكُمْ وَهُوَ ٱلْعَلِيمُ ٱلْحَكِيمُ	قد فرض الله لكم تحلة أيمانكم والله مولاكم وهو العليم الحكيم
66	3	28	2	Ealiymu	عَلِيمُ	Ealiym	N	STEM|POS:N|LEM:Ealiym|ROOT:Elm|MS|NOM	وَإِذْ أَسَرَّ ٱلنَّبِىُّ إِلَىٰ بَعْضِ أَزْوَٰجِهِۦ حَدِيثًا فَلَمَّا نَبَّأَتْ بِهِۦ وَأَظْهَرَهُ ٱللَّهُ عَلَيْهِ عَرَّفَ بَعْضَهُۥ وَأَعْرَضَ عَنۢ بَعْضٍ فَلَمَّا نَبَّأَهَا بِهِۦ قَالَتْ مَنْ أَنۢبَأَكَ هَٰذَا قَالَ نَبَّأَنِىَ ٱلْعَلِيمُ ٱلْخَبِيرُ	وإذ أسر النبي إلى بعض أزواجه حديثا فلما نبأت به وأظهره الله عليه عرف بعضه وأعرض عن بعض فلما نبأها به قالت من أنبأك هذا قال نبأني العليم الخبير
67	13	7	1	EaliymN[	عَلِيمٌ[	Ealiym	N	STEM|POS:N|LEM:Ealiym|ROOT:Elm|MS|INDEF|NOM	وَأَسِرُّوا۟ قَوْلَكُمْ أَوِ ٱجْهَرُوا۟ بِهِۦٓ إِنَّهُۥ عَلِيمٌۢ بِذَاتِ ٱلصُّدُورِ	وأسروا قولكم أو اجهروا به إنه عليم بذات الصدور
67	14	2	1	yaEolamu	يَعْلَمُ	Ealima	V	STEM|POS:V|IMPF|LEM:Ealima|ROOT:Elm|3MS	أَلَا يَعْلَمُ مَنْ خَلَقَ وَهُوَ ٱللَّطِيفُ ٱلْخَبِيرُ	ألا يعلم من خلق وهو اللطيف الخبير
67	17	10	3	taEolamu	تَعْلَمُ	Ealima	V	STEM|POS:V|IMPF|LEM:Ealima|ROOT:Elm|2MP	أَمْ أَمِنتُم مَّن فِى ٱلسَّمَآءِ أَن يُرْسِلَ عَلَيْكُمْ حَاصِبًا فَسَتَعْلَمُونَ كَيْفَ نَذِيرِ	أم أمنتم من في السماء أن يرسل عليكم حاصبا فستعلمون كيف نذير
67	26	3	2	Eilomu	عِلْمُ	Eilom	N	STEM|POS:N|LEM:Eilom|ROOT:Elm|M|NOM	قُلْ إِنَّمَا ٱلْعِلْمُ عِندَ ٱللَّهِ وَإِنَّمَآ أَنَا۠ نَذِيرٌ مُّبِينٌ	قل إنما العلم عند الله وإنما أنا نذير مبين
67	29	8	3	taEolamu	تَعْلَمُ	Ealima	V	STEM|POS:V|IMPF|LEM:Ealima|ROOT:Elm|2MP	قُلْ هُوَ ٱلرَّحْمَٰنُ ءَامَنَّا بِهِۦ وَعَلَيْهِ تَوَكَّلْنَا فَسَتَعْلَمُونَ مَنْ هُوَ فِى ضَلَٰلٍ مُّبِينٍ	قل هو الرحمن آمنا به وعليه توكلنا فستعلمون من هو في ضلال مبين
68	7	4	1	>aEolamu	أَعْلَمُ	>aEolam	N	STEM|POS:N|LEM:>aEolam|ROOT:Elm|MS|NOM	إِنَّ رَبَّكَ هُوَ أَعْلَمُ بِمَن ضَلَّ عَن سَبِيلِهِۦ وَهُوَ أَعْلَمُ بِٱلْمُهْتَدِينَ	إن ربك هو أعلم بمن ضل عن سبيله وهو أعلم بالمهتدين
68	7	10	1	>aEolamu	أَعْلَمُ	>aEolam	N	STEM|POS:N|LEM:>aEolam|ROOT:Elm|MS|NOM	إِنَّ رَبَّكَ هُوَ أَعْلَمُ بِمَن ضَلَّ عَن سَبِيلِهِۦ وَهُوَ أَعْلَمُ بِٱلْمُهْتَدِينَ	إن ربك هو أعلم بمن ضل عن سبيله وهو أعلم بالمهتدين
68	33	8	1	yaEolamu	يَعْلَمُ	Ealima	V	STEM|POS:V|IMPF|LEM:Ealima|ROOT:Elm|3MP	كَذَٰلِكَ ٱلْعَذَابُ وَلَعَذَابُ ٱلْـَٔاخِرَةِ أَكْبَرُ لَوْ كَانُوا۟ يَعْلَمُونَ	كذلك العذاب ولعذاب الآخرة أكبر لو كانوا يعلمون
68	44	10	1	yaEolamu	يَعْلَمُ	Ealima	V	STEM|POS:V|IMPF|LEM:Ealima|ROOT:Elm|3MP	فَذَرْنِى وَمَن يُكَذِّبُ بِهَٰذَا ٱلْحَدِيثِ سَنَسْتَدْرِجُهُم مِّنْ حَيْثُ لَا يَعْلَمُونَ	فذرني ومن يكذب بهذا الحديث سنستدرجهم من حيث لا يعلمون
68	52	5	3	Ea`lamiyna	عَٰلَمِينَ	Ea`lamiyn	N	STEM|POS:N|LEM:Ea`lamiyn|ROOT:Elm|MP|GEN	وَمَا هُوَ إِلَّا ذِكْرٌ لِّلْعَٰلَمِينَ	وما هو إلا ذكر للعالمين
69	43	4	2	Ea`lamiyna	عَٰلَمِينَ	Ea`lamiyn	N	STEM|POS:N|LEM:Ea`lamiyn|ROOT:Elm|MP|GEN	تَنزِيلٌ مِّن رَّبِّ ٱلْعَٰلَمِينَ	تنزيل من رب العالمين
69	49	2	2	naEolamu	نَعْلَمُ	Ealima	V	STEM|POS:V|IMPF|LEM:Ealima|ROOT:Elm|1P	وَإِنَّا لَنَعْلَمُ أَنَّ مِنكُم مُّكَذِّبِينَ	وإنا لنعلم أن منكم مكذبين
70	24	5	1	m~aEoluwmN	مَّعْلُومٌ	m~aEoluwm	ADJ	STEM|POS:ADJ|PASS|PCPL|LEM:m~aEoluwm|ROOT:Elm|M|INDEF|NOM	وَٱلَّذِينَ فِىٓ أَمْوَٰلِهِمْ حَقٌّ مَّعْلُومٌ	والذين في أموالهم حق معلوم
70	39	5	1	yaEolamu	يَعْلَمُ	Ealima	V	STEM|POS:V|IMPF|LEM:Ealima|ROOT:Elm|3MP	كَلَّآ إِنَّا خَلَقْنَٰهُم مِّمَّا يَعْلَمُونَ	كلا إنا خلقناهم مما يعلمون
71	4	18	1	taEolamu	تَعْلَمُ	Ealima	V	STEM|POS:V|IMPF|LEM:Ealima|ROOT:Elm|2MP	يَغْفِرْ لَكُم مِّن ذُنُوبِكُمْ وَيُؤَخِّرْكُمْ إِلَىٰٓ أَجَلٍ مُّسَمًّى إِنَّ أَجَلَ ٱللَّهِ إِذَا جَآءَ لَا يُؤَخَّرُ لَوْ كُنتُمْ تَعْلَمُونَ	يغفر لكم من ذنوبكم ويؤخركم إلى أجل مسمى إن أجل الله إذا جاء لا يؤخر لو كنتم تعلمون
72	24	6	3	yaEolamu	يَعْلَمُ	Ealima	V	STEM|POS:V|IMPF|LEM:Ealima|ROOT:Elm|3MP	حَتَّىٰٓ إِذَا رَأَوْا۟ مَا يُوعَدُونَ فَسَيَعْلَمُونَ مَنْ أَضْعَفُ نَاصِرًا وَأَقَلُّ عَدَدًا	حتى إذا رأوا ما يوعدون فسيعلمون من أضعف ناصرا وأقل عددا
72	26	1	1	Ea`limu	عَٰلِمُ	Ea`lim	N	STEM|POS:N|ACT|PCPL|LEM:Ea`lim|ROOT:Elm|M|NOM	عَٰلِمُ ٱلْغَيْبِ فَلَا يُظْهِرُ عَلَىٰ غَيْبِهِۦٓ أَحَدًا	عالم الغيب فلا يظهر على غيبه أحدا
72	28	1	2	yaEolama	يَعْلَمَ	Ealima	V	STEM|POS:V|IMPF|LEM:Ealima|ROOT:Elm|3MS|MOOD:SUBJ	لِّيَعْلَمَ أَن قَدْ أَبْلَغُوا۟ رِسَٰلَٰتِ رَبِّهِمْ وَأَحَاطَ بِمَا لَدَيْهِمْ وَأَحْصَىٰ كُلَّ شَىْءٍ عَدَدًۢا	ليعلم أن قد أبلغوا رسالات ربهم وأحاط بما لديهم وأحصى كل شيء عددا
73	20	3	1	yaEolamu	يَعْلَمُ	Ealima	V	STEM|POS:V|IMPF|LEM:Ealima|ROOT:Elm|3MS	إِنَّ رَبَّكَ يَعْلَمُ أَنَّكَ تَقُومُ أَدْنَىٰ مِن ثُلُثَىِ ٱلَّيْلِ وَنِصْفَهُۥ وَثُلُثَهُۥ وَطَآئِفَةٌ مِّنَ ٱلَّذِينَ مَعَكَ وَٱللَّهُ يُقَدِّرُ ٱلَّيْلَ وَٱلنَّهَارَ عَلِمَ أَن لَّن تُحْصُوهُ فَتَابَ عَلَيْكُمْ فَٱقْرَءُوا۟ مَا تَيَسَّرَ مِنَ ٱلْقُرْءَانِ عَلِمَ أَن سَيَكُونُ مِنكُم مَّرْضَىٰ وَءَاخَرُونَ يَضْرِبُونَ فِى ٱلْأَرْضِ يَبْتَغُونَ مِن فَضْلِ ٱللَّهِ وَءَاخَرُونَ يُقَٰتِلُونَ فِى سَبِيلِ ٱللَّهِ فَٱقْرَءُوا۟ مَا تَيَسَّرَ مِنْهُ وَأَقِيمُوا۟ ٱلصَّلَوٰةَ وَءَاتُوا۟ ٱلزَّكَوٰةَ وَأَقْرِضُوا۟ ٱللَّهَ قَرْضًا حَسَنًا وَمَا تُقَدِّمُوا۟ لِأَنفُسِكُم مِّنْ خَيْرٍ تَجِدُوهُ عِندَ ٱللَّهِ هُوَ خَيْرًا وَأَعْظَمَ أَجْرًا وَٱسْتَغْفِرُوا۟ ٱللَّهَ إِنَّ ٱللَّهَ غَفُورٌ رَّحِيمٌۢ	إن ربك يعلم أنك تقوم أدنى من ثلثي الليل ونصفه وثلثه وطائفة من الذين معك والله يقدر الليل والنهار علم أن لن تحصوه فتاب عليكم فاقرءوا ما تيسر من القرآن علم أن سيكون منكم مرضى وآخرون يضربون في الأرض يبتغون من فضل الله وآخرون يقاتلون في سبيل الله فاقرءوا ما تيسر منه وأقيموا الصلاة وآتوا الزكاة وأقرضوا الله قرضا حسنا وما تقدموا لأنفسكم من خير تجدوه عند الله هو خيرا وأعظم أجرا واستغفروا الله إن الله غفور رحيم
73	20	20	1	Ealima	عَلِمَ	Ealima	V	STEM|POS:V|PERF|LEM:Ealima|ROOT:Elm|3MS	إِنَّ رَبَّكَ يَعْلَمُ أَنَّكَ تَقُومُ أَدْنَىٰ مِن ثُلُثَىِ ٱلَّيْلِ وَنِصْفَهُۥ وَثُلُثَهُۥ وَطَآئِفَةٌ مِّنَ ٱلَّذِينَ مَعَكَ وَٱللَّهُ يُقَدِّرُ ٱلَّيْلَ وَٱلنَّهَارَ عَلِمَ أَن لَّن تُحْصُوهُ فَتَابَ عَلَيْكُمْ فَٱقْرَءُوا۟ مَا تَيَسَّرَ مِنَ ٱلْقُرْءَانِ عَلِمَ أَن سَيَكُونُ مِنكُم مَّرْضَىٰ وَءَاخَرُونَ يَضْرِبُونَ فِى ٱلْأَرْضِ يَبْتَغُونَ مِن فَضْلِ ٱللَّهِ وَءَاخَرُونَ يُقَٰتِلُونَ فِى سَبِيلِ ٱللَّهِ فَٱقْرَءُوا۟ مَا تَيَسَّرَ مِنْهُ وَأَقِيمُوا۟ ٱلصَّلَوٰةَ وَءَاتُوا۟ ٱلزَّكَوٰةَ وَأَقْرِضُوا۟ ٱللَّهَ قَرْضًا حَسَنًا وَمَا تُقَدِّمُوا۟ لِأَنفُسِكُم مِّنْ خَيْرٍ تَجِدُوهُ عِندَ ٱللَّهِ هُوَ خَيْرًا وَأَعْظَمَ أَجْرًا وَٱسْتَغْفِرُوا۟ ٱللَّهَ إِنَّ ٱللَّهَ غَفُورٌ رَّحِيمٌۢ	إن ربك يعلم أنك تقوم أدنى من ثلثي الليل ونصفه وثلثه وطائفة من الذين معك والله يقدر الليل والنهار علم أن لن تحصوه فتاب عليكم فاقرءوا ما تيسر من القرآن علم أن سيكون منكم مرضى وآخرون يضربون في الأرض يبتغون من فضل الله وآخرون يقاتلون في سبيل الله فاقرءوا ما تيسر منه وأقيموا الصلاة وآتوا الزكاة وأقرضوا الله قرضا حسنا وما تقدموا لأنفسكم من خير تجدوه عند الله هو خيرا وأعظم أجرا واستغفروا الله إن الله غفور رحيم
73	20	31	1	Ealima	عَلِمَ	Ealima	V	STEM|POS:V|PERF|LEM:Ealima|ROOT:Elm|3MS	إِنَّ رَبَّكَ يَعْلَمُ أَنَّكَ تَقُومُ أَدْنَىٰ مِن ثُلُثَىِ ٱلَّيْلِ وَنِصْفَهُۥ وَثُلُثَهُۥ وَطَآئِفَةٌ مِّنَ ٱلَّذِينَ مَعَكَ وَٱللَّهُ يُقَدِّرُ ٱلَّيْلَ وَٱلنَّهَارَ عَلِمَ أَن لَّن تُحْصُوهُ فَتَابَ عَلَيْكُمْ فَٱقْرَءُوا۟ مَا تَيَسَّرَ مِنَ ٱلْقُرْءَانِ عَلِمَ أَن سَيَكُونُ مِنكُم مَّرْضَىٰ وَءَاخَرُونَ يَضْرِبُونَ فِى ٱلْأَرْضِ يَبْتَغُونَ مِن فَضْلِ ٱللَّهِ وَءَاخَرُونَ يُقَٰتِلُونَ فِى سَبِيلِ ٱللَّهِ فَٱقْرَءُوا۟ مَا تَيَسَّرَ مِنْهُ وَأَقِيمُوا۟ ٱلصَّلَوٰةَ وَءَاتُوا۟ ٱلزَّكَوٰةَ وَأَقْرِضُوا۟ ٱللَّهَ قَرْضًا حَسَنًا وَمَا تُقَدِّمُوا۟ لِأَنفُسِكُم مِّنْ خَيْرٍ تَجِدُوهُ عِندَ ٱللَّهِ هُوَ خَيْرًا وَأَعْظَمَ أَجْرًا وَٱسْتَغْفِرُوا۟ ٱللَّهَ إِنَّ ٱللَّهَ غَفُورٌ رَّحِيمٌۢ	إن ربك يعلم أنك تقوم أدنى من ثلثي الليل ونصفه وثلثه وطائفة من الذين معك والله يقدر الليل والنهار علم أن لن تحصوه فتاب عليكم فاقرءوا ما تيسر من القرآن علم أن سيكون منكم مرضى وآخرون يضربون في الأرض يبتغون من فضل الله وآخرون يقاتلون في سبيل الله فاقرءوا ما تيسر منه وأقيموا الصلاة وآتوا الزكاة وأقرضوا الله قرضا حسنا وما تقدموا لأنفسكم من خير تجدوه عند الله هو خيرا وأعظم أجرا واستغفروا الله إن الله غفور رحيم
74	31	48	1	yaEolamu	يَعْلَمُ	Ealima	V	STEM|POS:V|IMPF|LEM:Ealima|ROOT:Elm|3MS	وَمَا جَعَلْنَآ أَصْحَٰبَ ٱلنَّارِ إِلَّا مَلَٰٓئِكَةً وَمَا جَعَلْنَا عِدَّتَهُمْ إِلَّا فِتْنَةً لِّلَّذِينَ كَفَرُوا۟ لِيَسْتَيْقِنَ ٱلَّذِينَ أُوتُوا۟ ٱلْكِتَٰبَ وَيَزْدَادَ ٱلَّذِينَ ءَامَنُوٓا۟ إِيمَٰنًا وَلَا يَرْتَابَ ٱلَّذِينَ أُوتُوا۟ ٱلْكِتَٰبَ وَٱلْمُؤْمِنُونَ وَلِيَقُولَ ٱلَّذِينَ فِى قُلُوبِهِم مَّرَضٌ وَٱلْكَٰفِرُونَ مَاذَآ أَرَادَ ٱللَّهُ بِهَٰذَا مَثَلًا كَذَٰلِكَ يُضِلُّ ٱللَّهُ مَن يَشَآءُ وَيَهْدِى مَن يَشَآءُ وَمَا يَعْلَمُ جُنُودَ رَبِّكَ إِلَّا هُوَ وَمَا هِىَ إِلَّا ذِكْرَىٰ لِلْبَشَرِ	وما جعلنا أصحاب النار إلا ملائكة وما جعلنا عدتهم إلا فتنة للذين كفروا ليستيقن الذين أوتوا الكتاب ويزداد الذين آمنوا إيمانا ولا يرتاب الذين أوتوا الكتاب والمؤمنون وليقول الذين في قلوبهم مرض والكافرون ماذا أراد الله بهذا مثلا كذلك يضل الله من يشاء ويهدي من يشاء وما يعلم جنود ربك إلا هو وما هي إلا ذكرى للبشر
76	30	10	1	EaliymFA	عَلِيمًا	Ealiym	N	STEM|POS:N|LEM:Ealiym|ROOT:Elm|MS|INDEF|ACC	وَمَا تَشَآءُونَ إِلَّآ أَن يَشَآءَ ٱللَّهُ إِنَّ ٱللَّهَ كَانَ عَلِيمًا حَكِيمًا	وما تشاءون إلا أن يشاء الله إن الله كان عليما حكيما
77	22	3	1	m~aEoluwmK	مَّعْلُومٍ	m~aEoluwm	ADJ	STEM|POS:ADJ|PASS|PCPL|LEM:m~aEoluwm|ROOT:Elm|M|INDEF|GEN	إِلَىٰ قَدَرٍ مَّعْلُومٍ	إلى قدر معلوم
78	4	2	2	yaEolamu	يَعْلَمُ	Ealima	V	STEM|POS:V|IMPF|LEM:Ealima|ROOT:Elm|3MP	كَلَّا سَيَعْلَمُونَ	كلا سيعلمون
78	5	3	2	yaEolamu	يَعْلَمُ	Ealima	V	STEM|POS:V|IMPF|LEM:Ealima|ROOT:Elm|3MP	ثُمَّ كَلَّا سَيَعْلَمُونَ	ثم كلا سيعلمون
81	14	1	1	Ealimato	عَلِمَتْ	Ealima	V	STEM|POS:V|PERF|LEM:Ealima|ROOT:Elm|3FS	عَلِمَتْ نَفْسٌ مَّآ أَحْضَرَتْ	علمت نفس ما أحضرت
81	27	5	3	Ea`lamiyna	عَٰلَمِينَ	Ea`lamiyn	N	STEM|POS:N|LEM:Ea`lamiyn|ROOT:Elm|MP|GEN	إِنْ هُوَ إِلَّا ذِكْرٌ لِّلْعَٰلَمِينَ	إن هو إلا ذكر للعالمين
81	29	8	2	Ea`lamiyna	عَٰلَمِينَ	Ea`lamiyn	N	STEM|POS:N|LEM:Ea`lamiyn|ROOT:Elm|MP|GEN	وَمَا تَشَآءُونَ إِلَّآ أَن يَشَآءَ ٱللَّهُ رَبُّ ٱلْعَٰلَمِينَ	وما تشاءون إلا أن يشاء الله رب العالمين
82	5	1	1	Ealimato	عَلِمَتْ	Ealima	V	STEM|POS:V|PERF|LEM:Ealima|ROOT:Elm|3FS	عَلِمَتْ نَفْسٌ مَّا قَدَّمَتْ وَأَخَّرَتْ	علمت نفس ما قدمت وأخرت
82	12	1	1	yaEolamu	يَعْلَمُ	Ealima	V	STEM|POS:V|IMPF|LEM:Ealima|ROOT:Elm|3MP	يَعْلَمُونَ مَا تَفْعَلُونَ	يعلمون ما تفعلون
83	6	5	2	Ea`lamiyna	عَٰلَمِينَ	Ea`lamiyn	N	STEM|POS:N|LEM:Ea`lamiyn|ROOT:Elm|MP|GEN	يَوْمَ يَقُومُ ٱلنَّاسُ لِرَبِّ ٱلْعَٰلَمِينَ	يوم يقوم الناس لرب العالمين
84	23	2	1	>aEolamu	أَعْلَمُ	>aEolam	N	STEM|POS:N|LEM:>aEolam|ROOT:Elm|MS|NOM	وَٱللَّهُ أَعْلَمُ بِمَا يُوعُونَ	والله أعلم بما يوعون
87	7	6	1	yaEolamu	يَعْلَمُ	Ealima	V	STEM|POS:V|IMPF|LEM:Ealima|ROOT:Elm|3MS	إِلَّا مَا شَآءَ ٱللَّهُ إِنَّهُۥ يَعْلَمُ ٱلْجَهْرَ وَمَا يَخْفَىٰ	إلا ما شاء الله إنه يعلم الجهر وما يخفى
96	4	2	1	Eal~ama	عَلَّمَ	Eal~ama	V	STEM|POS:V|PERF|(II)|LEM:Eal~ama|ROOT:Elm|3MS	ٱلَّذِى عَلَّمَ بِٱلْقَلَمِ	الذي علم بالقلم
96	5	1	1	Eal~ama	عَلَّمَ	Eal~ama	V	STEM|POS:V|PERF|(II)|LEM:Eal~ama|ROOT:Elm|3MS	عَلَّمَ ٱلْإِنسَٰنَ مَا لَمْ يَعْلَمْ	علم الإنسان ما لم يعلم
96	5	5	1	yaEolamo	يَعْلَمْ	Ealima	V	STEM|POS:V|IMPF|LEM:Ealima|ROOT:Elm|3MS|MOOD:JUS	عَلَّمَ ٱلْإِنسَٰنَ مَا لَمْ يَعْلَمْ	علم الإنسان ما لم يعلم
96	14	2	1	yaEolam	يَعْلَم	Ealima	V	STEM|POS:V|IMPF|LEM:Ealima|ROOT:Elm|3MS|MOOD:JUS	أَلَمْ يَعْلَم بِأَنَّ ٱللَّهَ يَرَىٰ	ألم يعلم بأن الله يرى
100	9	2	1	yaEolamu	يَعْلَمُ	Ealima	V	STEM|POS:V|IMPF|LEM:Ealima|ROOT:Elm|3MS	أَفَلَا يَعْلَمُ إِذَا بُعْثِرَ مَا فِى ٱلْقُبُورِ	أفلا يعلم إذا بعثر ما في القبور
102	3	3	1	taEolamu	تَعْلَمُ	Ealima	V	STEM|POS:V|IMPF|LEM:Ealima|ROOT:Elm|2MP	كَلَّا سَوْفَ تَعْلَمُونَ	كلا سوف تعلمون
102	4	4	1	taEolamu	تَعْلَمُ	Ealima	V	STEM|POS:V|IMPF|LEM:Ealima|ROOT:Elm|2MP	ثُمَّ كَلَّا سَوْفَ تَعْلَمُونَ	ثم كلا سوف تعلمون
102	5	3	1	taEolamu	تَعْلَمُ	Ealima	V	STEM|POS:V|IMPF|LEM:Ealima|ROOT:Elm|2MP	كَلَّا لَوْ تَعْلَمُونَ عِلْمَ ٱلْيَقِينِ	كلا لو تعلمون علم اليقين
102	5	4	1	Eiloma	عِلْمَ	Eilom	N	STEM|POS:N|LEM:Eilom|ROOT:Elm|M|ACC	كَلَّا لَوْ تَعْلَمُونَ عِلْمَ ٱلْيَقِينِ	كلا لو تعلمون علم اليقين
