sure	ayet	kelime_no	segment_no	form_buckwalter	form_arapca	lem	pos	features	ayet_osmani	ayet_harekesiz
1	2	3	1	rab~i	رَبِّ	rab~	N	STEM|POS:N|LEM:rab~|ROOT:rbb|M|GEN	ٱلْحَمْدُ لِلَّهِ رَبِّ ٱلْعَٰلَمِينَ	الحمد لله رب العالمين
2	5	5	1	r~ab~i	رَّبِّ	rab~	N	STEM|POS:N|LEM:rab~|ROOT:rbb|M|GEN	أُو۟لَٰٓئِكَ عَلَىٰ هُدًى مِّن رَّبِّهِمْ وَأُو۟لَٰٓئِكَ هُمُ ٱلْمُفْلِحُونَ	أولئك على هدى من ربهم وأولئك هم المفلحون
2	21	4	1	rab~a	رَبَّ	rab~	N	STEM|POS:N|LEM:rab~|ROOT:rbb|M|ACC	يَٰٓأَيُّهَا ٱلنَّاسُ ٱعْبُدُوا۟ رَبَّكُمُ ٱلَّذِى خَلَقَكُمْ وَٱلَّذِينَ مِن قَبْلِكُمْ لَعَلَّكُمْ تَتَّقُونَ	يا أيها الناس اعبدوا ربكم الذي خلقكم والذين من قبلكم لعلكم تتقون
2	26	19	1	r~ab~i	رَّبِّ	rab~	N	STEM|POS:N|LEM:rab~|ROOT:rbb|M|GEN	إِنَّ ٱللَّهَ لَا يَسْتَحْىِۦٓ أَن يَضْرِبَ مَثَلًا مَّا بَعُوضَةً فَمَا فَوْقَهَا فَأَمَّا ٱلَّذِينَ ءَامَنُوا۟ فَيَعْلَمُونَ أَنَّهُ ٱلْحَقُّ مِن رَّبِّهِمْ وَأَمَّا ٱلَّذِينَ كَفَرُوا۟ فَيَقُولُونَ مَاذَآ أَرَادَ ٱللَّهُ بِهَٰذَا مَثَلًا يُضِلُّ بِهِۦ كَثِيرًا وَيَهْدِى بِهِۦ كَثِيرًا وَمَا يُضِلُّ بِهِۦٓ إِلَّا ٱلْفَٰسِقِينَ	إن الله لا يستحيي أن يضرب مثلا ما بعوضة فما فوقها فأما الذين آمنوا فيعلمون أنه الحق من ربهم وأما الذين كفروا فيقولون ماذا أراد الله بهذا مثلا يضل به كثيرا ويهدي به كثيرا وما يضل به إلا الفاسقين
2	30	3	1	rab~u	رَبُّ	rab~	N	STEM|POS:N|LEM:rab~|ROOT:rbb|M|NOM	وَإِذْ قَالَ رَبُّكَ لِلْمَلَٰٓئِكَةِ إِنِّى جَاعِلٌ فِى ٱلْأَرْضِ خَلِيفَةً قَالُوٓا۟ أَتَجْعَلُ فِيهَا مَن يُفْسِدُ فِيهَا وَيَسْفِكُ ٱلدِّمَآءَ وَنَحْنُ نُسَبِّحُ بِحَمْدِكَ وَنُقَدِّسُ لَكَ قَالَ إِنِّىٓ أَعْلَمُ مَا لَا تَعْلَمُونَ	وإذ قال ربك للملائكة إني جاعل في الأرض خليفة قالوا أتجعل فيها من يفسد فيها ويسفك الدماء ونحن نسبح بحمدك ونقدس لك قال إني أعلم ما لا تعلمون
2	37	4	1	r~ab~i	رَّبِّ	rab~	N	STEM|POS:N|LEM:rab~|ROOT:rbb|M|GEN	فَتَلَقَّىٰٓ ءَادَمُ مِن رَّبِّهِۦ كَلِمَٰتٍ فَتَابَ عَلَيْهِ إِنَّهُۥ هُوَ ٱلتَّوَّابُ ٱلرَّحِيمُ	فتلقى آدم من ربه كلمات فتاب عليه إنه هو التواب الرحيم
2	46	5	1	rab~i	رَبِّ	rab~	N	STEM|POS:N|LEM:rab~|ROOT:rbb|M|GEN	ٱلَّذِينَ يَظُنُّونَ أَنَّهُم مُّلَٰقُوا۟ رَبِّهِمْ وَأَنَّهُمْ إِلَيْهِ رَٰجِعُونَ	الذين يظنون أنهم ملاقو ربهم وأنهم إليه راجعون
2	49	17	1	r~ab~i	رَّبِّ	rab~	N	STEM|POS:N|LEM:rab~|ROOT:rbb|M|GEN	وَإِذْ نَجَّيْنَٰكُم مِّنْ ءَالِ فِرْعَوْنَ يَسُومُونَكُمْ سُوٓءَ ٱلْعَذَابِ يُذَبِّحُونَ أَبْنَآءَكُمْ وَيَسْتَحْيُونَ نِسَآءَكُمْ وَفِى ذَٰلِكُم بَلَآءٌ مِّن رَّبِّكُمْ عَظِيمٌ	وإذ نجيناكم من آل فرعون يسومونكم سوء العذاب يذبحون أبناءكم ويستحيون نساءكم وفي ذلكم بلاء من ربكم عظيم
2	61	11	1	rab~a	رَبَّ	rab~	N	STEM|POS:N|LEM:rab~|ROOT:rbb|M|ACC	وَإِذْ قُلْتُمْ يَٰمُوسَىٰ لَن نَّصْبِرَ عَلَىٰ طَعَامٍ وَٰحِدٍ فَٱدْعُ لَنَا رَبَّكَ يُخْرِجْ لَنَا مِمَّا تُنۢبِتُ ٱلْأَرْضُ مِنۢ بَقْلِهَا وَقِثَّآئِهَا وَفُومِهَا وَعَدَسِهَا وَبَصَلِهَا قَالَ أَتَسْتَبْدِلُونَ ٱلَّذِى هُوَ أَدْنَىٰ بِٱلَّذِى هُوَ خَيْرٌ ٱهْبِطُوا۟ مِصْرًا فَإِنَّ لَكُم مَّا سَأَلْتُمْ وَضُرِبَتْ عَلَيْهِمُ ٱلذِّلَّةُ وَٱلْمَسْكَنَةُ وَبَآءُو بِغَضَبٍ مِّنَ ٱللَّهِ ذَٰلِكَ بِأَنَّهُمْ كَانُوا۟ يَكْفُرُونَ بِـَٔايَٰتِ ٱللَّهِ وَيَقْتُلُونَ ٱلنَّبِيِّـۧنَ بِغَيْرِ ٱلْحَقِّ ذَٰلِكَ بِمَا عَصَوا۟ وَّكَانُوا۟ يَعْتَدُونَ	وإذ قلتم يا موسى لن نصبر على طعام واحد فادع لنا ربك يخرج لنا مما تنبت الأرض من بقلها وقثائها وفومها وعدسها وبصلها قال أتستبدلون الذي هو أدنى بالذي هو خير اهبطوا مصرا فإن لكم ما سألتم وضربت عليهم الذلة والمسكنة وباءوا بغضب من الله ذلك بأنهم كانوا يكفرون بآيات الله ويقتلون النبيين بغير الحق ذلك بما عصوا وكانوا يعتدون
2	62	18	1	rab~i	رَبِّ	rab~	N	STEM|POS:N|LEM:rab~|ROOT:rbb|M|GEN	إِنَّ ٱلَّذِينَ ءَامَنُوا۟ وَٱلَّذِينَ هَادُوا۟ وَٱلنَّصَٰرَىٰ وَٱلصَّٰبِـِٔينَ مَنْ ءَامَنَ بِٱللَّهِ وَٱلْيَوْمِ ٱلْـَٔاخِرِ وَعَمِلَ صَٰلِحًا فَلَهُمْ أَجْرُهُمْ عِندَ رَبِّهِمْ وَلَا خَوْفٌ عَلَيْهِمْ وَلَا هُمْ يَحْزَنُونَ	إن الذين آمنوا والذين هادوا والنصارى والصابئين من آمن بالله واليوم الآخر وعمل صالحا فلهم أجرهم عند ربهم ولا خوف عليهم ولا هم يحزنون
2	68	4	1	rab~a	رَبَّ	rab~	N	STEM|POS:N|LEM:rab~|ROOT:rbb|M|ACC	قَالُوا۟ ٱدْعُ لَنَا رَبَّكَ يُبَيِّن لَّنَا مَا هِىَ قَالَ إِنَّهُۥ يَقُولُ إِنَّهَا بَقَرَةٌ لَّا فَارِضٌ وَلَا بِكْرٌ عَوَانٌۢ بَيْنَ ذَٰلِكَ فَٱفْعَلُوا۟ مَا تُؤْمَرُونَ	قالوا ادع لنا ربك يبين لنا ما هي قال إنه يقول إنها بقرة لا فارض ولا بكر عوان بين ذلك فافعلوا ما تؤمرون
2	69	4	1	rab~a	رَبَّ	rab~	N	STEM|POS:N|LEM:rab~|ROOT:rbb|M|ACC	قَالُوا۟ ٱدْعُ لَنَا رَبَّكَ يُبَيِّن لَّنَا مَا لَوْنُهَا قَالَ إِنَّهُۥ يَقُولُ إِنَّهَا بَقَرَةٌ صَفْرَآءُ فَاقِعٌ لَّوْنُهَا تَسُرُّ ٱلنَّٰظِرِينَ	قالوا ادع لنا ربك يبين لنا ما لونها قال إنه يقول إنها بقرة صفراء فاقع لونها تسر الناظرين
2	70	4	1	rab~a	رَبَّ	rab~	N	STEM|POS:N|LEM:rab~|ROOT:rbb|M|ACC	قَالُوا۟ ٱدْعُ لَنَا رَبَّكَ يُبَيِّن لَّنَا مَا هِىَ إِنَّ ٱلْبَقَرَ تَشَٰبَهَ عَلَيْنَا وَإِنَّآ إِن شَآءَ ٱللَّهُ لَمُهْتَدُونَ	قالوا ادع لنا ربك يبين لنا ما هي إن البقر تشابه علينا وإنا إن شاء الله لمهتدون
2	76	21	1	rab~i	رَبِّ	rab~	N	STEM|POS:N|LEM:rab~|ROOT:rbb|M|GEN	وَإِذَا لَقُوا۟ ٱلَّذِينَ ءَامَنُوا۟ قَالُوٓا۟ ءَامَنَّا وَإِذَا خَلَا بَعْضُهُمْ إِلَىٰ بَعْضٍ قَالُوٓا۟ أَتُحَدِّثُونَهُم بِمَا فَتَحَ ٱللَّهُ عَلَيْكُمْ لِيُحَآجُّوكُم بِهِۦ عِندَ رَبِّكُمْ أَفَلَا تَعْقِلُونَ	وإذا لقوا الذين آمنوا قالوا آمنا وإذا خلا بعضهم إلى بعض قالوا أتحدثونهم بما فتح الله عليكم ليحاجوكم به عند ربكم أفلا تعقلون
2	105	16	1	r~ab~i	رَّبِّ	rab~	N	STEM|POS:N|LEM:rab~|ROOT:rbb|M|GEN	مَّا يَوَدُّ ٱلَّذِينَ كَفَرُوا۟ مِنْ أَهْلِ ٱلْكِتَٰبِ وَلَا ٱلْمُشْرِكِينَ أَن يُنَزَّلَ عَلَيْكُم مِّنْ خَيْرٍ مِّن رَّبِّكُمْ وَٱللَّهُ يَخْتَصُّ بِرَحْمَتِهِۦ مَن يَشَآءُ وَٱللَّهُ ذُو ٱلْفَضْلِ ٱلْعَظِيمِ	ما يود الذين كفروا من أهل الكتاب ولا المشركين أن ينزل عليكم من خير من ربكم والله يختص برحمته من يشاء والله ذو الفضل العظيم
2	112	11	1	rab~i	رَبِّ	rab~	N	STEM|POS:N|LEM:rab~|ROOT:rbb|M|GEN	بَلَىٰ مَنْ أَسْلَمَ وَجْهَهُۥ لِلَّهِ وَهُوَ مُحْسِنٌ فَلَهُۥٓ أَجْرُهُۥ عِندَ رَبِّهِۦ وَلَا خَوْفٌ عَلَيْهِمْ وَلَا هُمْ يَحْزَنُونَ	بلى من أسلم وجهه لله وهو محسن فله أجره عند ربه ولا خوف عليهم ولا هم يحزنون
2	124	4	1	rab~u	رَبُّ	rab~	N	STEM|POS:N|LEM:rab~|ROOT:rbb|M|NOM	وَإِذِ ٱبْتَلَىٰٓ إِبْرَٰهِـۧمَ رَبُّهُۥ بِكَلِمَٰتٍ فَأَتَمَّهُنَّ قَالَ إِنِّى جَاعِلُكَ لِلنَّاسِ إِمَامًا قَالَ وَمِن ذُرِّيَّتِى قَالَ لَا يَنَالُ عَهْدِى ٱلظَّٰلِمِينَ	وإذ ابتلى إبراهيم ربه بكلمات فأتمهن قال إني جاعلك للناس إماما قال ومن ذريتي قال لا ينال عهدي الظالمين
2	126	4	1	rab~i	رَبِّ	rab~	N	STEM|POS:N|LEM:rab~|ROOT:rbb|M|ACC	وَإِذْ قَالَ إِبْرَٰهِـۧمُ رَبِّ ٱجْعَلْ هَٰذَا بَلَدًا ءَامِنًا وَٱرْزُقْ أَهْلَهُۥ مِنَ ٱلثَّمَرَٰتِ مَنْ ءَامَنَ مِنْهُم بِٱللَّهِ وَٱلْيَوْمِ ٱلْـَٔاخِرِ قَالَ وَمَن كَفَرَ فَأُمَتِّعُهُۥ قَلِيلًا ثُمَّ أَضْطَرُّهُۥٓ إِلَىٰ عَذَابِ ٱلنَّارِ وَبِئْسَ ٱلْمَصِيرُ	وإذ قال إبراهيم رب اجعل هذا بلدا آمنا وارزق أهله من الثمرات من آمن منهم بالله واليوم الآخر قال ومن كفر فأمتعه قليلا ثم أضطره إلى عذاب النار وبئس المصير
2	127	8	1	rab~a	رَبَّ	rab~	N	STEM|POS:N|LEM:rab~|ROOT:rbb|M|ACC	وَإِذْ يَرْفَعُ إِبْرَٰهِـۧمُ ٱلْقَوَاعِدَ مِنَ ٱلْبَيْتِ وَإِسْمَٰعِيلُ رَبَّنَا تَقَبَّلْ مِنَّآ إِنَّكَ أَنتَ ٱلسَّمِيعُ ٱلْعَلِيمُ	وإذ يرفع إبراهيم القواعد من البيت وإسماعيل ربنا تقبل منا إنك أنت السميع العليم
2	128	1	1	rab~a	رَبَّ	rab~	N	STEM|POS:N|LEM:rab~|ROOT:rbb|M|ACC	رَبَّنَا وَٱجْعَلْنَا مُسْلِمَيْنِ لَكَ وَمِن ذُرِّيَّتِنَآ أُمَّةً مُّسْلِمَةً لَّكَ وَأَرِنَا مَنَاسِكَنَا وَتُبْ عَلَيْنَآ إِنَّكَ أَنتَ ٱلتَّوَّابُ ٱلرَّحِيمُ	ربنا واجعلنا مسلمين لك ومن ذريتنا أمة مسلمة لك وأرنا مناسكنا وتب علينا إنك أنت التواب الرحيم
2	129	1	1	rab~a	رَبَّ	rab~	N	STEM|POS:N|LEM:rab~|ROOT:rbb|M|ACC	رَبَّنَا وَٱبْعَثْ فِيهِمْ رَسُولًا مِّنْهُمْ يَتْلُوا۟ عَلَيْهِمْ ءَايَٰتِكَ وَيُعَلِّمُهُمُ ٱلْكِتَٰبَ وَٱلْحِكْمَةَ وَيُزَكِّيهِمْ إِنَّكَ أَنتَ ٱلْعَزِيزُ ٱلْحَكِيمُ	ربنا وابعث فيهم رسولا منهم يتلو عليهم آياتك ويعلمهم الكتاب والحكمة ويزكيهم إنك أنت العزيز الحكيم
2	131	4	1	rab~u	رَبُّ	rab~	N	STEM|POS:N|LEM:rab~|ROOT:rbb|M|NOM	إِذْ قَالَ لَهُۥ رَبُّهُۥٓ أَسْلِمْ قَالَ أَسْلَمْتُ لِرَبِّ ٱلْعَٰلَمِينَ	إذ قال له ربه أسلم قال أسلمت لرب العالمين
2	131	8	2	rab~i	رَبِّ	rab~	N	STEM|POS:N|LEM:rab~|ROOT:rbb|M|GEN	إِذْ قَالَ لَهُۥ رَبُّهُۥٓ أَسْلِمْ قَالَ أَسْلَمْتُ لِرَبِّ ٱلْعَٰلَمِينَ	إذ قال له ربه أسلم قال أسلمت لرب العالمين
2	136	23	1	r~ab~i	رَّبِّ	rab~	N	STEM|POS:N|LEM:rab~|ROOT:rbb|M|GEN	قُولُوٓا۟ ءَامَنَّا بِٱللَّهِ وَمَآ أُنزِلَ إِلَيْنَا وَمَآ أُنزِلَ إِلَىٰٓ إِبْرَٰهِـۧمَ وَإِسْمَٰعِيلَ وَإِسْحَٰقَ وَيَعْقُوبَ وَٱلْأَسْبَاطِ وَمَآ أُوتِىَ مُوسَىٰ وَعِيسَىٰ وَمَآ أُوتِىَ ٱلنَّبِيُّونَ مِن رَّبِّهِمْ لَا نُفَرِّقُ بَيْنَ أَحَدٍ مِّنْهُمْ وَنَحْنُ لَهُۥ مُسْلِمُونَ	قولوا آمنا بالله وما أنزل إلينا وما أنزل إلى إبراهيم وإسماعيل وإسحاق ويعقوب والأسباط وما أوتي موسى وعيسى وما أوتي النبيون من ربهم لا نفرق بين أحد منهم ونحن له مسلمون
2	139	6	1	rab~u	رَبُّ	rab~	N	STEM|POS:N|LEM:rab~|ROOT:rbb|M|NOM	قُلْ أَتُحَآجُّونَنَا فِى ٱللَّهِ وَهُوَ رَبُّنَا وَرَبُّكُمْ وَلَنَآ أَعْمَٰلُنَا وَلَكُمْ أَعْمَٰلُكُمْ وَنَحْنُ لَهُۥ مُخْلِصُونَ	قل أتحاجوننا في الله وهو ربنا وربكم ولنا أعمالنا ولكم أعمالكم ونحن له مخلصون
2	139	7	2	rab~u	رَبُّ	rab~	N	STEM|POS:N|LEM:rab~|ROOT:rbb|M|NOM	قُلْ أَتُحَآجُّونَنَا فِى ٱللَّهِ وَهُوَ رَبُّنَا وَرَبُّكُمْ وَلَنَآ أَعْمَٰلُنَا وَلَكُمْ أَعْمَٰلُكُمْ وَنَحْنُ لَهُۥ مُخْلِصُونَ	قل أتحاجوننا في الله وهو ربنا وربكم ولنا أعمالنا ولكم أعمالكم ونحن له مخلصون
2	144	29	1	r~ab~i	رَّبِّ	rab~	N	STEM|POS:N|LEM:rab~|ROOT:rbb|M|GEN	قَدْ نَرَىٰ تَقَلُّبَ وَجْهِكَ فِى ٱلسَّمَآءِ فَلَنُوَلِّيَنَّكَ قِبْلَةً تَرْضَىٰهَا فَوَلِّ وَجْهَكَ شَطْرَ ٱلْمَسْجِدِ ٱلْحَرَامِ وَحَيْثُ مَا كُنتُمْ فَوَلُّوا۟ وُجُوهَكُمْ شَطْرَهُۥ وَإِنَّ ٱلَّذِينَ أُوتُوا۟ ٱلْكِتَٰبَ لَيَعْلَمُونَ أَنَّهُ ٱلْحَقُّ مِن رَّبِّهِمْ وَمَا ٱللَّهُ بِغَٰفِلٍ عَمَّا يَعْمَلُونَ	قد نرى تقلب وجهك في السماء فلنولينك قبلة ترضاها فول وجهك شطر المسجد الحرام وحيث ما كنتم فولوا وجوهكم شطره وإن الذين أوتوا الكتاب ليعلمون أنه الحق من ربهم وما الله بغافل عما يعملون
2	147	3	1	r~ab~i	رَّبِّ	rab~	N	STEM|POS:N|LEM:rab~|ROOT:rbb|M|GEN	ٱلْحَقُّ مِن رَّبِّكَ فَلَا تَكُونَنَّ مِنَ ٱلْمُمْتَرِينَ	الحق من ربك فلا تكونن من الممترين
2	149	12	1	r~ab~i	رَّبِّ	rab~	N	STEM|POS:N|LEM:rab~|ROOT:rbb|M|GEN	وَمِنْ حَيْثُ خَرَجْتَ فَوَلِّ وَجْهَكَ شَطْرَ ٱلْمَسْجِدِ ٱلْحَرَامِ وَإِنَّهُۥ لَلْحَقُّ مِن رَّبِّكَ وَمَا ٱللَّهُ بِغَٰفِلٍ عَمَّا تَعْمَلُونَ	ومن حيث خرجت فول وجهك شطر المسجد الحرام وإنه للحق من ربك وما الله بغافل عما تعملون
2	157	5	1	r~ab~i	رَّبِّ	rab~	N	STEM|POS:N|LEM:rab~|ROOT:rbb|M|GEN	أُو۟لَٰٓئِكَ عَلَيْهِمْ صَلَوَٰتٌ مِّن رَّبِّهِمْ وَرَحْمَةٌ وَأُو۟لَٰٓئِكَ هُمُ ٱلْمُهْتَدُونَ	أولئك عليهم صلوات من ربهم ورحمة وأولئك هم المهتدون
2	178	29	1	r~ab~i	رَّبِّ	rab~	N	STEM|POS:N|LEM:rab~|ROOT:rbb|M|GEN	يَٰٓأَيُّهَا ٱلَّذِينَ ءَامَنُوا۟ كُتِبَ عَلَيْكُمُ ٱلْقِصَاصُ فِى ٱلْقَتْلَى ٱلْحُرُّ بِٱلْحُرِّ وَٱلْعَبْدُ بِٱلْعَبْدِ وَٱلْأُنثَىٰ بِٱلْأُنثَىٰ فَمَنْ عُفِىَ لَهُۥ مِنْ أَخِيهِ شَىْءٌ فَٱتِّبَاعٌۢ بِٱلْمَعْرُوفِ وَأَدَآءٌ إِلَيْهِ بِإِحْسَٰنٍ ذَٰلِكَ تَخْفِيفٌ مِّن رَّبِّكُمْ وَرَحْمَةٌ فَمَنِ ٱعْتَدَىٰ بَعْدَ ذَٰلِكَ فَلَهُۥ عَذَابٌ أَلِيمٌ	يا أيها الذين آمنوا كتب عليكم القصاص في القتلى الحر بالحر والعبد بالعبد والأنثى بالأنثى فمن عفي له من أخيه شيء فاتباع بالمعروف وأداء إليه بإحسان ذلك تخفيف من ربكم ورحمة فمن اعتدى بعد ذلك فله عذاب أليم
2	198	8	1	r~ab~i	رَّبِّ	rab~	N	STEM|POS:N|LEM:rab~|ROOT:rbb|M|GEN	لَيْسَ عَلَيْكُمْ جُنَاحٌ أَن تَبْتَغُوا۟ فَضْلًا مِّن رَّبِّكُمْ فَإِذَآ أَفَضْتُم مِّنْ عَرَفَٰتٍ فَٱذْكُرُوا۟ ٱللَّهَ عِندَ ٱلْمَشْعَرِ ٱلْحَرَامِ وَٱذْكُرُوهُ كَمَا هَدَىٰكُمْ وَإِن كُنتُم مِّن قَبْلِهِۦ لَمِنَ ٱلضَّآلِّينَ	ليس عليكم جناح أن تبتغوا فضلا من ربكم فإذا أفضتم من عرفات فاذكروا الله عند المشعر الحرام واذكروه كما هداكم وإن كنتم من قبله لمن الضالين
2	200	15	1	rab~a	رَبَّ	rab~	N	STEM|POS:N|LEM:rab~|ROOT:rbb|M|ACC	فَإِذَا قَضَيْتُم مَّنَٰسِكَكُمْ فَٱذْكُرُوا۟ ٱللَّهَ كَذِكْرِكُمْ ءَابَآءَكُمْ أَوْ أَشَدَّ ذِكْرًا فَمِنَ ٱلنَّاسِ مَن يَقُولُ رَبَّنَآ ءَاتِنَا فِى ٱلدُّنْيَا وَمَا لَهُۥ فِى ٱلْـَٔاخِرَةِ مِنْ خَلَٰقٍ	فإذا قضيتم مناسككم فاذكروا الله كذكركم آباءكم أو أشد ذكرا فمن الناس من يقول ربنا آتنا في الدنيا وما له في الآخرة من خلاق
2	201	4	1	rab~a	رَبَّ	rab~	N	STEM|POS:N|LEM:rab~|ROOT:rbb|M|ACC	وَمِنْهُم مَّن يَقُولُ رَبَّنَآ ءَاتِنَا فِى ٱلدُّنْيَا حَسَنَةً وَفِى ٱلْـَٔاخِرَةِ حَسَنَةً وَقِنَا عَذَابَ ٱلنَّارِ	ومنهم من يقول ربنا آتنا في الدنيا حسنة وفي الآخرة حسنة وقنا عذاب النار
2	248	13	1	r~ab~i	رَّبِّ	rab~	N	STEM|POS:N|LEM:rab~|ROOT:rbb|M|GEN	وَقَالَ لَهُمْ نَبِيُّهُمْ إِنَّ ءَايَةَ مُلْكِهِۦٓ أَن يَأْتِيَكُمُ ٱلتَّابُوتُ فِيهِ سَكِينَةٌ مِّن رَّبِّكُمْ وَبَقِيَّةٌ مِّمَّا تَرَكَ ءَالُ مُوسَىٰ وَءَالُ هَٰرُونَ تَحْمِلُهُ ٱلْمَلَٰٓئِكَةُ إِنَّ فِى ذَٰلِكَ لَـَٔايَةً لَّكُمْ إِن كُنتُم مُّؤْمِنِينَ	وقال لهم نبيهم إن آية ملكه أن يأتيكم التابوت فيه سكينة من ربكم وبقية مما ترك آل موسى وآل هارون تحمله الملائكة إن في ذلك لآية لكم إن كنتم مؤمنين
2	250	6	1	rab~a	رَبَّ	rab~	N	STEM|POS:N|LEM:rab~|ROOT:rbb|M|ACC	وَلَمَّا بَرَزُوا۟ لِجَالُوتَ وَجُنُودِهِۦ قَالُوا۟ رَبَّنَآ أَفْرِغْ عَلَيْنَا صَبْرًا وَثَبِّتْ أَقْدَامَنَا وَٱنصُرْنَا عَلَى ٱلْقَوْمِ ٱلْكَٰفِرِينَ	ولما برزوا لجالوت وجنوده قالوا ربنا أفرغ علينا صبرا وثبت أقدامنا وانصرنا على القوم الكافرين
2	258	8	1	rab~i	رَبِّ	rab~	N	STEM|POS:N|LEM:rab~|ROOT:rbb|M|GEN	أَلَمْ تَرَ إِلَى ٱلَّذِى حَآجَّ إِبْرَٰهِـۧمَ فِى رَبِّهِۦٓ أَنْ ءَاتَىٰهُ ٱللَّهُ ٱلْمُلْكَ إِذْ قَالَ إِبْرَٰهِـۧمُ رَبِّىَ ٱلَّذِى يُحْىِۦ وَيُمِيتُ قَالَ أَنَا۠ أُحْىِۦ وَأُمِيتُ قَالَ إِبْرَٰهِـۧمُ فَإِنَّ ٱللَّهَ يَأْتِى بِٱلشَّمْسِ مِنَ ٱلْمَشْرِقِ فَأْتِ بِهَا مِنَ ٱلْمَغْرِبِ فَبُهِتَ ٱلَّذِى كَفَرَ وَٱللَّهُ لَا يَهْدِى ٱلْقَوْمَ ٱلظَّٰلِمِينَ	ألم تر إلى الذي حاج إبراهيم في ربه أن آتاه الله الملك إذ قال إبراهيم ربي الذي يحيي ويميت قال أنا أحيي وأميت قال إبراهيم فإن الله يأتي بالشمس من المشرق فأت بها من المغرب فبهت الذي كفر والله لا يهدي القوم الظالمين
2	258	16	1	rab~i	رَبِّ	rab~	N	STEM|POS:N|LEM:rab~|ROOT:rbb|M|NOM	أَلَمْ تَرَ إِلَى ٱلَّذِى حَآجَّ إِبْرَٰهِـۧمَ فِى رَبِّهِۦٓ أَنْ ءَاتَىٰهُ ٱللَّهُ ٱلْمُلْكَ إِذْ قَالَ إِبْرَٰهِـۧمُ رَبِّىَ ٱلَّذِى يُحْىِۦ وَيُمِيتُ قَالَ أَنَا۠ أُحْىِۦ وَأُمِيتُ قَالَ إِبْرَٰهِـۧمُ فَإِنَّ ٱللَّهَ يَأْتِى بِٱلشَّمْسِ مِنَ ٱلْمَشْرِقِ فَأْتِ بِهَا مِنَ ٱلْمَغْرِبِ فَبُهِتَ ٱلَّذِى كَفَرَ وَٱللَّهُ لَا يَهْدِى ٱلْقَوْمَ ٱلظَّٰلِمِينَ	ألم تر إلى الذي حاج إبراهيم في ربه أن آتاه الله الملك إذ قال إبراهيم ربي الذي يحيي ويميت قال أنا أحيي وأميت قال إبراهيم فإن الله يأتي بالشمس من المشرق فأت بها من المغرب فبهت الذي كفر والله لا يهدي القوم الظالمين
2	260	4	1	rab~i	رَبِّ	rab~	N	STEM|POS:N|LEM:rab~|ROOT:rbb|M|ACC	وَإِذْ قَالَ إِبْرَٰهِـۧمُ رَبِّ أَرِنِى كَيْفَ تُحْىِ ٱلْمَوْتَىٰ قَالَ أَوَلَمْ تُؤْمِن قَالَ بَلَىٰ وَلَٰكِن لِّيَطْمَئِنَّ قَلْبِى قَالَ فَخُذْ أَرْبَعَةً مِّنَ ٱلطَّيْرِ فَصُرْهُنَّ إِلَيْكَ ثُمَّ ٱجْعَلْ عَلَىٰ كُلِّ جَبَلٍ مِّنْهُنَّ جُزْءًا ثُمَّ ٱدْعُهُنَّ يَأْتِينَكَ سَعْيًا وَٱعْلَمْ أَنَّ ٱللَّهَ عَزِيزٌ حَكِيمٌ	وإذ قال إبراهيم رب أرني كيف تحيي الموتى قال أولم تؤمن قال بلى ولكن ليطمئن قلبي قال فخذ أربعة من الطير فصرهن إليك ثم اجعل على كل جبل منهن جزءا ثم ادعهن يأتينك سعيا واعلم أن الله عزيز حكيم
2	262	18	1	rab~i	رَبِّ	rab~	N	STEM|POS:N|LEM:rab~|ROOT:rbb|M|GEN	ٱلَّذِينَ يُنفِقُونَ أَمْوَٰلَهُمْ فِى سَبِيلِ ٱللَّهِ ثُمَّ لَا يُتْبِعُونَ مَآ أَنفَقُوا۟ مَنًّا وَلَآ أَذًى لَّهُمْ أَجْرُهُمْ عِندَ رَبِّهِمْ وَلَا خَوْفٌ عَلَيْهِمْ وَلَا هُمْ يَحْزَنُونَ	الذين ينفقون أموالهم في سبيل الله ثم لا يتبعون ما أنفقوا منا ولا أذى لهم أجرهم عند ربهم ولا خوف عليهم ولا هم يحزنون
2	274	11	1	rab~i	رَبِّ	rab~	N	STEM|POS:N|LEM:rab~|ROOT:rbb|M|GEN	ٱلَّذِينَ يُنفِقُونَ أَمْوَٰلَهُم بِٱلَّيْلِ وَٱلنَّهَارِ سِرًّا وَعَلَانِيَةً فَلَهُمْ أَجْرُهُمْ عِندَ رَبِّهِمْ وَلَا خَوْفٌ عَلَيْهِمْ وَلَا هُمْ يَحْزَنُونَ	الذين ينفقون أموالهم بالليل والنهار سرا وعلانية فلهم أجرهم عند ربهم ولا خوف عليهم ولا هم يحزنون
2	275	30	1	r~ab~i	رَّبِّ	rab~	N	STEM|POS:N|LEM:rab~|ROOT:rbb|M|GEN	ٱلَّذِينَ يَأْكُلُونَ ٱلرِّبَوٰا۟ لَا يَقُومُونَ إِلَّا كَمَا يَقُومُ ٱلَّذِى يَتَخَبَّطُهُ ٱلشَّيْطَٰنُ مِنَ ٱلْمَسِّ ذَٰلِكَ بِأَنَّهُمْ قَالُوٓا۟ إِنَّمَا ٱلْبَيْعُ مِثْلُ ٱلرِّبَوٰا۟ وَأَحَلَّ ٱللَّهُ ٱلْبَيْعَ وَحَرَّمَ ٱلرِّبَوٰا۟ فَمَن جَآءَهُۥ مَوْعِظَةٌ مِّن رَّبِّهِۦ فَٱنتَهَىٰ فَلَهُۥ مَا سَلَفَ وَأَمْرُهُۥٓ إِلَى ٱللَّهِ وَمَنْ عَادَ فَأُو۟لَٰٓئِكَ أَصْحَٰبُ ٱلنَّارِ هُمْ فِيهَا خَٰلِدُونَ	الذين يأكلون الربا لا يقومون إلا كما يقوم الذي يتخبطه الشيطان من المس ذلك بأنهم قالوا إنما البيع مثل الربا وأحل الله البيع وحرم الربا فمن جاءه موعظة من ربه فانتهى فله ما سلف وأمره إلى الله ومن عاد فأولئك أصحاب النار هم فيها خالدون
2	277	13	1	rab~i	رَبِّ	rab~	N	STEM|POS:N|LEM:rab~|ROOT:rbb|M|GEN	إِنَّ ٱلَّذِينَ ءَامَنُوا۟ وَعَمِلُوا۟ ٱلصَّٰلِحَٰتِ وَأَقَامُوا۟ ٱلصَّلَوٰةَ وَءَاتَوُا۟ ٱلزَّكَوٰةَ لَهُمْ أَجْرُهُمْ عِندَ رَبِّهِمْ وَلَا خَوْفٌ عَلَيْهِمْ وَلَا هُمْ يَحْزَنُونَ	إن الذين آمنوا وعملوا الصالحات وأقاموا الصلاة وآتوا الزكاة لهم أجرهم عند ربهم ولا خوف عليهم ولا هم يحزنون
2	282	30	1	rab~a	رَبَّ	rab~	N	STEM|POS:N|LEM:rab~|ROOT:rbb|M|ACC	يَٰٓأَيُّهَا ٱلَّذِينَ ءَامَنُوٓا۟ إِذَا تَدَايَنتُم بِدَيْنٍ إِلَىٰٓ أَجَلٍ مُّسَمًّى فَٱكْتُبُوهُ وَلْيَكْتُب بَّيْنَكُمْ كَاتِبٌۢ بِٱلْعَدْلِ وَلَا يَأْبَ كَاتِبٌ أَن يَكْتُبَ كَمَا عَلَّمَهُ ٱللَّهُ فَلْيَكْتُبْ وَلْيُمْلِلِ ٱلَّذِى عَلَيْهِ ٱلْحَقُّ وَلْيَتَّقِ ٱللَّهَ رَبَّهُۥ وَلَا يَبْخَسْ مِنْهُ شَيْـًٔا فَإِن كَانَ ٱلَّذِى عَلَيْهِ ٱلْحَقُّ سَفِيهًا أَوْ ضَعِيفًا أَوْ لَا يَسْتَطِيعُ أَن يُمِلَّ هُوَ فَلْيُمْلِلْ وَلِيُّهُۥ بِٱلْعَدْلِ وَٱسْتَشْهِدُوا۟ شَهِيدَيْنِ مِن رِّجَالِكُمْ فَإِن لَّمْ يَكُونَا رَجُلَيْنِ فَرَجُلٌ وَٱمْرَأَتَانِ مِمَّن تَرْضَوْنَ مِنَ ٱلشُّهَدَآءِ أَن تَضِلَّ إِحْدَىٰهُمَا فَتُذَكِّرَ إِحْدَىٰهُمَا ٱلْأُخْرَىٰ وَلَا يَأْبَ ٱلشُّهَدَآءُ إِذَا مَا دُعُوا۟ وَلَا تَسْـَٔمُوٓا۟ أَن تَكْتُبُوهُ صَغِيرًا أَوْ كَبِيرًا إِلَىٰٓ أَجَلِهِۦ ذَٰلِكُمْ أَقْسَطُ عِندَ ٱللَّهِ وَأَقْوَمُ لِلشَّهَٰدَةِ وَأَدْنَىٰٓ أَلَّا تَرْتَابُوٓا۟ إِلَّآ أَن تَكُونَ تِجَٰرَةً حَاضِرَةً تُدِيرُونَهَا بَيْنَكُمْ فَلَيْسَ عَلَيْكُمْ جُنَاحٌ أَلَّا تَكْتُبُوهَا وَأَشْهِدُوٓا۟ إِذَا تَبَايَعْتُمْ وَلَا يُضَآرَّ كَاتِبٌ وَلَا شَهِيدٌ وَإِن تَفْعَلُوا۟ فَإِنَّهُۥ فُسُوقٌۢ بِكُمْ وَٱتَّقُوا۟ ٱللَّهَ وَيُعَلِّمُكُمُ ٱللَّهُ وَٱللَّهُ بِكُلِّ شَىْءٍ عَلِيمٌ	يا أيها الذين آمنوا إذا تداينتم بدين إلى أجل مسمى فاكتبوه وليكتب بينكم كاتب بالعدل ولا يأب كاتب أن يكتب كما علمه الله فليكتب وليملل الذي عليه الحق وليتق الله ربه ولا يبخس منه شيئا فإن كان الذي عليه الحق سفيها أو ضعيفا أو لا يستطيع أن يمل هو فليملل وليه بالعدل واستشهدوا شهيدين من رجالكم فإن لم يكونا رجلين فرجل وامرأتان ممن ترضون من الشهداء أن تضل إحداهما فتذكر إحداهما الأخرى ولا يأب الشهداء إذا ما دعوا ولا تسأموا أن تكتبوه صغيرا أو كبيرا إلى أجله ذلكم أقسط عند الله وأقوم للشهادة وأدنى ألا ترتابوا إلا أن تكون تجارة حاضرة تديرونها بينكم فليس عليكم جناح ألا تكتبوها وأشهدوا إذا تبايعتم ولا يضار كاتب ولا شهيد وإن تفعلوا فإنه فسوق بكم واتقوا الله ويعلمكم الله والله بكل شيء عليم
2	283	20	1	rab~a	رَبَّ	rab~	N	STEM|POS:N|LEM:rab~|ROOT:rbb|M|ACC	وَإِن كُنتُمْ عَلَىٰ سَفَرٍ وَلَمْ تَجِدُوا۟ كَاتِبًا فَرِهَٰنٌ مَّقْبُوضَةٌ فَإِنْ أَمِنَ بَعْضُكُم بَعْضًا فَلْيُؤَدِّ ٱلَّذِى ٱؤْتُمِنَ أَمَٰنَتَهُۥ وَلْيَتَّقِ ٱللَّهَ رَبَّهُۥ وَلَا تَكْتُمُوا۟ ٱلشَّهَٰدَةَ وَمَن يَكْتُمْهَا فَإِنَّهُۥٓ ءَاثِمٌ قَلْبُهُۥ وَٱللَّهُ بِمَا تَعْمَلُونَ عَلِيمٌ	وإن كنتم على سفر ولم تجدوا كاتبا فرهان مقبوضة فإن أمن بعضكم بعضا فليؤد الذي اؤتمن أمانته وليتق الله ربه ولا تكتموا الشهادة ومن يكتمها فإنه آثم قلبه والله بما تعملون عليم
2	285	7	1	r~ab~i	رَّبِّ	rab~	N	STEM|POS:N|LEM:rab~|ROOT:rbb|M|GEN	ءَامَنَ ٱلرَّسُولُ بِمَآ أُنزِلَ إِلَيْهِ مِن رَّبِّهِۦ وَٱلْمُؤْمِنُونَ كُلٌّ ءَامَنَ بِٱللَّهِ وَمَلَٰٓئِكَتِهِۦ وَكُتُبِهِۦ وَرُسُلِهِۦ لَا نُفَرِّقُ بَيْنَ أَحَدٍ مِّن رُّسُلِهِۦ وَقَالُوا۟ سَمِعْنَا وَأَطَعْنَا غُفْرَانَكَ رَبَّنَا وَإِلَيْكَ ٱلْمَصِيرُ	آمن الرسول بما أنزل إليه من ربه والمؤمنون كل آمن بالله وملائكته وكتبه ورسله لا نفرق بين أحد من رسله وقالوا سمعنا وأطعنا غفرانك ربنا وإليك المصير
2	285	25	1	rab~a	رَبَّ	rab~	N	STEM|POS:N|LEM:rab~|ROOT:rbb|M|ACC	ءَامَنَ ٱلرَّسُولُ بِمَآ أُنزِلَ إِلَيْهِ مِن رَّبِّهِۦ وَٱلْمُؤْمِنُونَ كُلٌّ ءَامَنَ بِٱللَّهِ وَمَلَٰٓئِكَتِهِۦ وَكُتُبِهِۦ وَرُسُلِهِۦ لَا نُفَرِّقُ بَيْنَ أَحَدٍ مِّن رُّسُلِهِۦ وَقَالُوا۟ سَمِعْنَا وَأَطَعْنَا غُفْرَانَكَ رَبَّنَا وَإِلَيْكَ ٱلْمَصِيرُ	آمن الرسول بما أنزل إليه من ربه والمؤمنون كل آمن بالله وملائكته وكتبه ورسله لا نفرق بين أحد من رسله وقالوا سمعنا وأطعنا غفرانك ربنا وإليك المصير
2	286	13	1	rab~a	رَبَّ	rab~	N	STEM|POS:N|LEM:rab~|ROOT:rbb|M|ACC	لَا يُكَلِّفُ ٱللَّهُ نَفْسًا إِلَّا وُسْعَهَا لَهَا مَا كَسَبَتْ وَعَلَيْهَا مَا ٱكْتَسَبَتْ رَبَّنَا لَا تُؤَاخِذْنَآ إِن نَّسِينَآ أَوْ أَخْطَأْنَا رَبَّنَا وَلَا تَحْمِلْ عَلَيْنَآ إِصْرًا كَمَا حَمَلْتَهُۥ عَلَى ٱلَّذِينَ مِن قَبْلِنَا رَبَّنَا وَلَا تُحَمِّلْنَا مَا لَا طَاقَةَ لَنَا بِهِۦ وَٱعْفُ عَنَّا وَٱغْفِرْ لَنَا وَٱرْحَمْنَآ أَنتَ مَوْلَىٰنَا فَٱنصُرْنَا عَلَى ٱلْقَوْمِ ٱلْكَٰفِرِينَ	لا يكلف الله نفسا إلا وسعها لها ما كسبت وعليها ما اكتسبت ربنا لا تؤاخذنا إن نسينا أو أخطأنا ربنا ولا تحمل علينا إصرا كما حملته على الذين من قبلنا ربنا ولا تحملنا ما لا طاقة لنا به واعف عنا واغفر لنا وارحمنا أنت مولانا فانصرنا على القوم الكافرين
2	286	20	1	rab~a	رَبَّ	rab~	N	STEM|POS:N|LEM:rab~|ROOT:rbb|M|ACC	لَا يُكَلِّفُ ٱللَّهُ نَفْسًا إِلَّا وُسْعَهَا لَهَا مَا كَسَبَتْ وَعَلَيْهَا مَا ٱكْتَسَبَتْ رَبَّنَا لَا تُؤَاخِذْنَآ إِن نَّسِينَآ أَوْ أَخْطَأْنَا رَبَّنَا وَلَا تَحْمِلْ عَلَيْنَآ إِصْرًا كَمَا حَمَلْتَهُۥ عَلَى ٱلَّذِينَ مِن قَبْلِنَا رَبَّنَا وَلَا تُحَمِّلْنَا مَا لَا طَاقَةَ لَنَا بِهِۦ وَٱعْفُ عَنَّا وَٱغْفِرْ لَنَا وَٱرْحَمْنَآ أَنتَ مَوْلَىٰنَا فَٱنصُرْنَا عَلَى ٱلْقَوْمِ ٱلْكَٰفِرِينَ	لا يكلف الله نفسا إلا وسعها لها ما كسبت وعليها ما اكتسبت ربنا لا تؤاخذنا إن نسينا أو أخطأنا ربنا ولا تحمل علينا إصرا كما حملته على الذين من قبلنا ربنا ولا تحملنا ما لا طاقة لنا به واعف عنا واغفر لنا وارحمنا أنت مولانا فانصرنا على القوم الكافرين
2	286	31	1	rab~a	رَبَّ	rab~	N	STEM|POS:N|LEM:rab~|ROOT:rbb|M|ACC	لَا يُكَلِّفُ ٱللَّهُ نَفْسًا إِلَّا وُسْعَهَا لَهَا مَا كَسَبَتْ وَعَلَيْهَا مَا ٱكْتَسَبَتْ رَبَّنَا لَا تُؤَاخِذْنَآ إِن نَّسِينَآ أَوْ أَخْطَأْنَا رَبَّنَا وَلَا تَحْمِلْ عَلَيْنَآ إِصْرًا كَمَا حَمَلْتَهُۥ عَلَى ٱلَّذِينَ مِن قَبْلِنَا رَبَّنَا وَلَا تُحَمِّلْنَا مَا لَا طَاقَةَ لَنَا بِهِۦ وَٱعْفُ عَنَّا وَٱغْفِرْ لَنَا وَٱرْحَمْنَآ أَنتَ مَوْلَىٰنَا فَٱنصُرْنَا عَلَى ٱلْقَوْمِ ٱلْكَٰفِرِينَ	لا يكلف الله نفسا إلا وسعها لها ما كسبت وعليها ما اكتسبت ربنا لا تؤاخذنا إن نسينا أو أخطأنا ربنا ولا تحمل علينا إصرا كما حملته على الذين من قبلنا ربنا ولا تحملنا ما لا طاقة لنا به واعف عنا واغفر لنا وارحمنا أنت مولانا فانصرنا على القوم الكافرين
3	7	41	1	rab~i	رَبِّ	rab~	N	STEM|POS:N|LEM:rab~|ROOT:rbb|M|GEN	هُوَ ٱلَّذِىٓ أَنزَلَ عَلَيْكَ ٱلْكِتَٰبَ مِنْهُ ءَايَٰتٌ مُّحْكَمَٰتٌ هُنَّ أُمُّ ٱلْكِتَٰبِ وَأُخَرُ مُتَشَٰبِهَٰتٌ فَأَمَّا ٱلَّذِينَ فِى قُلُوبِهِمْ زَيْغٌ فَيَتَّبِعُونَ مَا تَشَٰبَهَ مِنْهُ ٱبْتِغَآءَ ٱلْفِتْنَةِ وَٱبْتِغَآءَ تَأْوِيلِهِۦ وَمَا يَعْلَمُ تَأْوِيلَهُۥٓ إِلَّا ٱللَّهُ وَٱلرَّٰسِخُونَ فِى ٱلْعِلْمِ يَقُولُونَ ءَامَنَّا بِهِۦ كُلٌّ مِّنْ عِندِ رَبِّنَا وَمَا يَذَّكَّرُ إِلَّآ أُو۟لُوا۟ ٱلْأَلْبَٰبِ	هو الذي أنزل عليك الكتاب منه آيات محكمات هن أم الكتاب وأخر متشابهات فأما الذين في قلوبهم زيغ فيتبعون ما تشابه منه ابتغاء الفتنة وابتغاء تأويله وما يعلم تأويله إلا الله والراسخون في العلم يقولون آمنا به كل من عند ربنا وما يذكر إلا أولو الألباب
3	8	1	1	rab~a	رَبَّ	rab~	N	STEM|POS:N|LEM:rab~|ROOT:rbb|M|ACC	رَبَّنَا لَا تُزِغْ قُلُوبَنَا بَعْدَ إِذْ هَدَيْتَنَا وَهَبْ لَنَا مِن لَّدُنكَ رَحْمَةً إِنَّكَ أَنتَ ٱلْوَهَّابُ	ربنا لا تزغ قلوبنا بعد إذ هديتنا وهب لنا من لدنك رحمة إنك أنت الوهاب
3	9	1	1	rab~a	رَبَّ	rab~	N	STEM|POS:N|LEM:rab~|ROOT:rbb|M|ACC	رَبَّنَآ إِنَّكَ جَامِعُ ٱلنَّاسِ لِيَوْمٍ لَّا رَيْبَ فِيهِ إِنَّ ٱللَّهَ لَا يُخْلِفُ ٱلْمِيعَادَ	ربنا إنك جامع الناس ليوم لا ريب فيه إن الله لا يخلف الميعاد
3	15	9	1	rab~i	رَبِّ	rab~	N	STEM|POS:N|LEM:rab~|ROOT:rbb|M|GEN	قُلْ أَؤُنَبِّئُكُم بِخَيْرٍ مِّن ذَٰلِكُمْ لِلَّذِينَ ٱتَّقَوْا۟ عِندَ رَبِّهِمْ جَنَّٰتٌ تَجْرِى مِن تَحْتِهَا ٱلْأَنْهَٰرُ خَٰلِدِينَ فِيهَا وَأَزْوَٰجٌ مُّطَهَّرَةٌ وَرِضْوَٰنٌ مِّنَ ٱللَّهِ وَٱللَّهُ بَصِيرٌۢ بِٱلْعِبَادِ	قل أؤنبئكم بخير من ذلكم للذين اتقوا عند ربهم جنات تجري من تحتها الأنهار خالدين فيها وأزواج مطهرة ورضوان من الله والله بصير بالعباد
3	16	3	1	rab~a	رَبَّ	rab~	N	STEM|POS:N|LEM:rab~|ROOT:rbb|M|ACC	ٱلَّذِينَ يَقُولُونَ رَبَّنَآ إِنَّنَآ ءَامَنَّا فَٱغْفِرْ لَنَا ذُنُوبَنَا وَقِنَا عَذَابَ ٱلنَّارِ	الذين يقولون ربنا إننا آمنا فاغفر لنا ذنوبنا وقنا عذاب النار
3	35	5	1	rab~i	رَبِّ	rab~	N	STEM|POS:N|LEM:rab~|ROOT:rbb|M|ACC	إِذْ قَالَتِ ٱمْرَأَتُ عِمْرَٰنَ رَبِّ إِنِّى نَذَرْتُ لَكَ مَا فِى بَطْنِى مُحَرَّرًا فَتَقَبَّلْ مِنِّىٓ إِنَّكَ أَنتَ ٱلسَّمِيعُ ٱلْعَلِيمُ	إذ قالت امرأت عمران رب إني نذرت لك ما في بطني محررا فتقبل مني إنك أنت السميع العليم
3	36	4	1	rab~i	رَبِّ	rab~	N	STEM|POS:N|LEM:rab~|ROOT:rbb|M|ACC	فَلَمَّا وَضَعَتْهَا قَالَتْ رَبِّ إِنِّى وَضَعْتُهَآ أُنثَىٰ وَٱللَّهُ أَعْلَمُ بِمَا وَضَعَتْ وَلَيْسَ ٱلذَّكَرُ كَٱلْأُنثَىٰ وَإِنِّى سَمَّيْتُهَا مَرْيَمَ وَإِنِّىٓ أُعِيذُهَا بِكَ وَذُرِّيَّتَهَا مِنَ ٱلشَّيْطَٰنِ ٱلرَّجِيمِ	فلما وضعتها قالت رب إني وضعتها أنثى والله أعلم بما وضعت وليس الذكر كالأنثى وإني سميتها مريم وإني أعيذها بك وذريتها من الشيطان الرجيم
3	37	2	1	rab~u	رَبُّ	rab~	N	STEM|POS:N|LEM:rab~|ROOT:rbb|M|NOM	فَتَقَبَّلَهَا رَبُّهَا بِقَبُولٍ حَسَنٍ وَأَنۢبَتَهَا نَبَاتًا حَسَنًا وَكَفَّلَهَا زَكَرِيَّا كُلَّمَا دَخَلَ عَلَيْهَا زَكَرِيَّا ٱلْمِحْرَابَ وَجَدَ عِندَهَا رِزْقًا قَالَ يَٰمَرْيَمُ أَنَّىٰ لَكِ هَٰذَا قَالَتْ هُوَ مِنْ عِندِ ٱللَّهِ إِنَّ ٱللَّهَ يَرْزُقُ مَن يَشَآءُ بِغَيْرِ حِسَابٍ	فتقبلها ربها بقبول حسن وأنبتها نباتا حسنا وكفلها زكريا كلما دخل عليها زكريا المحراب وجد عندها رزقا قال يا مريم أنى لك هذا قالت هو من عند الله إن الله يرزق من يشاء بغير حساب
3	38	4	1	rab~a	رَبَّ	rab~	N	STEM|POS:N|LEM:rab~|ROOT:rbb|M|ACC	هُنَالِكَ دَعَا زَكَرِيَّا رَبَّهُۥ قَالَ رَبِّ هَبْ لِى مِن لَّدُنكَ ذُرِّيَّةً طَيِّبَةً إِنَّكَ سَمِيعُ ٱلدُّعَآءِ	هنالك دعا زكريا ربه قال رب هب لي من لدنك ذرية طيبة إنك سميع الدعاء
3	38	6	1	rab~i	رَبِّ	rab~	N	STEM|POS:N|LEM:rab~|ROOT:rbb|M|ACC	هُنَالِكَ دَعَا زَكَرِيَّا رَبَّهُۥ قَالَ رَبِّ هَبْ لِى مِن لَّدُنكَ ذُرِّيَّةً طَيِّبَةً إِنَّكَ سَمِيعُ ٱلدُّعَآءِ	هنالك دعا زكريا ربه قال رب هب لي من لدنك ذرية طيبة إنك سميع الدعاء
3	40	2	1	rab~i	رَبِّ	rab~	N	STEM|POS:N|LEM:rab~|ROOT:rbb|M|ACC	قَالَ رَبِّ أَنَّىٰ يَكُونُ لِى غُلَٰمٌ وَقَدْ بَلَغَنِىَ ٱلْكِبَرُ وَٱمْرَأَتِى عَاقِرٌ قَالَ كَذَٰلِكَ ٱللَّهُ يَفْعَلُ مَا يَشَآءُ	قال رب أنى يكون لي غلام وقد بلغني الكبر وامرأتي عاقر قال كذلك الله يفعل ما يشاء
3	41	2	1	rab~i	رَبِّ	rab~	N	STEM|POS:N|LEM:rab~|ROOT:rbb|M|ACC	قَالَ رَبِّ ٱجْعَل لِّىٓ ءَايَةً قَالَ ءَايَتُكَ أَلَّا تُكَلِّمَ ٱلنَّاسَ ثَلَٰثَةَ أَيَّامٍ إِلَّا رَمْزًا وَٱذْكُر رَّبَّكَ كَثِيرًا وَسَبِّحْ بِٱلْعَشِىِّ وَٱلْإِبْكَٰرِ	قال رب اجعل لي آية قال آيتك ألا تكلم الناس ثلاثة أيام إلا رمزا واذكر ربك كثيرا وسبح بالعشي والإبكار
3	41	16	1	r~ab~a	رَّبَّ	rab~	N	STEM|POS:N|LEM:rab~|ROOT:rbb|M|ACC	قَالَ رَبِّ ٱجْعَل لِّىٓ ءَايَةً قَالَ ءَايَتُكَ أَلَّا تُكَلِّمَ ٱلنَّاسَ ثَلَٰثَةَ أَيَّامٍ إِلَّا رَمْزًا وَٱذْكُر رَّبَّكَ كَثِيرًا وَسَبِّحْ بِٱلْعَشِىِّ وَٱلْإِبْكَٰرِ	قال رب اجعل لي آية قال آيتك ألا تكلم الناس ثلاثة أيام إلا رمزا واذكر ربك كثيرا وسبح بالعشي والإبكار
3	43	3	2	rab~i	رَبِّ	rab~	N	STEM|POS:N|LEM:rab~|ROOT:rbb|M|GEN	يَٰمَرْيَمُ ٱقْنُتِى لِرَبِّكِ وَٱسْجُدِى وَٱرْكَعِى مَعَ ٱلرَّٰكِعِينَ	يا مريم اقنتي لربك واسجدي واركعي مع الراكعين
3	47	2	1	rab~i	رَبِّ	rab~	N	STEM|POS:N|LEM:rab~|ROOT:rbb|M|ACC	قَالَتْ رَبِّ أَنَّىٰ يَكُونُ لِى وَلَدٌ وَلَمْ يَمْسَسْنِى بَشَرٌ قَالَ كَذَٰلِكِ ٱللَّهُ يَخْلُقُ مَا يَشَآءُ إِذَا قَضَىٰٓ أَمْرًا فَإِنَّمَا يَقُولُ لَهُۥ كُن فَيَكُونُ	قالت رب أنى يكون لي ولد ولم يمسسني بشر قال كذلك الله يخلق ما يشاء إذا قضى أمرا فإنما يقول له كن فيكون
3	49	10	1	r~ab~i	رَّبِّ	rab~	N	STEM|POS:N|LEM:rab~|ROOT:rbb|M|GEN	وَرَسُولًا إِلَىٰ بَنِىٓ إِسْرَٰٓءِيلَ أَنِّى قَدْ جِئْتُكُم بِـَٔايَةٍ مِّن رَّبِّكُمْ أَنِّىٓ أَخْلُقُ لَكُم مِّنَ ٱلطِّينِ كَهَيْـَٔةِ ٱلطَّيْرِ فَأَنفُخُ فِيهِ فَيَكُونُ طَيْرًۢا بِإِذْنِ ٱللَّهِ وَأُبْرِئُ ٱلْأَكْمَهَ وَٱلْأَبْرَصَ وَأُحْىِ ٱلْمَوْتَىٰ بِإِذْنِ ٱللَّهِ وَأُنَبِّئُكُم بِمَا تَأْكُلُونَ وَمَا تَدَّخِرُونَ فِى بُيُوتِكُمْ إِنَّ فِى ذَٰلِكَ لَـَٔايَةً لَّكُمْ إِن كُنتُم مُّؤْمِنِينَ	ورسولا إلى بني إسرائيل أني قد جئتكم بآية من ربكم أني أخلق لكم من الطين كهيئة الطير فأنفخ فيه فيكون طيرا بإذن الله وأبرئ الأكمه والأبرص وأحيي الموتى بإذن الله وأنبئكم بما تأكلون وما تدخرون في بيوتكم إن في ذلك لآية لكم إن كنتم مؤمنين
3	50	16	1	r~ab~i	رَّبِّ	rab~	N	STEM|POS:N|LEM:rab~|ROOT:rbb|M|GEN	وَمُصَدِّقًا لِّمَا بَيْنَ يَدَىَّ مِنَ ٱلتَّوْرَىٰةِ وَلِأُحِلَّ لَكُم بَعْضَ ٱلَّذِى حُرِّمَ عَلَيْكُمْ وَجِئْتُكُم بِـَٔايَةٍ مِّن رَّبِّكُمْ فَٱتَّقُوا۟ ٱللَّهَ وَأَطِيعُونِ	ومصدقا لما بين يدي من التوراة ولأحل لكم بعض الذي حرم عليكم وجئتكم بآية من ربكم فاتقوا الله وأطيعون
3	51	3	1	rab~i	رَبِّ	rab~	N	STEM|POS:N|LEM:rab~|ROOT:rbb|M|NOM	إِنَّ ٱللَّهَ رَبِّى وَرَبُّكُمْ فَٱعْبُدُوهُ هَٰذَا صِرَٰطٌ مُّسْتَقِيمٌ	إن الله ربي وربكم فاعبدوه هذا صراط مستقيم
3	51	4	2	rab~u	رَبُّ	rab~	N	STEM|POS:N|LEM:rab~|ROOT:rbb|M|NOM	إِنَّ ٱللَّهَ رَبِّى وَرَبُّكُمْ فَٱعْبُدُوهُ هَٰذَا صِرَٰطٌ مُّسْتَقِيمٌ	إن الله ربي وربكم فاعبدوه هذا صراط مستقيم
3	53	1	1	rab~a	رَبَّ	rab~	N	STEM|POS:N|LEM:rab~|ROOT:rbb|M|ACC	رَبَّنَآ ءَامَنَّا بِمَآ أَنزَلْتَ وَٱتَّبَعْنَا ٱلرَّسُولَ فَٱكْتُبْنَا مَعَ ٱلشَّٰهِدِينَ	ربنا آمنا بما أنزلت واتبعنا الرسول فاكتبنا مع الشاهدين
3	60	3	1	r~ab~i	رَّبِّ	rab~	N	STEM|POS:N|LEM:rab~|ROOT:rbb|M|GEN	ٱلْحَقُّ مِن رَّبِّكَ فَلَا تَكُن مِّنَ ٱلْمُمْتَرِينَ	الحق من ربك فلا تكن من الممترين
3	64	22	1	>arobaAbFA	أَرْبَابًا	rab~	N	STEM|POS:N|LEM:rab~|ROOT:rbb|MP|INDEF|ACC	قُلْ يَٰٓأَهْلَ ٱلْكِتَٰبِ تَعَالَوْا۟ إِلَىٰ كَلِمَةٍ سَوَآءٍۭ بَيْنَنَا وَبَيْنَكُمْ أَلَّا نَعْبُدَ إِلَّا ٱللَّهَ وَلَا نُشْرِكَ بِهِۦ شَيْـًٔا وَلَا يَتَّخِذَ بَعْضُنَا بَعْضًا أَرْبَابًا مِّن دُونِ ٱللَّهِ فَإِن تَوَلَّوْا۟ فَقُولُوا۟ ٱشْهَدُوا۟ بِأَنَّا مُسْلِمُونَ	قل يا أهل الكتاب تعالوا إلى كلمة سواء بيننا وبينكم ألا نعبد إلا الله ولا نشرك به شيئا ولا يتخذ بعضنا بعضا أربابا من دون الله فإن تولوا فقولوا اشهدوا بأنا مسلمون
3	73	21	1	rab~i	رَبِّ	rab~	N	STEM|POS:N|LEM:rab~|ROOT:rbb|M|GEN	وَلَا تُؤْمِنُوٓا۟ إِلَّا لِمَن تَبِعَ دِينَكُمْ قُلْ إِنَّ ٱلْهُدَىٰ هُدَى ٱللَّهِ أَن يُؤْتَىٰٓ أَحَدٌ مِّثْلَ مَآ أُوتِيتُمْ أَوْ يُحَآجُّوكُمْ عِندَ رَبِّكُمْ قُلْ إِنَّ ٱلْفَضْلَ بِيَدِ ٱللَّهِ يُؤْتِيهِ مَن يَشَآءُ وَٱللَّهُ وَٰسِعٌ عَلِيمٌ	ولا تؤمنوا إلا لمن تبع دينكم قل إن الهدى هدى الله أن يؤتى أحد مثل ما أوتيتم أو يحاجوكم عند ربكم قل إن الفضل بيد الله يؤتيه من يشاء والله واسع عليم
3	79	21	1	rab~a`niy~i.na	رَبَّٰنِيِّ.نَ	rab~a`niy~in	N	STEM|POS:N|LEM:rab~a`niy~in|ROOT:rbb|MP|ACC	مَا كَانَ لِبَشَرٍ أَن يُؤْتِيَهُ ٱللَّهُ ٱلْكِتَٰبَ وَٱلْحُكْمَ وَٱلنُّبُوَّةَ ثُمَّ يَقُولَ لِلنَّاسِ كُونُوا۟ عِبَادًا لِّى مِن دُونِ ٱللَّهِ وَلَٰكِن كُونُوا۟ رَبَّٰنِيِّـۧنَ بِمَا كُنتُمْ تُعَلِّمُونَ ٱلْكِتَٰبَ وَبِمَا كُنتُمْ تَدْرُسُونَ	ما كان لبشر أن يؤتيه الله الكتاب والحكم والنبوة ثم يقول للناس كونوا عبادا لي من دون الله ولكن كونوا ربانيين بما كنتم تعلمون الكتاب وبما كنتم تدرسون
3	80	7	1	>arobaAbFA	أَرْبَابًا	rab~	N	STEM|POS:N|LEM:rab~|ROOT:rbb|MP|INDEF|ACC	وَلَا يَأْمُرَكُمْ أَن تَتَّخِذُوا۟ ٱلْمَلَٰٓئِكَةَ وَٱلنَّبِيِّـۧنَ أَرْبَابًا أَيَأْمُرُكُم بِٱلْكُفْرِ بَعْدَ إِذْ أَنتُم مُّسْلِمُونَ	ولا يأمركم أن تتخذوا الملائكة والنبيين أربابا أيأمركم بالكفر بعد إذ أنتم مسلمون
3	84	21	1	r~ab~i	رَّبِّ	rab~	N	STEM|POS:N|LEM:rab~|ROOT:rbb|M|GEN	قُلْ ءَامَنَّا بِٱللَّهِ وَمَآ أُنزِلَ عَلَيْنَا وَمَآ أُنزِلَ عَلَىٰٓ إِبْرَٰهِيمَ وَإِسْمَٰعِيلَ وَإِسْحَٰقَ وَيَعْقُوبَ وَٱلْأَسْبَاطِ وَمَآ أُوتِىَ مُوسَىٰ وَعِيسَىٰ وَٱلنَّبِيُّونَ مِن رَّبِّهِمْ لَا نُفَرِّقُ بَيْنَ أَحَدٍ مِّنْهُمْ وَنَحْنُ لَهُۥ مُسْلِمُونَ	قل آمنا بالله وما أنزل علينا وما أنزل على إبراهيم وإسماعيل وإسحاق ويعقوب والأسباط وما أوتي موسى وعيسى والنبيون من ربهم لا نفرق بين أحد منهم ونحن له مسلمون
3	124	8	1	rab~u	رَبُّ	rab~	N	STEM|POS:N|LEM:rab~|ROOT:rbb|M|NOM	إِذْ تَقُولُ لِلْمُؤْمِنِينَ أَلَن يَكْفِيَكُمْ أَن يُمِدَّكُمْ رَبُّكُم بِثَلَٰثَةِ ءَالَٰفٍ مِّنَ ٱلْمَلَٰٓئِكَةِ مُنزَلِينَ	إذ تقول للمؤمنين ألن يكفيكم أن يمدكم ربكم بثلاثة آلاف من الملائكة منزلين
3	125	10	1	rab~u	رَبُّ	rab~	N	STEM|POS:N|LEM:rab~|ROOT:rbb|M|NOM	بَلَىٰٓ إِن تَصْبِرُوا۟ وَتَتَّقُوا۟ وَيَأْتُوكُم مِّن فَوْرِهِمْ هَٰذَا يُمْدِدْكُمْ رَبُّكُم بِخَمْسَةِ ءَالَٰفٍ مِّنَ ٱلْمَلَٰٓئِكَةِ مُسَوِّمِينَ	بلى إن تصبروا وتتقوا ويأتوكم من فورهم هذا يمددكم ربكم بخمسة آلاف من الملائكة مسومين
3	133	5	1	r~ab~i	رَّبِّ	rab~	N	STEM|POS:N|LEM:rab~|ROOT:rbb|M|GEN	وَسَارِعُوٓا۟ إِلَىٰ مَغْفِرَةٍ مِّن رَّبِّكُمْ وَجَنَّةٍ عَرْضُهَا ٱلسَّمَٰوَٰتُ وَٱلْأَرْضُ أُعِدَّتْ لِلْمُتَّقِينَ	وسارعوا إلى مغفرة من ربكم وجنة عرضها السماوات والأرض أعدت للمتقين
3	136	5	1	r~ab~i	رَّبِّ	rab~	N	STEM|POS:N|LEM:rab~|ROOT:rbb|M|GEN	أُو۟لَٰٓئِكَ جَزَآؤُهُم مَّغْفِرَةٌ مِّن رَّبِّهِمْ وَجَنَّٰتٌ تَجْرِى مِن تَحْتِهَا ٱلْأَنْهَٰرُ خَٰلِدِينَ فِيهَا وَنِعْمَ أَجْرُ ٱلْعَٰمِلِينَ	أولئك جزاؤهم مغفرة من ربهم وجنات تجري من تحتها الأنهار خالدين فيها ونعم أجر العاملين
3	146	6	1	rib~iy~uwna	رِبِّيُّونَ	rib~iy~uwn	N	STEM|POS:N|LEM:rib~iy~uwn|ROOT:rbb|MP|NOM	وَكَأَيِّن مِّن نَّبِىٍّ قَٰتَلَ مَعَهُۥ رِبِّيُّونَ كَثِيرٌ فَمَا وَهَنُوا۟ لِمَآ أَصَابَهُمْ فِى سَبِيلِ ٱللَّهِ وَمَا ضَعُفُوا۟ وَمَا ٱسْتَكَانُوا۟ وَٱللَّهُ يُحِبُّ ٱلصَّٰبِرِينَ	وكأين من نبي قاتل معه ربيون كثير فما وهنوا لما أصابهم في سبيل الله وما ضعفوا وما استكانوا والله يحب الصابرين
3	147	7	1	rab~a	رَبَّ	rab~	N	STEM|POS:N|LEM:rab~|ROOT:rbb|M|ACC	وَمَا كَانَ قَوْلَهُمْ إِلَّآ أَن قَالُوا۟ رَبَّنَا ٱغْفِرْ لَنَا ذُنُوبَنَا وَإِسْرَافَنَا فِىٓ أَمْرِنَا وَثَبِّتْ أَقْدَامَنَا وَٱنصُرْنَا عَلَى ٱلْقَوْمِ ٱلْكَٰفِرِينَ	وما كان قولهم إلا أن قالوا ربنا اغفر لنا ذنوبنا وإسرافنا في أمرنا وثبت أقدامنا وانصرنا على القوم الكافرين
3	169	12	1	rab~i	رَبِّ	rab~	N	STEM|POS:N|LEM:rab~|ROOT:rbb|M|GEN	وَلَا تَحْسَبَنَّ ٱلَّذِينَ قُتِلُوا۟ فِى سَبِيلِ ٱللَّهِ أَمْوَٰتًۢا بَلْ أَحْيَآءٌ عِندَ رَبِّهِمْ يُرْزَقُونَ	ولا تحسبن الذين قتلوا في سبيل الله أمواتا بل أحياء عند ربهم يرزقون
3	191	13	1	rab~a	رَبَّ	rab~	N	STEM|POS:N|LEM:rab~|ROOT:rbb|M|ACC	ٱلَّذِينَ يَذْكُرُونَ ٱللَّهَ قِيَٰمًا وَقُعُودًا وَعَلَىٰ جُنُوبِهِمْ وَيَتَفَكَّرُونَ فِى خَلْقِ ٱلسَّمَٰوَٰتِ وَٱلْأَرْضِ رَبَّنَا مَا خَلَقْتَ هَٰذَا بَٰطِلًا سُبْحَٰنَكَ فَقِنَا عَذَابَ ٱلنَّارِ	الذين يذكرون الله قياما وقعودا وعلى جنوبهم ويتفكرون في خلق السماوات والأرض ربنا ما خلقت هذا باطلا سبحانك فقنا عذاب النار
3	192	1	1	rab~a	رَبَّ	rab~	N	STEM|POS:N|LEM:rab~|ROOT:rbb|M|ACC	رَبَّنَآ إِنَّكَ مَن تُدْخِلِ ٱلنَّارَ فَقَدْ أَخْزَيْتَهُۥ وَمَا لِلظَّٰلِمِينَ مِنْ أَنصَارٍ	ربنا إنك من تدخل النار فقد أخزيته وما للظالمين من أنصار
3	193	1	1	r~ab~a	رَّبَّ	rab~	N	STEM|POS:N|LEM:rab~|ROOT:rbb|M|ACC	رَّبَّنَآ إِنَّنَا سَمِعْنَا مُنَادِيًا يُنَادِى لِلْإِيمَٰنِ أَنْ ءَامِنُوا۟ بِرَبِّكُمْ فَـَٔامَنَّا رَبَّنَا فَٱغْفِرْ لَنَا ذُنُوبَنَا وَكَفِّرْ عَنَّا سَيِّـَٔاتِنَا وَتَوَفَّنَا مَعَ ٱلْأَبْرَارِ	ربنا إننا سمعنا مناديا ينادي للإيمان أن آمنوا بربكم فآمنا ربنا فاغفر لنا ذنوبنا وكفر عنا سيئاتنا وتوفنا مع الأبرار
3	193	9	2	rab~i	رَبِّ	rab~	N	STEM|POS:N|LEM:rab~|ROOT:rbb|M|GEN	رَّبَّنَآ إِنَّنَا سَمِعْنَا مُنَادِيًا يُنَادِى لِلْإِيمَٰنِ أَنْ ءَامِنُوا۟ بِرَبِّكُمْ فَـَٔامَنَّا رَبَّنَا فَٱغْفِرْ لَنَا ذُنُوبَنَا وَكَفِّرْ عَنَّا سَيِّـَٔاتِنَا وَتَوَفَّنَا مَعَ ٱلْأَبْرَارِ	ربنا إننا سمعنا مناديا ينادي للإيمان أن آمنوا بربكم فآمنا ربنا فاغفر لنا ذنوبنا وكفر عنا سيئاتنا وتوفنا مع الأبرار
3	193	11	1	rab~a	رَبَّ	rab~	N	STEM|POS:N|LEM:rab~|ROOT:rbb|M|ACC	رَّبَّنَآ إِنَّنَا سَمِعْنَا مُنَادِيًا يُنَادِى لِلْإِيمَٰنِ أَنْ ءَامِنُوا۟ بِرَبِّكُمْ فَـَٔامَنَّا رَبَّنَا فَٱغْفِرْ لَنَا ذُنُوبَنَا وَكَفِّرْ عَنَّا سَيِّـَٔاتِنَا وَتَوَفَّنَا مَعَ ٱلْأَبْرَارِ	ربنا إننا سمعنا مناديا ينادي للإيمان أن آمنوا بربكم فآمنا ربنا فاغفر لنا ذنوبنا وكفر عنا سيئاتنا وتوفنا مع الأبرار
3	194	1	1	rab~a	رَبَّ	rab~	N	STEM|POS:N|LEM:rab~|ROOT:rbb|M|ACC	رَبَّنَا وَءَاتِنَا مَا وَعَدتَّنَا عَلَىٰ رُسُلِكَ وَلَا تُخْزِنَا يَوْمَ ٱلْقِيَٰمَةِ إِنَّكَ لَا تُخْلِفُ ٱلْمِيعَادَ	ربنا وآتنا ما وعدتنا على رسلك ولا تخزنا يوم القيامة إنك لا تخلف الميعاد
3	195	3	1	rab~u	رَبُّ	rab~	N	STEM|POS:N|LEM:rab~|ROOT:rbb|M|NOM	فَٱسْتَجَابَ لَهُمْ رَبُّهُمْ أَنِّى لَآ أُضِيعُ عَمَلَ عَٰمِلٍ مِّنكُم مِّن ذَكَرٍ أَوْ أُنثَىٰ بَعْضُكُم مِّنۢ بَعْضٍ فَٱلَّذِينَ هَاجَرُوا۟ وَأُخْرِجُوا۟ مِن دِيَٰرِهِمْ وَأُوذُوا۟ فِى سَبِيلِى وَقَٰتَلُوا۟ وَقُتِلُوا۟ لَأُكَفِّرَنَّ عَنْهُمْ سَيِّـَٔاتِهِمْ وَلَأُدْخِلَنَّهُمْ جَنَّٰتٍ تَجْرِى مِن تَحْتِهَا ٱلْأَنْهَٰرُ ثَوَابًا مِّنْ عِندِ ٱللَّهِ وَٱللَّهُ عِندَهُۥ حُسْنُ ٱلثَّوَابِ	فاستجاب لهم ربهم أني لا أضيع عمل عامل منكم من ذكر أو أنثى بعضكم من بعض فالذين هاجروا وأخرجوا من ديارهم وأوذوا في سبيلي وقاتلوا وقتلوا لأكفرن عنهم سيئاتهم ولأدخلنهم جنات تجري من تحتها الأنهار ثوابا من عند الله والله عنده حسن الثواب
3	198	4	1	rab~a	رَبَّ	rab~	N	STEM|POS:N|LEM:rab~|ROOT:rbb|M|ACC	لَٰكِنِ ٱلَّذِينَ ٱتَّقَوْا۟ رَبَّهُمْ لَهُمْ جَنَّٰتٌ تَجْرِى مِن تَحْتِهَا ٱلْأَنْهَٰرُ خَٰلِدِينَ فِيهَا نُزُلًا مِّنْ عِندِ ٱللَّهِ وَمَا عِندَ ٱللَّهِ خَيْرٌ لِّلْأَبْرَارِ	لكن الذين اتقوا ربهم لهم جنات تجري من تحتها الأنهار خالدين فيها نزلا من عند الله وما عند الله خير للأبرار
3	199	26	1	rab~i	رَبِّ	rab~	N	STEM|POS:N|LEM:rab~|ROOT:rbb|M|GEN	وَإِنَّ مِنْ أَهْلِ ٱلْكِتَٰبِ لَمَن يُؤْمِنُ بِٱللَّهِ وَمَآ أُنزِلَ إِلَيْكُمْ وَمَآ أُنزِلَ إِلَيْهِمْ خَٰشِعِينَ لِلَّهِ لَا يَشْتَرُونَ بِـَٔايَٰتِ ٱللَّهِ ثَمَنًا قَلِيلًا أُو۟لَٰٓئِكَ لَهُمْ أَجْرُهُمْ عِندَ رَبِّهِمْ إِنَّ ٱللَّهَ سَرِيعُ ٱلْحِسَابِ	وإن من أهل الكتاب لمن يؤمن بالله وما أنزل إليكم وما أنزل إليهم خاشعين لله لا يشترون بآيات الله ثمنا قليلا أولئك لهم أجرهم عند ربهم إن الله سريع الحساب
4	1	4	1	rab~a	رَبَّ	rab~	N	STEM|POS:N|LEM:rab~|ROOT:rbb|M|ACC	بِسْمِ ٱللَّهِ ٱلرَّحْمَٰنِ ٱلرَّحِيمِ يَٰٓأَيُّهَا ٱلنَّاسُ ٱتَّقُوا۟ رَبَّكُمُ ٱلَّذِى خَلَقَكُم مِّن نَّفْسٍ وَٰحِدَةٍ وَخَلَقَ مِنْهَا زَوْجَهَا وَبَثَّ مِنْهُمَا رِجَالًا كَثِيرًا وَنِسَآءً وَٱتَّقُوا۟ ٱللَّهَ ٱلَّذِى تَسَآءَلُونَ بِهِۦ وَٱلْأَرْحَامَ إِنَّ ٱللَّهَ كَانَ عَلَيْكُمْ رَقِيبًا	بسم الله الرحمن الرحيم يا أيها الناس اتقوا ربكم الذي خلقكم من نفس واحدة وخلق منها زوجها وبث منهما رجالا كثيرا ونساء واتقوا الله الذي تساءلون به والأرحام إن الله كان عليكم رقيبا
4	23	20	2	raba`^}ibu	رَبَٰ^ئِبُ	raba`^}ib	N	STEM|POS:N|LEM:raba`^}ib|ROOT:rbb|MP|NOM	حُرِّمَتْ عَلَيْكُمْ أُمَّهَٰتُكُمْ وَبَنَاتُكُمْ وَأَخَوَٰتُكُمْ وَعَمَّٰتُكُمْ وَخَٰلَٰتُكُمْ وَبَنَاتُ ٱلْأَخِ وَبَنَاتُ ٱلْأُخْتِ وَأُمَّهَٰتُكُمُ ٱلَّٰتِىٓ أَرْضَعْنَكُمْ وَأَخَوَٰتُكُم مِّنَ ٱلرَّضَٰعَةِ وَأُمَّهَٰتُ نِسَآئِكُمْ وَرَبَٰٓئِبُكُمُ ٱلَّٰتِى فِى حُجُورِكُم مِّن نِّسَآئِكُمُ ٱلَّٰتِى دَخَلْتُم بِهِنَّ فَإِن لَّمْ تَكُونُوا۟ دَخَلْتُم بِهِنَّ فَلَا جُنَاحَ عَلَيْكُمْ وَحَلَٰٓئِلُ أَبْنَآئِكُمُ ٱلَّذِينَ مِنْ أَصْلَٰبِكُمْ وَأَن تَجْمَعُوا۟ بَيْنَ ٱلْأُخْتَيْنِ إِلَّا مَا قَدْ سَلَفَ إِنَّ ٱللَّهَ كَانَ غَفُورًا رَّحِيمًا	حرمت عليكم أمهاتكم وبناتكم وأخواتكم وعماتكم وخالاتكم وبنات الأخ وبنات الأخت وأمهاتكم اللاتي أرضعنكم وأخواتكم من الرضاعة وأمهات نسائكم وربائبكم اللاتي في حجوركم من نسائكم اللاتي دخلتم بهن فإن لم تكونوا دخلتم بهن فلا جناح عليكم وحلائل أبنائكم الذين من أصلابكم وأن تجمعوا بين الأختين إلا ما قد سلف إن الله كان غفورا رحيما
4	65	2	2	rab~i	رَبِّ	rab~	N	STEM|POS:N|LEM:rab~|ROOT:rbb|M|GEN	فَلَا وَرَبِّكَ لَا يُؤْمِنُونَ حَتَّىٰ يُحَكِّمُوكَ فِيمَا شَجَرَ بَيْنَهُمْ ثُمَّ لَا يَجِدُوا۟ فِىٓ أَنفُسِهِمْ حَرَجًا مِّمَّا قَضَيْتَ وَيُسَلِّمُوا۟ تَسْلِيمًا	فلا وربك لا يؤمنون حتى يحكموك فيما شجر بينهم ثم لا يجدوا في أنفسهم حرجا مما قضيت ويسلموا تسليما
4	75	15	1	rab~a	رَبَّ	rab~	N	STEM|POS:N|LEM:rab~|ROOT:rbb|M|ACC	وَمَا لَكُمْ لَا تُقَٰتِلُونَ فِى سَبِيلِ ٱللَّهِ وَٱلْمُسْتَضْعَفِينَ مِنَ ٱلرِّجَالِ وَٱلنِّسَآءِ وَٱلْوِلْدَٰنِ ٱلَّذِينَ يَقُولُونَ رَبَّنَآ أَخْرِجْنَا مِنْ هَٰذِهِ ٱلْقَرْيَةِ ٱلظَّالِمِ أَهْلُهَا وَٱجْعَل لَّنَا مِن لَّدُنكَ وَلِيًّا وَٱجْعَل لَّنَا مِن لَّدُنكَ نَصِيرًا	وما لكم لا تقاتلون في سبيل الله والمستضعفين من الرجال والنساء والولدان الذين يقولون ربنا أخرجنا من هذه القرية الظالم أهلها واجعل لنا من لدنك وليا واجعل لنا من لدنك نصيرا
4	77	28	1	rab~a	رَبَّ	rab~	N	STEM|POS:N|LEM:rab~|ROOT:rbb|M|ACC	أَلَمْ تَرَ إِلَى ٱلَّذِينَ قِيلَ لَهُمْ كُفُّوٓا۟ أَيْدِيَكُمْ وَأَقِيمُوا۟ ٱلصَّلَوٰةَ وَءَاتُوا۟ ٱلزَّكَوٰةَ فَلَمَّا كُتِبَ عَلَيْهِمُ ٱلْقِتَالُ إِذَا فَرِيقٌ مِّنْهُمْ يَخْشَوْنَ ٱلنَّاسَ كَخَشْيَةِ ٱللَّهِ أَوْ أَشَدَّ خَشْيَةً وَقَالُوا۟ رَبَّنَا لِمَ كَتَبْتَ عَلَيْنَا ٱلْقِتَالَ لَوْلَآ أَخَّرْتَنَآ إِلَىٰٓ أَجَلٍ قَرِيبٍ قُلْ مَتَٰعُ ٱلدُّنْيَا قَلِيلٌ وَٱلْـَٔاخِرَةُ خَيْرٌ لِّمَنِ ٱتَّقَىٰ وَلَا تُظْلَمُونَ فَتِيلًا	ألم تر إلى الذين قيل لهم كفوا أيديكم وأقيموا الصلاة وآتوا الزكاة فلما كتب عليهم القتال إذا فريق منهم يخشون الناس كخشية الله أو أشد خشية وقالوا ربنا لم كتبت علينا القتال لولا أخرتنا إلى أجل قريب قل متاع الدنيا قليل والآخرة خير لمن اتقى ولا تظلمون فتيلا
4	170	8	1	r~ab~i	رَّبِّ	rab~	N	STEM|POS:N|LEM:rab~|ROOT:rbb|M|GEN	يَٰٓأَيُّهَا ٱلنَّاسُ قَدْ جَآءَكُمُ ٱلرَّسُولُ بِٱلْحَقِّ مِن رَّبِّكُمْ فَـَٔامِنُوا۟ خَيْرًا لَّكُمْ وَإِن تَكْفُرُوا۟ فَإِنَّ لِلَّهِ مَا فِى ٱلسَّمَٰوَٰتِ وَٱلْأَرْضِ وَكَانَ ٱللَّهُ عَلِيمًا حَكِيمًا	يا أيها الناس قد جاءكم الرسول بالحق من ربكم فآمنوا خيرا لكم وإن تكفروا فإن لله ما في السماوات والأرض وكان الله عليما حكيما
4	174	7	1	r~ab~i	رَّبِّ	rab~	N	STEM|POS:N|LEM:rab~|ROOT:rbb|M|GEN	يَٰٓأَيُّهَا ٱلنَّاسُ قَدْ جَآءَكُم بُرْهَٰنٌ مِّن رَّبِّكُمْ وَأَنزَلْنَآ إِلَيْكُمْ نُورًا مُّبِينًا	يا أيها الناس قد جاءكم برهان من ربكم وأنزلنا إليكم نورا مبينا
5	2	22	1	r~ab~i	رَّبِّ	rab~	N	STEM|POS:N|LEM:rab~|ROOT:rbb|M|GEN	يَٰٓأَيُّهَا ٱلَّذِينَ ءَامَنُوا۟ لَا تُحِلُّوا۟ شَعَٰٓئِرَ ٱللَّهِ وَلَا ٱلشَّهْرَ ٱلْحَرَامَ وَلَا ٱلْهَدْىَ وَلَا ٱلْقَلَٰٓئِدَ وَلَآ ءَآمِّينَ ٱلْبَيْتَ ٱلْحَرَامَ يَبْتَغُونَ فَضْلًا مِّن رَّبِّهِمْ وَرِضْوَٰنًا وَإِذَا حَلَلْتُمْ فَٱصْطَادُوا۟ وَلَا يَجْرِمَنَّكُمْ شَنَـَٔانُ قَوْمٍ أَن صَدُّوكُمْ عَنِ ٱلْمَسْجِدِ ٱلْحَرَامِ أَن تَعْتَدُوا۟ وَتَعَاوَنُوا۟ عَلَى ٱلْبِرِّ وَٱلتَّقْوَىٰ وَلَا تَعَاوَنُوا۟ عَلَى ٱلْإِثْمِ وَٱلْعُدْوَٰنِ وَٱتَّقُوا۟ ٱللَّهَ إِنَّ ٱللَّهَ شَدِيدُ ٱلْعِقَابِ	يا أيها الذين آمنوا لا تحلوا شعائر الله ولا الشهر الحرام ولا الهدي ولا القلائد ولا آمين البيت الحرام يبتغون فضلا من ربهم ورضوانا وإذا حللتم فاصطادوا ولا يجرمنكم شنآن قوم أن صدوكم عن المسجد الحرام أن تعتدوا وتعاونوا على البر والتقوى ولا تعاونوا على الإثم والعدوان واتقوا الله إن الله شديد العقاب
5	24	12	2	rab~u	رَبُّ	rab~	N	STEM|POS:N|LEM:rab~|ROOT:rbb|M|NOM	قَالُوا۟ يَٰمُوسَىٰٓ إِنَّا لَن نَّدْخُلَهَآ أَبَدًا مَّا دَامُوا۟ فِيهَا فَٱذْهَبْ أَنتَ وَرَبُّكَ فَقَٰتِلَآ إِنَّا هَٰهُنَا قَٰعِدُونَ	قالوا يا موسى إنا لن ندخلها أبدا ما داموا فيها فاذهب أنت وربك فقاتلا إنا هاهنا قاعدون
5	25	2	1	rab~i	رَبِّ	rab~	N	STEM|POS:N|LEM:rab~|ROOT:rbb|M|ACC	قَالَ رَبِّ إِنِّى لَآ أَمْلِكُ إِلَّا نَفْسِى وَأَخِى فَٱفْرُقْ بَيْنَنَا وَبَيْنَ ٱلْقَوْمِ ٱلْفَٰسِقِينَ	قال رب إني لا أملك إلا نفسي وأخي فافرق بيننا وبين القوم الفاسقين
5	28	15	1	rab~a	رَبَّ	rab~	N	STEM|POS:N|LEM:rab~|ROOT:rbb|M|ACC	لَئِنۢ بَسَطتَ إِلَىَّ يَدَكَ لِتَقْتُلَنِى مَآ أَنَا۠ بِبَاسِطٍ يَدِىَ إِلَيْكَ لِأَقْتُلَكَ إِنِّىٓ أَخَافُ ٱللَّهَ رَبَّ ٱلْعَٰلَمِينَ	لئن بسطت إلي يدك لتقتلني ما أنا بباسط يدي إليك لأقتلك إني أخاف الله رب العالمين
5	44	14	3	r~ab~a`niy~uwna	رَّبَّٰنِيُّونَ	rab~a`niy~in	N	STEM|POS:N|LEM:rab~a`niy~in|ROOT:rbb|MP|NOM	إِنَّآ أَنزَلْنَا ٱلتَّوْرَىٰةَ فِيهَا هُدًى وَنُورٌ يَحْكُمُ بِهَا ٱلنَّبِيُّونَ ٱلَّذِينَ أَسْلَمُوا۟ لِلَّذِينَ هَادُوا۟ وَٱلرَّبَّٰنِيُّونَ وَٱلْأَحْبَارُ بِمَا ٱسْتُحْفِظُوا۟ مِن كِتَٰبِ ٱللَّهِ وَكَانُوا۟ عَلَيْهِ شُهَدَآءَ فَلَا تَخْشَوُا۟ ٱلنَّاسَ وَٱخْشَوْنِ وَلَا تَشْتَرُوا۟ بِـَٔايَٰتِى ثَمَنًا قَلِيلًا وَمَن لَّمْ يَحْكُم بِمَآ أَنزَلَ ٱللَّهُ فَأُو۟لَٰٓئِكَ هُمُ ٱلْكَٰفِرُونَ	إنا أنزلنا التوراة فيها هدى ونور يحكم بها النبيون الذين أسلموا للذين هادوا والربانيون والأحبار بما استحفظوا من كتاب الله وكانوا عليه شهداء فلا تخشوا الناس واخشون ولا تشتروا بآياتي ثمنا قليلا ومن لم يحكم بما أنزل الله فأولئك هم الكافرون
5	63	3	2	r~ab~a`niy~uwna	رَّبَّٰنِيُّونَ	rab~a`niy~in	N	STEM|POS:N|LEM:rab~a`niy~in|ROOT:rbb|MP|NOM	لَوْلَا يَنْهَىٰهُمُ ٱلرَّبَّٰنِيُّونَ وَٱلْأَحْبَارُ عَن قَوْلِهِمُ ٱلْإِثْمَ وَأَكْلِهِمُ ٱلسُّحْتَ لَبِئْسَ مَا كَانُوا۟ يَصْنَعُونَ	لولا ينهاهم الربانيون والأحبار عن قولهم الإثم وأكلهم السحت لبئس ما كانوا يصنعون
5	64	24	1	r~ab~i	رَّبِّ	rab~	N	STEM|POS:N|LEM:rab~|ROOT:rbb|M|GEN	وَقَالَتِ ٱلْيَهُودُ يَدُ ٱللَّهِ مَغْلُولَةٌ غُلَّتْ أَيْدِيهِمْ وَلُعِنُوا۟ بِمَا قَالُوا۟ بَلْ يَدَاهُ مَبْسُوطَتَانِ يُنفِقُ كَيْفَ يَشَآءُ وَلَيَزِيدَنَّ كَثِيرًا مِّنْهُم مَّآ أُنزِلَ إِلَيْكَ مِن رَّبِّكَ طُغْيَٰنًا وَكُفْرًا وَأَلْقَيْنَا بَيْنَهُمُ ٱلْعَدَٰوَةَ وَٱلْبَغْضَآءَ إِلَىٰ يَوْمِ ٱلْقِيَٰمَةِ كُلَّمَآ أَوْقَدُوا۟ نَارًا لِّلْحَرْبِ أَطْفَأَهَا ٱللَّهُ وَيَسْعَوْنَ فِى ٱلْأَرْضِ فَسَادًا وَٱللَّهُ لَا يُحِبُّ ٱلْمُفْسِدِينَ	وقالت اليهود يد الله مغلولة غلت أيديهم ولعنوا بما قالوا بل يداه مبسوطتان ينفق كيف يشاء وليزيدن كثيرا منهم ما أنزل إليك من ربك طغيانا وكفرا وألقينا بينهم العداوة والبغضاء إلى يوم القيامة كلما أوقدوا نارا للحرب أطفأها الله ويسعون في الأرض فسادا والله لا يحب المفسدين
5	66	10	1	r~ab~i	رَّبِّ	rab~	N	STEM|POS:N|LEM:rab~|ROOT:rbb|M|GEN	وَلَوْ أَنَّهُمْ أَقَامُوا۟ ٱلتَّوْرَىٰةَ وَٱلْإِنجِيلَ وَمَآ أُنزِلَ إِلَيْهِم مِّن رَّبِّهِمْ لَأَكَلُوا۟ مِن فَوْقِهِمْ وَمِن تَحْتِ أَرْجُلِهِم مِّنْهُمْ أُمَّةٌ مُّقْتَصِدَةٌ وَكَثِيرٌ مِّنْهُمْ سَآءَ مَا يَعْمَلُونَ	ولو أنهم أقاموا التوراة والإنجيل وما أنزل إليهم من ربهم لأكلوا من فوقهم ومن تحت أرجلهم منهم أمة مقتصدة وكثير منهم ساء ما يعملون
5	67	8	1	r~ab~i	رَّبِّ	rab~	N	STEM|POS:N|LEM:rab~|ROOT:rbb|M|GEN	يَٰٓأَيُّهَا ٱلرَّسُولُ بَلِّغْ مَآ أُنزِلَ إِلَيْكَ مِن رَّبِّكَ وَإِن لَّمْ تَفْعَلْ فَمَا بَلَّغْتَ رِسَالَتَهُۥ وَٱللَّهُ يَعْصِمُكَ مِنَ ٱلنَّاسِ إِنَّ ٱللَّهَ لَا يَهْدِى ٱلْقَوْمَ ٱلْكَٰفِرِينَ	يا أيها الرسول بلغ ما أنزل إليك من ربك وإن لم تفعل فما بلغت رسالته والله يعصمك من الناس إن الله لا يهدي القوم الكافرين
5	68	15	1	r~ab~i	رَّبِّ	rab~	N	STEM|POS:N|LEM:rab~|ROOT:rbb|M|GEN	قُلْ يَٰٓأَهْلَ ٱلْكِتَٰبِ لَسْتُمْ عَلَىٰ شَىْءٍ حَتَّىٰ تُقِيمُوا۟ ٱلتَّوْرَىٰةَ وَٱلْإِنجِيلَ وَمَآ أُنزِلَ إِلَيْكُم مِّن رَّبِّكُمْ وَلَيَزِيدَنَّ كَثِيرًا مِّنْهُم مَّآ أُنزِلَ إِلَيْكَ مِن رَّبِّكَ طُغْيَٰنًا وَكُفْرًا فَلَا تَأْسَ عَلَى ٱلْقَوْمِ ٱلْكَٰفِرِينَ	قل يا أهل الكتاب لستم على شيء حتى تقيموا التوراة والإنجيل وما أنزل إليكم من ربكم وليزيدن كثيرا منهم ما أنزل إليك من ربك طغيانا وكفرا فلا تأس على القوم الكافرين
5	68	23	1	r~ab~i	رَّبِّ	rab~	N	STEM|POS:N|LEM:rab~|ROOT:rbb|M|GEN	قُلْ يَٰٓأَهْلَ ٱلْكِتَٰبِ لَسْتُمْ عَلَىٰ شَىْءٍ حَتَّىٰ تُقِيمُوا۟ ٱلتَّوْرَىٰةَ وَٱلْإِنجِيلَ وَمَآ أُنزِلَ إِلَيْكُم مِّن رَّبِّكُمْ وَلَيَزِيدَنَّ كَثِيرًا مِّنْهُم مَّآ أُنزِلَ إِلَيْكَ مِن رَّبِّكَ طُغْيَٰنًا وَكُفْرًا فَلَا تَأْسَ عَلَى ٱلْقَوْمِ ٱلْكَٰفِرِينَ	قل يا أهل الكتاب لستم على شيء حتى تقيموا التوراة والإنجيل وما أنزل إليكم من ربكم وليزيدن كثيرا منهم ما أنزل إليك من ربك طغيانا وكفرا فلا تأس على القوم الكافرين
5	72	17	1	rab~i	رَبِّ	rab~	N	STEM|POS:N|LEM:rab~|ROOT:rbb|M|ACC	لَقَدْ كَفَرَ ٱلَّذِينَ قَالُوٓا۟ إِنَّ ٱللَّهَ هُوَ ٱلْمَسِيحُ ٱبْنُ مَرْيَمَ وَقَالَ ٱلْمَسِيحُ يَٰبَنِىٓ إِسْرَٰٓءِيلَ ٱعْبُدُوا۟ ٱللَّهَ رَبِّى وَرَبَّكُمْ إِنَّهُۥ مَن يُشْرِكْ بِٱللَّهِ فَقَدْ حَرَّمَ ٱللَّهُ عَلَيْهِ ٱلْجَنَّةَ وَمَأْوَىٰهُ ٱلنَّارُ وَمَا لِلظَّٰلِمِينَ مِنْ أَنصَارٍ	لقد كفر الذين قالوا إن الله هو المسيح ابن مريم وقال المسيح يا بني إسرائيل اعبدوا الله ربي وربكم إنه من يشرك بالله فقد حرم الله عليه الجنة ومأواه النار وما للظالمين من أنصار
5	72	18	2	rab~a	رَبَّ	rab~	N	STEM|POS:N|LEM:rab~|ROOT:rbb|M|ACC	لَقَدْ كَفَرَ ٱلَّذِينَ قَالُوٓا۟ إِنَّ ٱللَّهَ هُوَ ٱلْمَسِيحُ ٱبْنُ مَرْيَمَ وَقَالَ ٱلْمَسِيحُ يَٰبَنِىٓ إِسْرَٰٓءِيلَ ٱعْبُدُوا۟ ٱللَّهَ رَبِّى وَرَبَّكُمْ إِنَّهُۥ مَن يُشْرِكْ بِٱللَّهِ فَقَدْ حَرَّمَ ٱللَّهُ عَلَيْهِ ٱلْجَنَّةَ وَمَأْوَىٰهُ ٱلنَّارُ وَمَا لِلظَّٰلِمِينَ مِنْ أَنصَارٍ	لقد كفر الذين قالوا إن الله هو المسيح ابن مريم وقال المسيح يا بني إسرائيل اعبدوا الله ربي وربكم إنه من يشرك بالله فقد حرم الله عليه الجنة ومأواه النار وما للظالمين من أنصار
5	83	17	1	rab~a	رَبَّ	rab~	N	STEM|POS:N|LEM:rab~|ROOT:rbb|M|ACC	وَإِذَا سَمِعُوا۟ مَآ أُنزِلَ إِلَى ٱلرَّسُولِ تَرَىٰٓ أَعْيُنَهُمْ تَفِيضُ مِنَ ٱلدَّمْعِ مِمَّا عَرَفُوا۟ مِنَ ٱلْحَقِّ يَقُولُونَ رَبَّنَآ ءَامَنَّا فَٱكْتُبْنَا مَعَ ٱلشَّٰهِدِينَ	وإذا سمعوا ما أنزل إلى الرسول ترى أعينهم تفيض من الدمع مما عرفوا من الحق يقولون ربنا آمنا فاكتبنا مع الشاهدين
5	84	13	1	rab~u	رَبُّ	rab~	N	STEM|POS:N|LEM:rab~|ROOT:rbb|M|NOM	وَمَا لَنَا لَا نُؤْمِنُ بِٱللَّهِ وَمَا جَآءَنَا مِنَ ٱلْحَقِّ وَنَطْمَعُ أَن يُدْخِلَنَا رَبُّنَا مَعَ ٱلْقَوْمِ ٱلصَّٰلِحِينَ	وما لنا لا نؤمن بالله وما جاءنا من الحق ونطمع أن يدخلنا ربنا مع القوم الصالحين
5	112	9	1	rab~u	رَبُّ	rab~	N	STEM|POS:N|LEM:rab~|ROOT:rbb|M|NOM	إِذْ قَالَ ٱلْحَوَارِيُّونَ يَٰعِيسَى ٱبْنَ مَرْيَمَ هَلْ يَسْتَطِيعُ رَبُّكَ أَن يُنَزِّلَ عَلَيْنَا مَآئِدَةً مِّنَ ٱلسَّمَآءِ قَالَ ٱتَّقُوا۟ ٱللَّهَ إِن كُنتُم مُّؤْمِنِينَ	إذ قال الحواريون يا عيسى ابن مريم هل يستطيع ربك أن ينزل علينا مائدة من السماء قال اتقوا الله إن كنتم مؤمنين
5	114	6	1	rab~a	رَبَّ	rab~	N	STEM|POS:N|LEM:rab~|ROOT:rbb|M|ACC	قَالَ عِيسَى ٱبْنُ مَرْيَمَ ٱللَّهُمَّ رَبَّنَآ أَنزِلْ عَلَيْنَا مَآئِدَةً مِّنَ ٱلسَّمَآءِ تَكُونُ لَنَا عِيدًا لِّأَوَّلِنَا وَءَاخِرِنَا وَءَايَةً مِّنكَ وَٱرْزُقْنَا وَأَنتَ خَيْرُ ٱلرَّٰزِقِينَ	قال عيسى ابن مريم اللهم ربنا أنزل علينا مائدة من السماء تكون لنا عيدا لأولنا وآخرنا وآية منك وارزقنا وأنت خير الرازقين
5	117	11	1	rab~i	رَبِّ	rab~	N	STEM|POS:N|LEM:rab~|ROOT:rbb|M|ACC	مَا قُلْتُ لَهُمْ إِلَّا مَآ أَمَرْتَنِى بِهِۦٓ أَنِ ٱعْبُدُوا۟ ٱللَّهَ رَبِّى وَرَبَّكُمْ وَكُنتُ عَلَيْهِمْ شَهِيدًا مَّا دُمْتُ فِيهِمْ فَلَمَّا تَوَفَّيْتَنِى كُنتَ أَنتَ ٱلرَّقِيبَ عَلَيْهِمْ وَأَنتَ عَلَىٰ كُلِّ شَىْءٍ شَهِيدٌ	ما قلت لهم إلا ما أمرتني به أن اعبدوا الله ربي وربكم وكنت عليهم شهيدا ما دمت فيهم فلما توفيتني كنت أنت الرقيب عليهم وأنت على كل شيء شهيد
5	117	12	2	rab~a	رَبَّ	rab~	N	STEM|POS:N|LEM:rab~|ROOT:rbb|M|ACC	مَا قُلْتُ لَهُمْ إِلَّا مَآ أَمَرْتَنِى بِهِۦٓ أَنِ ٱعْبُدُوا۟ ٱللَّهَ رَبِّى وَرَبَّكُمْ وَكُنتُ عَلَيْهِمْ شَهِيدًا مَّا دُمْتُ فِيهِمْ فَلَمَّا تَوَفَّيْتَنِى كُنتَ أَنتَ ٱلرَّقِيبَ عَلَيْهِمْ وَأَنتَ عَلَىٰ كُلِّ شَىْءٍ شَهِيدٌ	ما قلت لهم إلا ما أمرتني به أن اعبدوا الله ربي وربكم وكنت عليهم شهيدا ما دمت فيهم فلما توفيتني كنت أنت الرقيب عليهم وأنت على كل شيء شهيد
6	1	13	2	rab~i	رَبِّ	rab~	N	STEM|POS:N|LEM:rab~|ROOT:rbb|M|GEN	بِسْمِ ٱللَّهِ ٱلرَّحْمَٰنِ ٱلرَّحِيمِ ٱلْحَمْدُ لِلَّهِ ٱلَّذِى خَلَقَ ٱلسَّمَٰوَٰتِ وَٱلْأَرْضَ وَجَعَلَ ٱلظُّلُمَٰتِ وَٱلنُّورَ ثُمَّ ٱلَّذِينَ كَفَرُوا۟ بِرَبِّهِمْ يَعْدِلُونَ	بسم الله الرحمن الرحيم الحمد لله الذي خلق السماوات والأرض وجعل الظلمات والنور ثم الذين كفروا بربهم يعدلون
6	4	7	1	rab~i	رَبِّ	rab~	N	STEM|POS:N|LEM:rab~|ROOT:rbb|M|GEN	وَمَا تَأْتِيهِم مِّنْ ءَايَةٍ مِّنْ ءَايَٰتِ رَبِّهِمْ إِلَّا كَانُوا۟ عَنْهَا مُعْرِضِينَ	وما تأتيهم من آية من آيات ربهم إلا كانوا عنها معرضين
6	15	6	1	rab~i	رَبِّ	rab~	N	STEM|POS:N|LEM:rab~|ROOT:rbb|M|ACC	قُلْ إِنِّىٓ أَخَافُ إِنْ عَصَيْتُ رَبِّى عَذَابَ يَوْمٍ عَظِيمٍ	قل إني أخاف إن عصيت ربي عذاب يوم عظيم
6	23	9	1	rab~i	رَبِّ	rab~	N	STEM|POS:N|LEM:rab~|ROOT:rbb|M|GEN	ثُمَّ لَمْ تَكُن فِتْنَتُهُمْ إِلَّآ أَن قَالُوا۟ وَٱللَّهِ رَبِّنَا مَا كُنَّا مُشْرِكِينَ	ثم لم تكن فتنتهم إلا أن قالوا والله ربنا ما كنا مشركين
6	27	13	1	rab~i	رَبِّ	rab~	N	STEM|POS:N|LEM:rab~|ROOT:rbb|M|GEN	وَلَوْ تَرَىٰٓ إِذْ وُقِفُوا۟ عَلَى ٱلنَّارِ فَقَالُوا۟ يَٰلَيْتَنَا نُرَدُّ وَلَا نُكَذِّبَ بِـَٔايَٰتِ رَبِّنَا وَنَكُونَ مِنَ ٱلْمُؤْمِنِينَ	ولو ترى إذ وقفوا على النار فقالوا يا ليتنا نرد ولا نكذب بآيات ربنا ونكون من المؤمنين
6	30	6	1	rab~i	رَبِّ	rab~	N	STEM|POS:N|LEM:rab~|ROOT:rbb|M|GEN	وَلَوْ تَرَىٰٓ إِذْ وُقِفُوا۟ عَلَىٰ رَبِّهِمْ قَالَ أَلَيْسَ هَٰذَا بِٱلْحَقِّ قَالُوا۟ بَلَىٰ وَرَبِّنَا قَالَ فَذُوقُوا۟ ٱلْعَذَابَ بِمَا كُنتُمْ تَكْفُرُونَ	ولو ترى إذ وقفوا على ربهم قال أليس هذا بالحق قالوا بلى وربنا قال فذوقوا العذاب بما كنتم تكفرون
6	30	13	2	rab~i	رَبِّ	rab~	N	STEM|POS:N|LEM:rab~|ROOT:rbb|M|GEN	وَلَوْ تَرَىٰٓ إِذْ وُقِفُوا۟ عَلَىٰ رَبِّهِمْ قَالَ أَلَيْسَ هَٰذَا بِٱلْحَقِّ قَالُوا۟ بَلَىٰ وَرَبِّنَا قَالَ فَذُوقُوا۟ ٱلْعَذَابَ بِمَا كُنتُمْ تَكْفُرُونَ	ولو ترى إذ وقفوا على ربهم قال أليس هذا بالحق قالوا بلى وربنا قال فذوقوا العذاب بما كنتم تكفرون
6	37	7	1	r~ab~i	رَّبِّ	rab~	N	STEM|POS:N|LEM:rab~|ROOT:rbb|M|GEN	وَقَالُوا۟ لَوْلَا نُزِّلَ عَلَيْهِ ءَايَةٌ مِّن رَّبِّهِۦ قُلْ إِنَّ ٱللَّهَ قَادِرٌ عَلَىٰٓ أَن يُنَزِّلَ ءَايَةً وَلَٰكِنَّ أَكْثَرَهُمْ لَا يَعْلَمُونَ	وقالوا لولا نزل عليه آية من ربه قل إن الله قادر على أن ينزل آية ولكن أكثرهم لا يعلمون
6	38	21	1	rab~i	رَبِّ	rab~	N	STEM|POS:N|LEM:rab~|ROOT:rbb|M|GEN	وَمَا مِن دَآبَّةٍ فِى ٱلْأَرْضِ وَلَا طَٰٓئِرٍ يَطِيرُ بِجَنَاحَيْهِ إِلَّآ أُمَمٌ أَمْثَالُكُم مَّا فَرَّطْنَا فِى ٱلْكِتَٰبِ مِن شَىْءٍ ثُمَّ إِلَىٰ رَبِّهِمْ يُحْشَرُونَ	وما من دابة في الأرض ولا طائر يطير بجناحيه إلا أمم أمثالكم ما فرطنا في الكتاب من شيء ثم إلى ربهم يحشرون
6	45	8	1	rab~i	رَبِّ	rab~	N	STEM|POS:N|LEM:rab~|ROOT:rbb|M|GEN	فَقُطِعَ دَابِرُ ٱلْقَوْمِ ٱلَّذِينَ ظَلَمُوا۟ وَٱلْحَمْدُ لِلَّهِ رَبِّ ٱلْعَٰلَمِينَ	فقطع دابر القوم الذين ظلموا والحمد لله رب العالمين
6	51	8	1	rab~i	رَبِّ	rab~	N	STEM|POS:N|LEM:rab~|ROOT:rbb|M|GEN	وَأَنذِرْ بِهِ ٱلَّذِينَ يَخَافُونَ أَن يُحْشَرُوٓا۟ إِلَىٰ رَبِّهِمْ لَيْسَ لَهُم مِّن دُونِهِۦ وَلِىٌّ وَلَا شَفِيعٌ لَّعَلَّهُمْ يَتَّقُونَ	وأنذر به الذين يخافون أن يحشروا إلى ربهم ليس لهم من دونه ولي ولا شفيع لعلهم يتقون
6	52	5	1	rab~a	رَبَّ	rab~	N	STEM|POS:N|LEM:rab~|ROOT:rbb|M|ACC	وَلَا تَطْرُدِ ٱلَّذِينَ يَدْعُونَ رَبَّهُم بِٱلْغَدَوٰةِ وَٱلْعَشِىِّ يُرِيدُونَ وَجْهَهُۥ مَا عَلَيْكَ مِنْ حِسَابِهِم مِّن شَىْءٍ وَمَا مِنْ حِسَابِكَ عَلَيْهِم مِّن شَىْءٍ فَتَطْرُدَهُمْ فَتَكُونَ مِنَ ٱلظَّٰلِمِينَ	ولا تطرد الذين يدعون ربهم بالغداة والعشي يريدون وجهه ما عليك من حسابهم من شيء وما من حسابك عليهم من شيء فتطردهم فتكون من الظالمين
6	54	10	1	rab~u	رَبُّ	rab~	N	STEM|POS:N|LEM:rab~|ROOT:rbb|M|NOM	وَإِذَا جَآءَكَ ٱلَّذِينَ يُؤْمِنُونَ بِـَٔايَٰتِنَا فَقُلْ سَلَٰمٌ عَلَيْكُمْ كَتَبَ رَبُّكُمْ عَلَىٰ نَفْسِهِ ٱلرَّحْمَةَ أَنَّهُۥ مَنْ عَمِلَ مِنكُمْ سُوٓءًۢا بِجَهَٰلَةٍ ثُمَّ تَابَ مِنۢ بَعْدِهِۦ وَأَصْلَحَ فَأَنَّهُۥ غَفُورٌ رَّحِيمٌ	وإذا جاءك الذين يؤمنون بآياتنا فقل سلام عليكم كتب ربكم على نفسه الرحمة أنه من عمل منكم سوءا بجهالة ثم تاب من بعده وأصلح فأنه غفور رحيم
6	57	6	1	r~ab~i	رَّبِّ	rab~	N	STEM|POS:N|LEM:rab~|ROOT:rbb|M|GEN	قُلْ إِنِّى عَلَىٰ بَيِّنَةٍ مِّن رَّبِّى وَكَذَّبْتُم بِهِۦ مَا عِندِى مَا تَسْتَعْجِلُونَ بِهِۦٓ إِنِ ٱلْحُكْمُ إِلَّا لِلَّهِ يَقُصُّ ٱلْحَقَّ وَهُوَ خَيْرُ ٱلْفَٰصِلِينَ	قل إني على بينة من ربي وكذبتم به ما عندي ما تستعجلون به إن الحكم إلا لله يقص الحق وهو خير الفاصلين
6	71	38	2	rab~i	رَبِّ	rab~	N	STEM|POS:N|LEM:rab~|ROOT:rbb|M|GEN	قُلْ أَنَدْعُوا۟ مِن دُونِ ٱللَّهِ مَا لَا يَنفَعُنَا وَلَا يَضُرُّنَا وَنُرَدُّ عَلَىٰٓ أَعْقَابِنَا بَعْدَ إِذْ هَدَىٰنَا ٱللَّهُ كَٱلَّذِى ٱسْتَهْوَتْهُ ٱلشَّيَٰطِينُ فِى ٱلْأَرْضِ حَيْرَانَ لَهُۥٓ أَصْحَٰبٌ يَدْعُونَهُۥٓ إِلَى ٱلْهُدَى ٱئْتِنَا قُلْ إِنَّ هُدَى ٱللَّهِ هُوَ ٱلْهُدَىٰ وَأُمِرْنَا لِنُسْلِمَ لِرَبِّ ٱلْعَٰلَمِينَ	قل أندعو من دون الله ما لا ينفعنا ولا يضرنا ونرد على أعقابنا بعد إذ هدانا الله كالذي استهوته الشياطين في الأرض حيران له أصحاب يدعونه إلى الهدى ائتنا قل إن هدى الله هو الهدى وأمرنا لنسلم لرب العالمين
6	76	9	1	rab~i	رَبِّ	rab~	N	STEM|POS:N|LEM:rab~|ROOT:rbb|M|NOM	فَلَمَّا جَنَّ عَلَيْهِ ٱلَّيْلُ رَءَا كَوْكَبًا قَالَ هَٰذَا رَبِّى فَلَمَّآ أَفَلَ قَالَ لَآ أُحِبُّ ٱلْـَٔافِلِينَ	فلما جن عليه الليل رأى كوكبا قال هذا ربي فلما أفل قال لا أحب الآفلين
6	77	7	1	rab~i	رَبِّ	rab~	N	STEM|POS:N|LEM:rab~|ROOT:rbb|M|NOM	فَلَمَّا رَءَا ٱلْقَمَرَ بَازِغًا قَالَ هَٰذَا رَبِّى فَلَمَّآ أَفَلَ قَالَ لَئِن لَّمْ يَهْدِنِى رَبِّى لَأَكُونَنَّ مِنَ ٱلْقَوْمِ ٱلضَّآلِّينَ	فلما رأى القمر بازغا قال هذا ربي فلما أفل قال لئن لم يهدني ربي لأكونن من القوم الضالين
6	77	14	1	rab~i	رَبِّ	rab~	N	STEM|POS:N|LEM:rab~|ROOT:rbb|M|NOM	فَلَمَّا رَءَا ٱلْقَمَرَ بَازِغًا قَالَ هَٰذَا رَبِّى فَلَمَّآ أَفَلَ قَالَ لَئِن لَّمْ يَهْدِنِى رَبِّى لَأَكُونَنَّ مِنَ ٱلْقَوْمِ ٱلضَّآلِّينَ	فلما رأى القمر بازغا قال هذا ربي فلما أفل قال لئن لم يهدني ربي لأكونن من القوم الضالين
6	78	7	1	rab~i	رَبِّ	rab~	N	STEM|POS:N|LEM:rab~|ROOT:rbb|M|NOM	فَلَمَّا رَءَا ٱلشَّمْسَ بَازِغَةً قَالَ هَٰذَا رَبِّى هَٰذَآ أَكْبَرُ فَلَمَّآ أَفَلَتْ قَالَ يَٰقَوْمِ إِنِّى بَرِىٓءٌ مِّمَّا تُشْرِكُونَ	فلما رأى الشمس بازغة قال هذا ربي هذا أكبر فلما أفلت قال يا قوم إني بريء مما تشركون
6	80	17	1	rab~i	رَبِّ	rab~	N	STEM|POS:N|LEM:rab~|ROOT:rbb|M|NOM	وَحَآجَّهُۥ قَوْمُهُۥ قَالَ أَتُحَٰٓجُّوٓنِّى فِى ٱللَّهِ وَقَدْ هَدَىٰنِ وَلَآ أَخَافُ مَا تُشْرِكُونَ بِهِۦٓ إِلَّآ أَن يَشَآءَ رَبِّى شَيْـًٔا وَسِعَ رَبِّى كُلَّ شَىْءٍ عِلْمًا أَفَلَا تَتَذَكَّرُونَ	وحاجه قومه قال أتحاجوني في الله وقد هدان ولا أخاف ما تشركون به إلا أن يشاء ربي شيئا وسع ربي كل شيء علما أفلا تتذكرون
6	80	20	1	rab~i	رَبِّ	rab~	N	STEM|POS:N|LEM:rab~|ROOT:rbb|M|NOM	وَحَآجَّهُۥ قَوْمُهُۥ قَالَ أَتُحَٰٓجُّوٓنِّى فِى ٱللَّهِ وَقَدْ هَدَىٰنِ وَلَآ أَخَافُ مَا تُشْرِكُونَ بِهِۦٓ إِلَّآ أَن يَشَآءَ رَبِّى شَيْـًٔا وَسِعَ رَبِّى كُلَّ شَىْءٍ عِلْمًا أَفَلَا تَتَذَكَّرُونَ	وحاجه قومه قال أتحاجوني في الله وقد هدان ولا أخاف ما تشركون به إلا أن يشاء ربي شيئا وسع ربي كل شيء علما أفلا تتذكرون
6	83	12	1	rab~a	رَبَّ	rab~	N	STEM|POS:N|LEM:rab~|ROOT:rbb|M|ACC	وَتِلْكَ حُجَّتُنَآ ءَاتَيْنَٰهَآ إِبْرَٰهِيمَ عَلَىٰ قَوْمِهِۦ نَرْفَعُ دَرَجَٰتٍ مَّن نَّشَآءُ إِنَّ رَبَّكَ حَكِيمٌ عَلِيمٌ	وتلك حجتنا آتيناها إبراهيم على قومه نرفع درجات من نشاء إن ربك حكيم عليم
6	102	3	1	rab~u	رَبُّ	rab~	N	STEM|POS:N|LEM:rab~|ROOT:rbb|M|NOM	ذَٰلِكُمُ ٱللَّهُ رَبُّكُمْ لَآ إِلَٰهَ إِلَّا هُوَ خَٰلِقُ كُلِّ شَىْءٍ فَٱعْبُدُوهُ وَهُوَ عَلَىٰ كُلِّ شَىْءٍ وَكِيلٌ	ذلكم الله ربكم لا إله إلا هو خالق كل شيء فاعبدوه وهو على كل شيء وكيل
6	104	5	1	r~ab~i	رَّبِّ	rab~	N	STEM|POS:N|LEM:rab~|ROOT:rbb|M|GEN	قَدْ جَآءَكُم بَصَآئِرُ مِن رَّبِّكُمْ فَمَنْ أَبْصَرَ فَلِنَفْسِهِۦ وَمَنْ عَمِىَ فَعَلَيْهَا وَمَآ أَنَا۠ عَلَيْكُم بِحَفِيظٍ	قد جاءكم بصائر من ربكم فمن أبصر فلنفسه ومن عمي فعليها وما أنا عليكم بحفيظ
6	106	6	1	r~ab~i	رَّبِّ	rab~	N	STEM|POS:N|LEM:rab~|ROOT:rbb|M|GEN	ٱتَّبِعْ مَآ أُوحِىَ إِلَيْكَ مِن رَّبِّكَ لَآ إِلَٰهَ إِلَّا هُوَ وَأَعْرِضْ عَنِ ٱلْمُشْرِكِينَ	اتبع ما أوحي إليك من ربك لا إله إلا هو وأعرض عن المشركين
6	108	20	1	rab~i	رَبِّ	rab~	N	STEM|POS:N|LEM:rab~|ROOT:rbb|M|GEN	وَلَا تَسُبُّوا۟ ٱلَّذِينَ يَدْعُونَ مِن دُونِ ٱللَّهِ فَيَسُبُّوا۟ ٱللَّهَ عَدْوًۢا بِغَيْرِ عِلْمٍ كَذَٰلِكَ زَيَّنَّا لِكُلِّ أُمَّةٍ عَمَلَهُمْ ثُمَّ إِلَىٰ رَبِّهِم مَّرْجِعُهُمْ فَيُنَبِّئُهُم بِمَا كَانُوا۟ يَعْمَلُونَ	ولا تسبوا الذين يدعون من دون الله فيسبوا الله عدوا بغير علم كذلك زينا لكل أمة عملهم ثم إلى ربهم مرجعهم فينبئهم بما كانوا يعملون
6	112	18	1	rab~u	رَبُّ	rab~	N	STEM|POS:N|LEM:rab~|ROOT:rbb|M|NOM	وَكَذَٰلِكَ جَعَلْنَا لِكُلِّ نَبِىٍّ عَدُوًّا شَيَٰطِينَ ٱلْإِنسِ وَٱلْجِنِّ يُوحِى بَعْضُهُمْ إِلَىٰ بَعْضٍ زُخْرُفَ ٱلْقَوْلِ غُرُورًا وَلَوْ شَآءَ رَبُّكَ مَا فَعَلُوهُ فَذَرْهُمْ وَمَا يَفْتَرُونَ	وكذلك جعلنا لكل نبي عدوا شياطين الإنس والجن يوحي بعضهم إلى بعض زخرف القول غرورا ولو شاء ربك ما فعلوه فذرهم وما يفترون
6	114	18	1	r~ab~i	رَّبِّ	rab~	N	STEM|POS:N|LEM:rab~|ROOT:rbb|M|GEN	أَفَغَيْرَ ٱللَّهِ أَبْتَغِى حَكَمًا وَهُوَ ٱلَّذِىٓ أَنزَلَ إِلَيْكُمُ ٱلْكِتَٰبَ مُفَصَّلًا وَٱلَّذِينَ ءَاتَيْنَٰهُمُ ٱلْكِتَٰبَ يَعْلَمُونَ أَنَّهُۥ مُنَزَّلٌ مِّن رَّبِّكَ بِٱلْحَقِّ فَلَا تَكُونَنَّ مِنَ ٱلْمُمْتَرِينَ	أفغير الله أبتغي حكما وهو الذي أنزل إليكم الكتاب مفصلا والذين آتيناهم الكتاب يعلمون أنه منزل من ربك بالحق فلا تكونن من الممترين
6	115	3	1	rab~i	رَبِّ	rab~	N	STEM|POS:N|LEM:rab~|ROOT:rbb|M|GEN	وَتَمَّتْ كَلِمَتُ رَبِّكَ صِدْقًا وَعَدْلًا لَّا مُبَدِّلَ لِكَلِمَٰتِهِۦ وَهُوَ ٱلسَّمِيعُ ٱلْعَلِيمُ	وتمت كلمت ربك صدقا وعدلا لا مبدل لكلماته وهو السميع العليم
6	117	2	1	rab~a	رَبَّ	rab~	N	STEM|POS:N|LEM:rab~|ROOT:rbb|M|ACC	إِنَّ رَبَّكَ هُوَ أَعْلَمُ مَن يَضِلُّ عَن سَبِيلِهِۦ وَهُوَ أَعْلَمُ بِٱلْمُهْتَدِينَ	إن ربك هو أعلم من يضل عن سبيله وهو أعلم بالمهتدين
6	119	27	1	rab~a	رَبَّ	rab~	N	STEM|POS:N|LEM:rab~|ROOT:rbb|M|ACC	وَمَا لَكُمْ أَلَّا تَأْكُلُوا۟ مِمَّا ذُكِرَ ٱسْمُ ٱللَّهِ عَلَيْهِ وَقَدْ فَصَّلَ لَكُم مَّا حَرَّمَ عَلَيْكُمْ إِلَّا مَا ٱضْطُرِرْتُمْ إِلَيْهِ وَإِنَّ كَثِيرًا لَّيُضِلُّونَ بِأَهْوَآئِهِم بِغَيْرِ عِلْمٍ إِنَّ رَبَّكَ هُوَ أَعْلَمُ بِٱلْمُعْتَدِينَ	وما لكم ألا تأكلوا مما ذكر اسم الله عليه وقد فصل لكم ما حرم عليكم إلا ما اضطررتم إليه وإن كثيرا ليضلون بأهوائهم بغير علم إن ربك هو أعلم بالمعتدين
6	126	3	1	rab~i	رَبِّ	rab~	N	STEM|POS:N|LEM:rab~|ROOT:rbb|M|GEN	وَهَٰذَا صِرَٰطُ رَبِّكَ مُسْتَقِيمًا قَدْ فَصَّلْنَا ٱلْـَٔايَٰتِ لِقَوْمٍ يَذَّكَّرُونَ	وهذا صراط ربك مستقيما قد فصلنا الآيات لقوم يذكرون
6	127	5	1	rab~i	رَبِّ	rab~	N	STEM|POS:N|LEM:rab~|ROOT:rbb|M|GEN	لَهُمْ دَارُ ٱلسَّلَٰمِ عِندَ رَبِّهِمْ وَهُوَ وَلِيُّهُم بِمَا كَانُوا۟ يَعْمَلُونَ	لهم دار السلام عند ربهم وهو وليهم بما كانوا يعملون
6	128	14	1	rab~a	رَبَّ	rab~	N	STEM|POS:N|LEM:rab~|ROOT:rbb|M|ACC	وَيَوْمَ يَحْشُرُهُمْ جَمِيعًا يَٰمَعْشَرَ ٱلْجِنِّ قَدِ ٱسْتَكْثَرْتُم مِّنَ ٱلْإِنسِ وَقَالَ أَوْلِيَآؤُهُم مِّنَ ٱلْإِنسِ رَبَّنَا ٱسْتَمْتَعَ بَعْضُنَا بِبَعْضٍ وَبَلَغْنَآ أَجَلَنَا ٱلَّذِىٓ أَجَّلْتَ لَنَا قَالَ ٱلنَّارُ مَثْوَىٰكُمْ خَٰلِدِينَ فِيهَآ إِلَّا مَا شَآءَ ٱللَّهُ إِنَّ رَبَّكَ حَكِيمٌ عَلِيمٌ	ويوم يحشرهم جميعا يا معشر الجن قد استكثرتم من الإنس وقال أولياؤهم من الإنس ربنا استمتع بعضنا ببعض وبلغنا أجلنا الذي أجلت لنا قال النار مثواكم خالدين فيها إلا ما شاء الله إن ربك حكيم عليم
6	128	33	1	rab~a	رَبَّ	rab~	N	STEM|POS:N|LEM:rab~|ROOT:rbb|M|ACC	وَيَوْمَ يَحْشُرُهُمْ جَمِيعًا يَٰمَعْشَرَ ٱلْجِنِّ قَدِ ٱسْتَكْثَرْتُم مِّنَ ٱلْإِنسِ وَقَالَ أَوْلِيَآؤُهُم مِّنَ ٱلْإِنسِ رَبَّنَا ٱسْتَمْتَعَ بَعْضُنَا بِبَعْضٍ وَبَلَغْنَآ أَجَلَنَا ٱلَّذِىٓ أَجَّلْتَ لَنَا قَالَ ٱلنَّارُ مَثْوَىٰكُمْ خَٰلِدِينَ فِيهَآ إِلَّا مَا شَآءَ ٱللَّهُ إِنَّ رَبَّكَ حَكِيمٌ عَلِيمٌ	ويوم يحشرهم جميعا يا معشر الجن قد استكثرتم من الإنس وقال أولياؤهم من الإنس ربنا استمتع بعضنا ببعض وبلغنا أجلنا الذي أجلت لنا قال النار مثواكم خالدين فيها إلا ما شاء الله إن ربك حكيم عليم
6	131	5	1	r~ab~u	رَّبُّ	rab~	N	STEM|POS:N|LEM:rab~|ROOT:rbb|M|NOM	ذَٰلِكَ أَن لَّمْ يَكُن رَّبُّكَ مُهْلِكَ ٱلْقُرَىٰ بِظُلْمٍ وَأَهْلُهَا غَٰفِلُونَ	ذلك أن لم يكن ربك مهلك القرى بظلم وأهلها غافلون
6	132	6	1	rab~u	رَبُّ	rab~	N	STEM|POS:N|LEM:rab~|ROOT:rbb|M|NOM	وَلِكُلٍّ دَرَجَٰتٌ مِّمَّا عَمِلُوا۟ وَمَا رَبُّكَ بِغَٰفِلٍ عَمَّا يَعْمَلُونَ	ولكل درجات مما عملوا وما ربك بغافل عما يعملون
6	133	1	2	rab~u	رَبُّ	rab~	N	STEM|POS:N|LEM:rab~|ROOT:rbb|M|NOM	وَرَبُّكَ ٱلْغَنِىُّ ذُو ٱلرَّحْمَةِ إِن يَشَأْ يُذْهِبْكُمْ وَيَسْتَخْلِفْ مِنۢ بَعْدِكُم مَّا يَشَآءُ كَمَآ أَنشَأَكُم مِّن ذُرِّيَّةِ قَوْمٍ ءَاخَرِينَ	وربك الغني ذو الرحمة إن يشأ يذهبكم ويستخلف من بعدكم ما يشاء كما أنشأكم من ذرية قوم آخرين
6	145	37	1	rab~a	رَبَّ	rab~	N	STEM|POS:N|LEM:rab~|ROOT:rbb|M|ACC	قُل لَّآ أَجِدُ فِى مَآ أُوحِىَ إِلَىَّ مُحَرَّمًا عَلَىٰ طَاعِمٍ يَطْعَمُهُۥٓ إِلَّآ أَن يَكُونَ مَيْتَةً أَوْ دَمًا مَّسْفُوحًا أَوْ لَحْمَ خِنزِيرٍ فَإِنَّهُۥ رِجْسٌ أَوْ فِسْقًا أُهِلَّ لِغَيْرِ ٱللَّهِ بِهِۦ فَمَنِ ٱضْطُرَّ غَيْرَ بَاغٍ وَلَا عَادٍ فَإِنَّ رَبَّكَ غَفُورٌ رَّحِيمٌ	قل لا أجد في ما أوحي إلي محرما على طاعم يطعمه إلا أن يكون ميتة أو دما مسفوحا أو لحم خنزير فإنه رجس أو فسقا أهل لغير الله به فمن اضطر غير باغ ولا عاد فإن ربك غفور رحيم
6	147	4	1	r~ab~u	رَّبُّ	rab~	N	STEM|POS:N|LEM:rab~|ROOT:rbb|M|NOM	فَإِن كَذَّبُوكَ فَقُل رَّبُّكُمْ ذُو رَحْمَةٍ وَٰسِعَةٍ وَلَا يُرَدُّ بَأْسُهُۥ عَنِ ٱلْقَوْمِ ٱلْمُجْرِمِينَ	فإن كذبوك فقل ربكم ذو رحمة واسعة ولا يرد بأسه عن القوم المجرمين
6	150	26	2	rab~i	رَبِّ	rab~	N	STEM|POS:N|LEM:rab~|ROOT:rbb|M|GEN	قُلْ هَلُمَّ شُهَدَآءَكُمُ ٱلَّذِينَ يَشْهَدُونَ أَنَّ ٱللَّهَ حَرَّمَ هَٰذَا فَإِن شَهِدُوا۟ فَلَا تَشْهَدْ مَعَهُمْ وَلَا تَتَّبِعْ أَهْوَآءَ ٱلَّذِينَ كَذَّبُوا۟ بِـَٔايَٰتِنَا وَٱلَّذِينَ لَا يُؤْمِنُونَ بِٱلْـَٔاخِرَةِ وَهُم بِرَبِّهِمْ يَعْدِلُونَ	قل هلم شهداءكم الذين يشهدون أن الله حرم هذا فإن شهدوا فلا تشهد معهم ولا تتبع أهواء الذين كذبوا بآياتنا والذين لا يؤمنون بالآخرة وهم بربهم يعدلون
6	151	6	1	rab~u	رَبُّ	rab~	N	STEM|POS:N|LEM:rab~|ROOT:rbb|M|NOM	قُلْ تَعَالَوْا۟ أَتْلُ مَا حَرَّمَ رَبُّكُمْ عَلَيْكُمْ أَلَّا تُشْرِكُوا۟ بِهِۦ شَيْـًٔا وَبِٱلْوَٰلِدَيْنِ إِحْسَٰنًا وَلَا تَقْتُلُوٓا۟ أَوْلَٰدَكُم مِّنْ إِمْلَٰقٍ نَّحْنُ نَرْزُقُكُمْ وَإِيَّاهُمْ وَلَا تَقْرَبُوا۟ ٱلْفَوَٰحِشَ مَا ظَهَرَ مِنْهَا وَمَا بَطَنَ وَلَا تَقْتُلُوا۟ ٱلنَّفْسَ ٱلَّتِى حَرَّمَ ٱللَّهُ إِلَّا بِٱلْحَقِّ ذَٰلِكُمْ وَصَّىٰكُم بِهِۦ لَعَلَّكُمْ تَعْقِلُونَ	قل تعالوا أتل ما حرم ربكم عليكم ألا تشركوا به شيئا وبالوالدين إحسانا ولا تقتلوا أولادكم من إملاق نحن نرزقكم وإياهم ولا تقربوا الفواحش ما ظهر منها وما بطن ولا تقتلوا النفس التي حرم الله إلا بالحق ذلكم وصاكم به لعلكم تعقلون
6	154	16	1	rab~i	رَبِّ	rab~	N	STEM|POS:N|LEM:rab~|ROOT:rbb|M|GEN	ثُمَّ ءَاتَيْنَا مُوسَى ٱلْكِتَٰبَ تَمَامًا عَلَى ٱلَّذِىٓ أَحْسَنَ وَتَفْصِيلًا لِّكُلِّ شَىْءٍ وَهُدًى وَرَحْمَةً لَّعَلَّهُم بِلِقَآءِ رَبِّهِمْ يُؤْمِنُونَ	ثم آتينا موسى الكتاب تماما على الذي أحسن وتفصيلا لكل شيء وهدى ورحمة لعلهم بلقاء ربهم يؤمنون
6	157	15	1	r~ab~i	رَّبِّ	rab~	N	STEM|POS:N|LEM:rab~|ROOT:rbb|M|GEN	أَوْ تَقُولُوا۟ لَوْ أَنَّآ أُنزِلَ عَلَيْنَا ٱلْكِتَٰبُ لَكُنَّآ أَهْدَىٰ مِنْهُمْ فَقَدْ جَآءَكُم بَيِّنَةٌ مِّن رَّبِّكُمْ وَهُدًى وَرَحْمَةٌ فَمَنْ أَظْلَمُ مِمَّن كَذَّبَ بِـَٔايَٰتِ ٱللَّهِ وَصَدَفَ عَنْهَا سَنَجْزِى ٱلَّذِينَ يَصْدِفُونَ عَنْ ءَايَٰتِنَا سُوٓءَ ٱلْعَذَابِ بِمَا كَانُوا۟ يَصْدِفُونَ	أو تقولوا لو أنا أنزل علينا الكتاب لكنا أهدى منهم فقد جاءكم بينة من ربكم وهدى ورحمة فمن أظلم ممن كذب بآيات الله وصدف عنها سنجزي الذين يصدفون عن آياتنا سوء العذاب بما كانوا يصدفون
6	158	9	1	rab~u	رَبُّ	rab~	N	STEM|POS:N|LEM:rab~|ROOT:rbb|M|NOM	هَلْ يَنظُرُونَ إِلَّآ أَن تَأْتِيَهُمُ ٱلْمَلَٰٓئِكَةُ أَوْ يَأْتِىَ رَبُّكَ أَوْ يَأْتِىَ بَعْضُ ءَايَٰتِ رَبِّكَ يَوْمَ يَأْتِى بَعْضُ ءَايَٰتِ رَبِّكَ لَا يَنفَعُ نَفْسًا إِيمَٰنُهَا لَمْ تَكُنْ ءَامَنَتْ مِن قَبْلُ أَوْ كَسَبَتْ فِىٓ إِيمَٰنِهَا خَيْرًا قُلِ ٱنتَظِرُوٓا۟ إِنَّا مُنتَظِرُونَ	هل ينظرون إلا أن تأتيهم الملائكة أو يأتي ربك أو يأتي بعض آيات ربك يوم يأتي بعض آيات ربك لا ينفع نفسا إيمانها لم تكن آمنت من قبل أو كسبت في إيمانها خيرا قل انتظروا إنا منتظرون
6	158	14	1	rab~i	رَبِّ	rab~	N	STEM|POS:N|LEM:rab~|ROOT:rbb|M|GEN	هَلْ يَنظُرُونَ إِلَّآ أَن تَأْتِيَهُمُ ٱلْمَلَٰٓئِكَةُ أَوْ يَأْتِىَ رَبُّكَ أَوْ يَأْتِىَ بَعْضُ ءَايَٰتِ رَبِّكَ يَوْمَ يَأْتِى بَعْضُ ءَايَٰتِ رَبِّكَ لَا يَنفَعُ نَفْسًا إِيمَٰنُهَا لَمْ تَكُنْ ءَامَنَتْ مِن قَبْلُ أَوْ كَسَبَتْ فِىٓ إِيمَٰنِهَا خَيْرًا قُلِ ٱنتَظِرُوٓا۟ إِنَّا مُنتَظِرُونَ	هل ينظرون إلا أن تأتيهم الملائكة أو يأتي ربك أو يأتي بعض آيات ربك يوم يأتي بعض آيات ربك لا ينفع نفسا إيمانها لم تكن آمنت من قبل أو كسبت في إيمانها خيرا قل انتظروا إنا منتظرون
6	158	19	1	rab~i	رَبِّ	rab~	N	STEM|POS:N|LEM:rab~|ROOT:rbb|M|GEN	هَلْ يَنظُرُونَ إِلَّآ أَن تَأْتِيَهُمُ ٱلْمَلَٰٓئِكَةُ أَوْ يَأْتِىَ رَبُّكَ أَوْ يَأْتِىَ بَعْضُ ءَايَٰتِ رَبِّكَ يَوْمَ يَأْتِى بَعْضُ ءَايَٰتِ رَبِّكَ لَا يَنفَعُ نَفْسًا إِيمَٰنُهَا لَمْ تَكُنْ ءَامَنَتْ مِن قَبْلُ أَوْ كَسَبَتْ فِىٓ إِيمَٰنِهَا خَيْرًا قُلِ ٱنتَظِرُوٓا۟ إِنَّا مُنتَظِرُونَ	هل ينظرون إلا أن تأتيهم الملائكة أو يأتي ربك أو يأتي بعض آيات ربك يوم يأتي بعض آيات ربك لا ينفع نفسا إيمانها لم تكن آمنت من قبل أو كسبت في إيمانها خيرا قل انتظروا إنا منتظرون
6	161	4	1	rab~i	رَبِّ	rab~	N	STEM|POS:N|LEM:rab~|ROOT:rbb|M|NOM	قُلْ إِنَّنِى هَدَىٰنِى رَبِّىٓ إِلَىٰ صِرَٰطٍ مُّسْتَقِيمٍ دِينًا قِيَمًا مِّلَّةَ إِبْرَٰهِيمَ حَنِيفًا وَمَا كَانَ مِنَ ٱلْمُشْرِكِينَ	قل إنني هداني ربي إلى صراط مستقيم دينا قيما ملة إبراهيم حنيفا وما كان من المشركين
6	162	8	1	rab~i	رَبِّ	rab~	N	STEM|POS:N|LEM:rab~|ROOT:rbb|M|GEN	قُلْ إِنَّ صَلَاتِى وَنُسُكِى وَمَحْيَاىَ وَمَمَاتِى لِلَّهِ رَبِّ ٱلْعَٰلَمِينَ	قل إن صلاتي ونسكي ومحياي ومماتي لله رب العالمين
6	164	5	1	rab~FA	رَبًّا	rab~	N	STEM|POS:N|LEM:rab~|ROOT:rbb|M|INDEF|ACC	قُلْ أَغَيْرَ ٱللَّهِ أَبْغِى رَبًّا وَهُوَ رَبُّ كُلِّ شَىْءٍ وَلَا تَكْسِبُ كُلُّ نَفْسٍ إِلَّا عَلَيْهَا وَلَا تَزِرُ وَازِرَةٌ وِزْرَ أُخْرَىٰ ثُمَّ إِلَىٰ رَبِّكُم مَّرْجِعُكُمْ فَيُنَبِّئُكُم بِمَا كُنتُمْ فِيهِ تَخْتَلِفُونَ	قل أغير الله أبغي ربا وهو رب كل شيء ولا تكسب كل نفس إلا عليها ولا تزر وازرة وزر أخرى ثم إلى ربكم مرجعكم فينبئكم بما كنتم فيه تختلفون
6	164	7	1	rab~u	رَبُّ	rab~	N	STEM|POS:N|LEM:rab~|ROOT:rbb|M|NOM	قُلْ أَغَيْرَ ٱللَّهِ أَبْغِى رَبًّا وَهُوَ رَبُّ كُلِّ شَىْءٍ وَلَا تَكْسِبُ كُلُّ نَفْسٍ إِلَّا عَلَيْهَا وَلَا تَزِرُ وَازِرَةٌ وِزْرَ أُخْرَىٰ ثُمَّ إِلَىٰ رَبِّكُم مَّرْجِعُكُمْ فَيُنَبِّئُكُم بِمَا كُنتُمْ فِيهِ تَخْتَلِفُونَ	قل أغير الله أبغي ربا وهو رب كل شيء ولا تكسب كل نفس إلا عليها ولا تزر وازرة وزر أخرى ثم إلى ربكم مرجعكم فينبئكم بما كنتم فيه تختلفون
6	164	23	1	rab~i	رَبِّ	rab~	N	STEM|POS:N|LEM:rab~|ROOT:rbb|M|GEN	قُلْ أَغَيْرَ ٱللَّهِ أَبْغِى رَبًّا وَهُوَ رَبُّ كُلِّ شَىْءٍ وَلَا تَكْسِبُ كُلُّ نَفْسٍ إِلَّا عَلَيْهَا وَلَا تَزِرُ وَازِرَةٌ وِزْرَ أُخْرَىٰ ثُمَّ إِلَىٰ رَبِّكُم مَّرْجِعُكُمْ فَيُنَبِّئُكُم بِمَا كُنتُمْ فِيهِ تَخْتَلِفُونَ	قل أغير الله أبغي ربا وهو رب كل شيء ولا تكسب كل نفس إلا عليها ولا تزر وازرة وزر أخرى ثم إلى ربكم مرجعكم فينبئكم بما كنتم فيه تختلفون
6	165	16	1	rab~a	رَبَّ	rab~	N	STEM|POS:N|LEM:rab~|ROOT:rbb|M|ACC	وَهُوَ ٱلَّذِى جَعَلَكُمْ خَلَٰٓئِفَ ٱلْأَرْضِ وَرَفَعَ بَعْضَكُمْ فَوْقَ بَعْضٍ دَرَجَٰتٍ لِّيَبْلُوَكُمْ فِى مَآ ءَاتَىٰكُمْ إِنَّ رَبَّكَ سَرِيعُ ٱلْعِقَابِ وَإِنَّهُۥ لَغَفُورٌ رَّحِيمٌۢ	وهو الذي جعلكم خلائف الأرض ورفع بعضكم فوق بعض درجات ليبلوكم في ما آتاكم إن ربك سريع العقاب وإنه لغفور رحيم
7	3	6	1	r~ab~i	رَّبِّ	rab~	N	STEM|POS:N|LEM:rab~|ROOT:rbb|M|GEN	ٱتَّبِعُوا۟ مَآ أُنزِلَ إِلَيْكُم مِّن رَّبِّكُمْ وَلَا تَتَّبِعُوا۟ مِن دُونِهِۦٓ أَوْلِيَآءَ قَلِيلًا مَّا تَذَكَّرُونَ	اتبعوا ما أنزل إليكم من ربكم ولا تتبعوا من دونه أولياء قليلا ما تذكرون
7	20	14	1	rab~u	رَبُّ	rab~	N	STEM|POS:N|LEM:rab~|ROOT:rbb|M|NOM	فَوَسْوَسَ لَهُمَا ٱلشَّيْطَٰنُ لِيُبْدِىَ لَهُمَا مَا وُۥرِىَ عَنْهُمَا مِن سَوْءَٰتِهِمَا وَقَالَ مَا نَهَىٰكُمَا رَبُّكُمَا عَنْ هَٰذِهِ ٱلشَّجَرَةِ إِلَّآ أَن تَكُونَا مَلَكَيْنِ أَوْ تَكُونَا مِنَ ٱلْخَٰلِدِينَ	فوسوس لهما الشيطان ليبدي لهما ما ووري عنهما من سوآتهما وقال ما نهاكما ربكما عن هذه الشجرة إلا أن تكونا ملكين أو تكونا من الخالدين
7	22	16	1	rab~u	رَبُّ	rab~	N	STEM|POS:N|LEM:rab~|ROOT:rbb|M|NOM	فَدَلَّىٰهُمَا بِغُرُورٍ فَلَمَّا ذَاقَا ٱلشَّجَرَةَ بَدَتْ لَهُمَا سَوْءَٰتُهُمَا وَطَفِقَا يَخْصِفَانِ عَلَيْهِمَا مِن وَرَقِ ٱلْجَنَّةِ وَنَادَىٰهُمَا رَبُّهُمَآ أَلَمْ أَنْهَكُمَا عَن تِلْكُمَا ٱلشَّجَرَةِ وَأَقُل لَّكُمَآ إِنَّ ٱلشَّيْطَٰنَ لَكُمَا عَدُوٌّ مُّبِينٌ	فدلاهما بغرور فلما ذاقا الشجرة بدت لهما سوآتهما وطفقا يخصفان عليهما من ورق الجنة وناداهما ربهما ألم أنهكما عن تلكما الشجرة وأقل لكما إن الشيطان لكما عدو مبين
7	23	2	1	rab~a	رَبَّ	rab~	N	STEM|POS:N|LEM:rab~|ROOT:rbb|M|ACC	قَالَا رَبَّنَا ظَلَمْنَآ أَنفُسَنَا وَإِن لَّمْ تَغْفِرْ لَنَا وَتَرْحَمْنَا لَنَكُونَنَّ مِنَ ٱلْخَٰسِرِينَ	قالا ربنا ظلمنا أنفسنا وإن لم تغفر لنا وترحمنا لنكونن من الخاسرين
7	29	3	1	rab~i	رَبِّ	rab~	N	STEM|POS:N|LEM:rab~|ROOT:rbb|M|NOM	قُلْ أَمَرَ رَبِّى بِٱلْقِسْطِ وَأَقِيمُوا۟ وُجُوهَكُمْ عِندَ كُلِّ مَسْجِدٍ وَٱدْعُوهُ مُخْلِصِينَ لَهُ ٱلدِّينَ كَمَا بَدَأَكُمْ تَعُودُونَ	قل أمر ربي بالقسط وأقيموا وجوهكم عند كل مسجد وادعوه مخلصين له الدين كما بدأكم تعودون
7	33	4	1	rab~i	رَبِّ	rab~	N	STEM|POS:N|LEM:rab~|ROOT:rbb|M|NOM	قُلْ إِنَّمَا حَرَّمَ رَبِّىَ ٱلْفَوَٰحِشَ مَا ظَهَرَ مِنْهَا وَمَا بَطَنَ وَٱلْإِثْمَ وَٱلْبَغْىَ بِغَيْرِ ٱلْحَقِّ وَأَن تُشْرِكُوا۟ بِٱللَّهِ مَا لَمْ يُنَزِّلْ بِهِۦ سُلْطَٰنًا وَأَن تَقُولُوا۟ عَلَى ٱللَّهِ مَا لَا تَعْلَمُونَ	قل إنما حرم ربي الفواحش ما ظهر منها وما بطن والإثم والبغي بغير الحق وأن تشركوا بالله ما لم ينزل به سلطانا وأن تقولوا على الله ما لا تعلمون
7	38	27	1	rab~a	رَبَّ	rab~	N	STEM|POS:N|LEM:rab~|ROOT:rbb|M|ACC	قَالَ ٱدْخُلُوا۟ فِىٓ أُمَمٍ قَدْ خَلَتْ مِن قَبْلِكُم مِّنَ ٱلْجِنِّ وَٱلْإِنسِ فِى ٱلنَّارِ كُلَّمَا دَخَلَتْ أُمَّةٌ لَّعَنَتْ أُخْتَهَا حَتَّىٰٓ إِذَا ٱدَّارَكُوا۟ فِيهَا جَمِيعًا قَالَتْ أُخْرَىٰهُمْ لِأُولَىٰهُمْ رَبَّنَا هَٰٓؤُلَآءِ أَضَلُّونَا فَـَٔاتِهِمْ عَذَابًا ضِعْفًا مِّنَ ٱلنَّارِ قَالَ لِكُلٍّ ضِعْفٌ وَلَٰكِن لَّا تَعْلَمُونَ	قال ادخلوا في أمم قد خلت من قبلكم من الجن والإنس في النار كلما دخلت أمة لعنت أختها حتى إذا اداركوا فيها جميعا قالت أخراهم لأولاهم ربنا هؤلاء أضلونا فآتهم عذابا ضعفا من النار قال لكل ضعف ولكن لا تعلمون
7	43	27	1	rab~i	رَبِّ	rab~	N	STEM|POS:N|LEM:rab~|ROOT:rbb|M|GEN	وَنَزَعْنَا مَا فِى صُدُورِهِم مِّنْ غِلٍّ تَجْرِى مِن تَحْتِهِمُ ٱلْأَنْهَٰرُ وَقَالُوا۟ ٱلْحَمْدُ لِلَّهِ ٱلَّذِى هَدَىٰنَا لِهَٰذَا وَمَا كُنَّا لِنَهْتَدِىَ لَوْلَآ أَنْ هَدَىٰنَا ٱللَّهُ لَقَدْ جَآءَتْ رُسُلُ رَبِّنَا بِٱلْحَقِّ وَنُودُوٓا۟ أَن تِلْكُمُ ٱلْجَنَّةُ أُورِثْتُمُوهَا بِمَا كُنتُمْ تَعْمَلُونَ	ونزعنا ما في صدورهم من غل تجري من تحتهم الأنهار وقالوا الحمد لله الذي هدانا لهذا وما كنا لنهتدي لولا أن هدانا الله لقد جاءت رسل ربنا بالحق ونودوا أن تلكم الجنة أورثتموها بما كنتم تعملون
7	44	11	1	rab~u	رَبُّ	rab~	N	STEM|POS:N|LEM:rab~|ROOT:rbb|M|NOM	وَنَادَىٰٓ أَصْحَٰبُ ٱلْجَنَّةِ أَصْحَٰبَ ٱلنَّارِ أَن قَدْ وَجَدْنَا مَا وَعَدَنَا رَبُّنَا حَقًّا فَهَلْ وَجَدتُّم مَّا وَعَدَ رَبُّكُمْ حَقًّا قَالُوا۟ نَعَمْ فَأَذَّنَ مُؤَذِّنٌۢ بَيْنَهُمْ أَن لَّعْنَةُ ٱللَّهِ عَلَى ٱلظَّٰلِمِينَ	ونادى أصحاب الجنة أصحاب النار أن قد وجدنا ما وعدنا ربنا حقا فهل وجدتم ما وعد ربكم حقا قالوا نعم فأذن مؤذن بينهم أن لعنة الله على الظالمين
7	44	17	1	rab~u	رَبُّ	rab~	N	STEM|POS:N|LEM:rab~|ROOT:rbb|M|NOM	وَنَادَىٰٓ أَصْحَٰبُ ٱلْجَنَّةِ أَصْحَٰبَ ٱلنَّارِ أَن قَدْ وَجَدْنَا مَا وَعَدَنَا رَبُّنَا حَقًّا فَهَلْ وَجَدتُّم مَّا وَعَدَ رَبُّكُمْ حَقًّا قَالُوا۟ نَعَمْ فَأَذَّنَ مُؤَذِّنٌۢ بَيْنَهُمْ أَن لَّعْنَةُ ٱللَّهِ عَلَى ٱلظَّٰلِمِينَ	ونادى أصحاب الجنة أصحاب النار أن قد وجدنا ما وعدنا ربنا حقا فهل وجدتم ما وعد ربكم حقا قالوا نعم فأذن مؤذن بينهم أن لعنة الله على الظالمين
7	47	8	1	rab~a	رَبَّ	rab~	N	STEM|POS:N|LEM:rab~|ROOT:rbb|M|ACC	وَإِذَا صُرِفَتْ أَبْصَٰرُهُمْ تِلْقَآءَ أَصْحَٰبِ ٱلنَّارِ قَالُوا۟ رَبَّنَا لَا تَجْعَلْنَا مَعَ ٱلْقَوْمِ ٱلظَّٰلِمِينَ	وإذا صرفت أبصارهم تلقاء أصحاب النار قالوا ربنا لا تجعلنا مع القوم الظالمين
7	53	16	1	rab~i	رَبِّ	rab~	N	STEM|POS:N|LEM:rab~|ROOT:rbb|M|GEN	هَلْ يَنظُرُونَ إِلَّا تَأْوِيلَهُۥ يَوْمَ يَأْتِى تَأْوِيلُهُۥ يَقُولُ ٱلَّذِينَ نَسُوهُ مِن قَبْلُ قَدْ جَآءَتْ رُسُلُ رَبِّنَا بِٱلْحَقِّ فَهَل لَّنَا مِن شُفَعَآءَ فَيَشْفَعُوا۟ لَنَآ أَوْ نُرَدُّ فَنَعْمَلَ غَيْرَ ٱلَّذِى كُنَّا نَعْمَلُ قَدْ خَسِرُوٓا۟ أَنفُسَهُمْ وَضَلَّ عَنْهُم مَّا كَانُوا۟ يَفْتَرُونَ	هل ينظرون إلا تأويله يوم يأتي تأويله يقول الذين نسوه من قبل قد جاءت رسل ربنا بالحق فهل لنا من شفعاء فيشفعوا لنا أو نرد فنعمل غير الذي كنا نعمل قد خسروا أنفسهم وضل عنهم ما كانوا يفترون
7	54	2	1	rab~a	رَبَّ	rab~	N	STEM|POS:N|LEM:rab~|ROOT:rbb|M|ACC	إِنَّ رَبَّكُمُ ٱللَّهُ ٱلَّذِى خَلَقَ ٱلسَّمَٰوَٰتِ وَٱلْأَرْضَ فِى سِتَّةِ أَيَّامٍ ثُمَّ ٱسْتَوَىٰ عَلَى ٱلْعَرْشِ يُغْشِى ٱلَّيْلَ ٱلنَّهَارَ يَطْلُبُهُۥ حَثِيثًا وَٱلشَّمْسَ وَٱلْقَمَرَ وَٱلنُّجُومَ مُسَخَّرَٰتٍۭ بِأَمْرِهِۦٓ أَلَا لَهُ ٱلْخَلْقُ وَٱلْأَمْرُ تَبَارَكَ ٱللَّهُ رَبُّ ٱلْعَٰلَمِينَ	إن ربكم الله الذي خلق السماوات والأرض في ستة أيام ثم استوى على العرش يغشي الليل النهار يطلبه حثيثا والشمس والقمر والنجوم مسخرات بأمره ألا له الخلق والأمر تبارك الله رب العالمين
7	54	31	1	rab~u	رَبُّ	rab~	N	STEM|POS:N|LEM:rab~|ROOT:rbb|M|NOM	إِنَّ رَبَّكُمُ ٱللَّهُ ٱلَّذِى خَلَقَ ٱلسَّمَٰوَٰتِ وَٱلْأَرْضَ فِى سِتَّةِ أَيَّامٍ ثُمَّ ٱسْتَوَىٰ عَلَى ٱلْعَرْشِ يُغْشِى ٱلَّيْلَ ٱلنَّهَارَ يَطْلُبُهُۥ حَثِيثًا وَٱلشَّمْسَ وَٱلْقَمَرَ وَٱلنُّجُومَ مُسَخَّرَٰتٍۭ بِأَمْرِهِۦٓ أَلَا لَهُ ٱلْخَلْقُ وَٱلْأَمْرُ تَبَارَكَ ٱللَّهُ رَبُّ ٱلْعَٰلَمِينَ	إن ربكم الله الذي خلق السماوات والأرض في ستة أيام ثم استوى على العرش يغشي الليل النهار يطلبه حثيثا والشمس والقمر والنجوم مسخرات بأمره ألا له الخلق والأمر تبارك الله رب العالمين
7	55	2	1	rab~a	رَبَّ	rab~	N	STEM|POS:N|LEM:rab~|ROOT:rbb|M|ACC	ٱدْعُوا۟ رَبَّكُمْ تَضَرُّعًا وَخُفْيَةً إِنَّهُۥ لَا يُحِبُّ ٱلْمُعْتَدِينَ	ادعوا ربكم تضرعا وخفية إنه لا يحب المعتدين
7	58	6	1	rab~i	رَبِّ	rab~	N	STEM|POS:N|LEM:rab~|ROOT:rbb|M|GEN	وَٱلْبَلَدُ ٱلطَّيِّبُ يَخْرُجُ نَبَاتُهُۥ بِإِذْنِ رَبِّهِۦ وَٱلَّذِى خَبُثَ لَا يَخْرُجُ إِلَّا نَكِدًا كَذَٰلِكَ نُصَرِّفُ ٱلْـَٔايَٰتِ لِقَوْمٍ يَشْكُرُونَ	والبلد الطيب يخرج نباته بإذن ربه والذي خبث لا يخرج إلا نكدا كذلك نصرف الآيات لقوم يشكرون
7	61	9	1	r~ab~i	رَّبِّ	rab~	N	STEM|POS:N|LEM:rab~|ROOT:rbb|M|GEN	قَالَ يَٰقَوْمِ لَيْسَ بِى ضَلَٰلَةٌ وَلَٰكِنِّى رَسُولٌ مِّن رَّبِّ ٱلْعَٰلَمِينَ	قال يا قوم ليس بي ضلالة ولكني رسول من رب العالمين
7	62	3	1	rab~i	رَبِّ	rab~	N	STEM|POS:N|LEM:rab~|ROOT:rbb|M|GEN	أُبَلِّغُكُمْ رِسَٰلَٰتِ رَبِّى وَأَنصَحُ لَكُمْ وَأَعْلَمُ مِنَ ٱللَّهِ مَا لَا تَعْلَمُونَ	أبلغكم رسالات ربي وأنصح لكم وأعلم من الله ما لا تعلمون
7	63	6	1	r~ab~i	رَّبِّ	rab~	N	STEM|POS:N|LEM:rab~|ROOT:rbb|M|GEN	أَوَعَجِبْتُمْ أَن جَآءَكُمْ ذِكْرٌ مِّن رَّبِّكُمْ عَلَىٰ رَجُلٍ مِّنكُمْ لِيُنذِرَكُمْ وَلِتَتَّقُوا۟ وَلَعَلَّكُمْ تُرْحَمُونَ	أوعجبتم أن جاءكم ذكر من ربكم على رجل منكم لينذركم ولتتقوا ولعلكم ترحمون
7	67	9	1	r~ab~i	رَّبِّ	rab~	N	STEM|POS:N|LEM:rab~|ROOT:rbb|M|GEN	قَالَ يَٰقَوْمِ لَيْسَ بِى سَفَاهَةٌ وَلَٰكِنِّى رَسُولٌ مِّن رَّبِّ ٱلْعَٰلَمِينَ	قال يا قوم ليس بي سفاهة ولكني رسول من رب العالمين
7	68	3	1	rab~i	رَبِّ	rab~	N	STEM|POS:N|LEM:rab~|ROOT:rbb|M|GEN	أُبَلِّغُكُمْ رِسَٰلَٰتِ رَبِّى وَأَنَا۠ لَكُمْ نَاصِحٌ أَمِينٌ	أبلغكم رسالات ربي وأنا لكم ناصح أمين
7	69	6	1	r~ab~i	رَّبِّ	rab~	N	STEM|POS:N|LEM:rab~|ROOT:rbb|M|GEN	أَوَعَجِبْتُمْ أَن جَآءَكُمْ ذِكْرٌ مِّن رَّبِّكُمْ عَلَىٰ رَجُلٍ مِّنكُمْ لِيُنذِرَكُمْ وَٱذْكُرُوٓا۟ إِذْ جَعَلَكُمْ خُلَفَآءَ مِنۢ بَعْدِ قَوْمِ نُوحٍ وَزَادَكُمْ فِى ٱلْخَلْقِ بَصْۜطَةً فَٱذْكُرُوٓا۟ ءَالَآءَ ٱللَّهِ لَعَلَّكُمْ تُفْلِحُونَ	أوعجبتم أن جاءكم ذكر من ربكم على رجل منكم لينذركم واذكروا إذ جعلكم خلفاء من بعد قوم نوح وزادكم في الخلق بسطة فاذكروا آلاء الله لعلكم تفلحون
7	71	6	1	r~ab~i	رَّبِّ	rab~	N	STEM|POS:N|LEM:rab~|ROOT:rbb|M|GEN	قَالَ قَدْ وَقَعَ عَلَيْكُم مِّن رَّبِّكُمْ رِجْسٌ وَغَضَبٌ أَتُجَٰدِلُونَنِى فِىٓ أَسْمَآءٍ سَمَّيْتُمُوهَآ أَنتُمْ وَءَابَآؤُكُم مَّا نَزَّلَ ٱللَّهُ بِهَا مِن سُلْطَٰنٍ فَٱنتَظِرُوٓا۟ إِنِّى مَعَكُم مِّنَ ٱلْمُنتَظِرِينَ	قال قد وقع عليكم من ربكم رجس وغضب أتجادلونني في أسماء سميتموها أنتم وآباؤكم ما نزل الله بها من سلطان فانتظروا إني معكم من المنتظرين
7	73	18	1	r~ab~i	رَّبِّ	rab~	N	STEM|POS:N|LEM:rab~|ROOT:rbb|M|GEN	وَإِلَىٰ ثَمُودَ أَخَاهُمْ صَٰلِحًا قَالَ يَٰقَوْمِ ٱعْبُدُوا۟ ٱللَّهَ مَا لَكُم مِّنْ إِلَٰهٍ غَيْرُهُۥ قَدْ جَآءَتْكُم بَيِّنَةٌ مِّن رَّبِّكُمْ هَٰذِهِۦ نَاقَةُ ٱللَّهِ لَكُمْ ءَايَةً فَذَرُوهَا تَأْكُلْ فِىٓ أَرْضِ ٱللَّهِ وَلَا تَمَسُّوهَا بِسُوٓءٍ فَيَأْخُذَكُمْ عَذَابٌ أَلِيمٌ	وإلى ثمود أخاهم صالحا قال يا قوم اعبدوا الله ما لكم من إله غيره قد جاءتكم بينة من ربكم هذه ناقة الله لكم آية فذروها تأكل في أرض الله ولا تمسوها بسوء فيأخذكم عذاب أليم
7	75	17	1	r~ab~i	رَّبِّ	rab~	N	STEM|POS:N|LEM:rab~|ROOT:rbb|M|GEN	قَالَ ٱلْمَلَأُ ٱلَّذِينَ ٱسْتَكْبَرُوا۟ مِن قَوْمِهِۦ لِلَّذِينَ ٱسْتُضْعِفُوا۟ لِمَنْ ءَامَنَ مِنْهُمْ أَتَعْلَمُونَ أَنَّ صَٰلِحًا مُّرْسَلٌ مِّن رَّبِّهِۦ قَالُوٓا۟ إِنَّا بِمَآ أُرْسِلَ بِهِۦ مُؤْمِنُونَ	قال الملأ الذين استكبروا من قومه للذين استضعفوا لمن آمن منهم أتعلمون أن صالحا مرسل من ربه قالوا إنا بما أرسل به مؤمنون
7	77	6	1	rab~i	رَبِّ	rab~	N	STEM|POS:N|LEM:rab~|ROOT:rbb|M|GEN	فَعَقَرُوا۟ ٱلنَّاقَةَ وَعَتَوْا۟ عَنْ أَمْرِ رَبِّهِمْ وَقَالُوا۟ يَٰصَٰلِحُ ٱئْتِنَا بِمَا تَعِدُنَآ إِن كُنتَ مِنَ ٱلْمُرْسَلِينَ	فعقروا الناقة وعتوا عن أمر ربهم وقالوا يا صالح ائتنا بما تعدنا إن كنت من المرسلين
7	79	8	1	rab~i	رَبِّ	rab~	N	STEM|POS:N|LEM:rab~|ROOT:rbb|M|GEN	فَتَوَلَّىٰ عَنْهُمْ وَقَالَ يَٰقَوْمِ لَقَدْ أَبْلَغْتُكُمْ رِسَالَةَ رَبِّى وَنَصَحْتُ لَكُمْ وَلَٰكِن لَّا تُحِبُّونَ ٱلنَّٰصِحِينَ	فتولى عنهم وقال يا قوم لقد أبلغتكم رسالة ربي ونصحت لكم ولكن لا تحبون الناصحين
7	85	18	1	r~ab~i	رَّبِّ	rab~	N	STEM|POS:N|LEM:rab~|ROOT:rbb|M|GEN	وَإِلَىٰ مَدْيَنَ أَخَاهُمْ شُعَيْبًا قَالَ يَٰقَوْمِ ٱعْبُدُوا۟ ٱللَّهَ مَا لَكُم مِّنْ إِلَٰهٍ غَيْرُهُۥ قَدْ جَآءَتْكُم بَيِّنَةٌ مِّن رَّبِّكُمْ فَأَوْفُوا۟ ٱلْكَيْلَ وَٱلْمِيزَانَ وَلَا تَبْخَسُوا۟ ٱلنَّاسَ أَشْيَآءَهُمْ وَلَا تُفْسِدُوا۟ فِى ٱلْأَرْضِ بَعْدَ إِصْلَٰحِهَا ذَٰلِكُمْ خَيْرٌ لَّكُمْ إِن كُنتُم مُّؤْمِنِينَ	وإلى مدين أخاهم شعيبا قال يا قوم اعبدوا الله ما لكم من إله غيره قد جاءتكم بينة من ربكم فأوفوا الكيل والميزان ولا تبخسوا الناس أشياءهم ولا تفسدوا في الأرض بعد إصلاحها ذلكم خير لكم إن كنتم مؤمنين
7	89	25	1	rab~u	رَبُّ	rab~	N	STEM|POS:N|LEM:rab~|ROOT:rbb|M|NOM	قَدِ ٱفْتَرَيْنَا عَلَى ٱللَّهِ كَذِبًا إِنْ عُدْنَا فِى مِلَّتِكُم بَعْدَ إِذْ نَجَّىٰنَا ٱللَّهُ مِنْهَا وَمَا يَكُونُ لَنَآ أَن نَّعُودَ فِيهَآ إِلَّآ أَن يَشَآءَ ٱللَّهُ رَبُّنَا وَسِعَ رَبُّنَا كُلَّ شَىْءٍ عِلْمًا عَلَى ٱللَّهِ تَوَكَّلْنَا رَبَّنَا ٱفْتَحْ بَيْنَنَا وَبَيْنَ قَوْمِنَا بِٱلْحَقِّ وَأَنتَ خَيْرُ ٱلْفَٰتِحِينَ	قد افترينا على الله كذبا إن عدنا في ملتكم بعد إذ نجانا الله منها وما يكون لنا أن نعود فيها إلا أن يشاء الله ربنا وسع ربنا كل شيء علما على الله توكلنا ربنا افتح بيننا وبين قومنا بالحق وأنت خير الفاتحين
7	89	27	1	rab~u	رَبُّ	rab~	N	STEM|POS:N|LEM:rab~|ROOT:rbb|M|NOM	قَدِ ٱفْتَرَيْنَا عَلَى ٱللَّهِ كَذِبًا إِنْ عُدْنَا فِى مِلَّتِكُم بَعْدَ إِذْ نَجَّىٰنَا ٱللَّهُ مِنْهَا وَمَا يَكُونُ لَنَآ أَن نَّعُودَ فِيهَآ إِلَّآ أَن يَشَآءَ ٱللَّهُ رَبُّنَا وَسِعَ رَبُّنَا كُلَّ شَىْءٍ عِلْمًا عَلَى ٱللَّهِ تَوَكَّلْنَا رَبَّنَا ٱفْتَحْ بَيْنَنَا وَبَيْنَ قَوْمِنَا بِٱلْحَقِّ وَأَنتَ خَيْرُ ٱلْفَٰتِحِينَ	قد افترينا على الله كذبا إن عدنا في ملتكم بعد إذ نجانا الله منها وما يكون لنا أن نعود فيها إلا أن يشاء الله ربنا وسع ربنا كل شيء علما على الله توكلنا ربنا افتح بيننا وبين قومنا بالحق وأنت خير الفاتحين
7	89	34	1	rab~a	رَبَّ	rab~	N	STEM|POS:N|LEM:rab~|ROOT:rbb|M|ACC	قَدِ ٱفْتَرَيْنَا عَلَى ٱللَّهِ كَذِبًا إِنْ عُدْنَا فِى مِلَّتِكُم بَعْدَ إِذْ نَجَّىٰنَا ٱللَّهُ مِنْهَا وَمَا يَكُونُ لَنَآ أَن نَّعُودَ فِيهَآ إِلَّآ أَن يَشَآءَ ٱللَّهُ رَبُّنَا وَسِعَ رَبُّنَا كُلَّ شَىْءٍ عِلْمًا عَلَى ٱللَّهِ تَوَكَّلْنَا رَبَّنَا ٱفْتَحْ بَيْنَنَا وَبَيْنَ قَوْمِنَا بِٱلْحَقِّ وَأَنتَ خَيْرُ ٱلْفَٰتِحِينَ	قد افترينا على الله كذبا إن عدنا في ملتكم بعد إذ نجانا الله منها وما يكون لنا أن نعود فيها إلا أن يشاء الله ربنا وسع ربنا كل شيء علما على الله توكلنا ربنا افتح بيننا وبين قومنا بالحق وأنت خير الفاتحين
7	93	8	1	rab~i	رَبِّ	rab~	N	STEM|POS:N|LEM:rab~|ROOT:rbb|M|GEN	فَتَوَلَّىٰ عَنْهُمْ وَقَالَ يَٰقَوْمِ لَقَدْ أَبْلَغْتُكُمْ رِسَٰلَٰتِ رَبِّى وَنَصَحْتُ لَكُمْ فَكَيْفَ ءَاسَىٰ عَلَىٰ قَوْمٍ كَٰفِرِينَ	فتولى عنهم وقال يا قوم لقد أبلغتكم رسالات ربي ونصحت لكم فكيف آسى على قوم كافرين
7	104	7	1	r~ab~i	رَّبِّ	rab~	N	STEM|POS:N|LEM:rab~|ROOT:rbb|M|GEN	وَقَالَ مُوسَىٰ يَٰفِرْعَوْنُ إِنِّى رَسُولٌ مِّن رَّبِّ ٱلْعَٰلَمِينَ	وقال موسى يا فرعون إني رسول من رب العالمين
7	105	14	1	r~ab~i	رَّبِّ	rab~	N	STEM|POS:N|LEM:rab~|ROOT:rbb|M|GEN	حَقِيقٌ عَلَىٰٓ أَن لَّآ أَقُولَ عَلَى ٱللَّهِ إِلَّا ٱلْحَقَّ قَدْ جِئْتُكُم بِبَيِّنَةٍ مِّن رَّبِّكُمْ فَأَرْسِلْ مَعِىَ بَنِىٓ إِسْرَٰٓءِيلَ	حقيق على أن لا أقول على الله إلا الحق قد جئتكم ببينة من ربكم فأرسل معي بني إسرائيل
7	121	3	2	rab~i	رَبِّ	rab~	N	STEM|POS:N|LEM:rab~|ROOT:rbb|M|GEN	قَالُوٓا۟ ءَامَنَّا بِرَبِّ ٱلْعَٰلَمِينَ	قالوا آمنا برب العالمين
7	122	1	1	rab~i	رَبِّ	rab~	N	STEM|POS:N|LEM:rab~|ROOT:rbb|M|GEN	رَبِّ مُوسَىٰ وَهَٰرُونَ	رب موسى وهارون
7	125	4	1	rab~i	رَبِّ	rab~	N	STEM|POS:N|LEM:rab~|ROOT:rbb|M|GEN	قَالُوٓا۟ إِنَّآ إِلَىٰ رَبِّنَا مُنقَلِبُونَ	قالوا إنا إلى ربنا منقلبون
7	126	8	1	rab~i	رَبِّ	rab~	N	STEM|POS:N|LEM:rab~|ROOT:rbb|M|GEN	وَمَا تَنقِمُ مِنَّآ إِلَّآ أَنْ ءَامَنَّا بِـَٔايَٰتِ رَبِّنَا لَمَّا جَآءَتْنَا رَبَّنَآ أَفْرِغْ عَلَيْنَا صَبْرًا وَتَوَفَّنَا مُسْلِمِينَ	وما تنقم منا إلا أن آمنا بآيات ربنا لما جاءتنا ربنا أفرغ علينا صبرا وتوفنا مسلمين
7	126	11	1	rab~a	رَبَّ	rab~	N	STEM|POS:N|LEM:rab~|ROOT:rbb|M|ACC	وَمَا تَنقِمُ مِنَّآ إِلَّآ أَنْ ءَامَنَّا بِـَٔايَٰتِ رَبِّنَا لَمَّا جَآءَتْنَا رَبَّنَآ أَفْرِغْ عَلَيْنَا صَبْرًا وَتَوَفَّنَا مُسْلِمِينَ	وما تنقم منا إلا أن آمنا بآيات ربنا لما جاءتنا ربنا أفرغ علينا صبرا وتوفنا مسلمين
7	129	13	1	rab~u	رَبُّ	rab~	N	STEM|POS:N|LEM:rab~|ROOT:rbb|M|NOM	قَالُوٓا۟ أُوذِينَا مِن قَبْلِ أَن تَأْتِيَنَا وَمِنۢ بَعْدِ مَا جِئْتَنَا قَالَ عَسَىٰ رَبُّكُمْ أَن يُهْلِكَ عَدُوَّكُمْ وَيَسْتَخْلِفَكُمْ فِى ٱلْأَرْضِ فَيَنظُرَ كَيْفَ تَعْمَلُونَ	قالوا أوذينا من قبل أن تأتينا ومن بعد ما جئتنا قال عسى ربكم أن يهلك عدوكم ويستخلفكم في الأرض فينظر كيف تعملون
7	134	9	1	rab~a	رَبَّ	rab~	N	STEM|POS:N|LEM:rab~|ROOT:rbb|M|ACC	وَلَمَّا وَقَعَ عَلَيْهِمُ ٱلرِّجْزُ قَالُوا۟ يَٰمُوسَى ٱدْعُ لَنَا رَبَّكَ بِمَا عَهِدَ عِندَكَ لَئِن كَشَفْتَ عَنَّا ٱلرِّجْزَ لَنُؤْمِنَنَّ لَكَ وَلَنُرْسِلَنَّ مَعَكَ بَنِىٓ إِسْرَٰٓءِيلَ	ولما وقع عليهم الرجز قالوا يا موسى ادع لنا ربك بما عهد عندك لئن كشفت عنا الرجز لنؤمنن لك ولنرسلن معك بني إسرائيل
7	137	14	1	rab~i	رَبِّ	rab~	N	STEM|POS:N|LEM:rab~|ROOT:rbb|M|GEN	وَأَوْرَثْنَا ٱلْقَوْمَ ٱلَّذِينَ كَانُوا۟ يُسْتَضْعَفُونَ مَشَٰرِقَ ٱلْأَرْضِ وَمَغَٰرِبَهَا ٱلَّتِى بَٰرَكْنَا فِيهَا وَتَمَّتْ كَلِمَتُ رَبِّكَ ٱلْحُسْنَىٰ عَلَىٰ بَنِىٓ إِسْرَٰٓءِيلَ بِمَا صَبَرُوا۟ وَدَمَّرْنَا مَا كَانَ يَصْنَعُ فِرْعَوْنُ وَقَوْمُهُۥ وَمَا كَانُوا۟ يَعْرِشُونَ	وأورثنا القوم الذين كانوا يستضعفون مشارق الأرض ومغاربها التي باركنا فيها وتمت كلمت ربك الحسنى على بني إسرائيل بما صبروا ودمرنا ما كان يصنع فرعون وقومه وما كانوا يعرشون
7	141	17	1	r~ab~i	رَّبِّ	rab~	N	STEM|POS:N|LEM:rab~|ROOT:rbb|M|GEN	وَإِذْ أَنجَيْنَٰكُم مِّنْ ءَالِ فِرْعَوْنَ يَسُومُونَكُمْ سُوٓءَ ٱلْعَذَابِ يُقَتِّلُونَ أَبْنَآءَكُمْ وَيَسْتَحْيُونَ نِسَآءَكُمْ وَفِى ذَٰلِكُم بَلَآءٌ مِّن رَّبِّكُمْ عَظِيمٌ	وإذ أنجيناكم من آل فرعون يسومونكم سوء العذاب يقتلون أبناءكم ويستحيون نساءكم وفي ذلكم بلاء من ربكم عظيم
7	142	9	1	rab~i	رَبِّ	rab~	N	STEM|POS:N|LEM:rab~|ROOT:rbb|M|GEN	وَوَٰعَدْنَا مُوسَىٰ ثَلَٰثِينَ لَيْلَةً وَأَتْمَمْنَٰهَا بِعَشْرٍ فَتَمَّ مِيقَٰتُ رَبِّهِۦٓ أَرْبَعِينَ لَيْلَةً وَقَالَ مُوسَىٰ لِأَخِيهِ هَٰرُونَ ٱخْلُفْنِى فِى قَوْمِى وَأَصْلِحْ وَلَا تَتَّبِعْ سَبِيلَ ٱلْمُفْسِدِينَ	وواعدنا موسى ثلاثين ليلة وأتممناها بعشر فتم ميقات ربه أربعين ليلة وقال موسى لأخيه هارون اخلفني في قومي وأصلح ولا تتبع سبيل المفسدين
7	143	6	1	rab~u	رَبُّ	rab~	N	STEM|POS:N|LEM:rab~|ROOT:rbb|M|NOM	وَلَمَّا جَآءَ مُوسَىٰ لِمِيقَٰتِنَا وَكَلَّمَهُۥ رَبُّهُۥ قَالَ رَبِّ أَرِنِىٓ أَنظُرْ إِلَيْكَ قَالَ لَن تَرَىٰنِى وَلَٰكِنِ ٱنظُرْ إِلَى ٱلْجَبَلِ فَإِنِ ٱسْتَقَرَّ مَكَانَهُۥ فَسَوْفَ تَرَىٰنِى فَلَمَّا تَجَلَّىٰ رَبُّهُۥ لِلْجَبَلِ جَعَلَهُۥ دَكًّا وَخَرَّ مُوسَىٰ صَعِقًا فَلَمَّآ أَفَاقَ قَالَ سُبْحَٰنَكَ تُبْتُ إِلَيْكَ وَأَنَا۠ أَوَّلُ ٱلْمُؤْمِنِينَ	ولما جاء موسى لميقاتنا وكلمه ربه قال رب أرني أنظر إليك قال لن تراني ولكن انظر إلى الجبل فإن استقر مكانه فسوف تراني فلما تجلى ربه للجبل جعله دكا وخر موسى صعقا فلما أفاق قال سبحانك تبت إليك وأنا أول المؤمنين
7	143	8	1	rab~i	رَبِّ	rab~	N	STEM|POS:N|LEM:rab~|ROOT:rbb|M|ACC	وَلَمَّا جَآءَ مُوسَىٰ لِمِيقَٰتِنَا وَكَلَّمَهُۥ رَبُّهُۥ قَالَ رَبِّ أَرِنِىٓ أَنظُرْ إِلَيْكَ قَالَ لَن تَرَىٰنِى وَلَٰكِنِ ٱنظُرْ إِلَى ٱلْجَبَلِ فَإِنِ ٱسْتَقَرَّ مَكَانَهُۥ فَسَوْفَ تَرَىٰنِى فَلَمَّا تَجَلَّىٰ رَبُّهُۥ لِلْجَبَلِ جَعَلَهُۥ دَكًّا وَخَرَّ مُوسَىٰ صَعِقًا فَلَمَّآ أَفَاقَ قَالَ سُبْحَٰنَكَ تُبْتُ إِلَيْكَ وَأَنَا۠ أَوَّلُ ٱلْمُؤْمِنِينَ	ولما جاء موسى لميقاتنا وكلمه ربه قال رب أرني أنظر إليك قال لن تراني ولكن انظر إلى الجبل فإن استقر مكانه فسوف تراني فلما تجلى ربه للجبل جعله دكا وخر موسى صعقا فلما أفاق قال سبحانك تبت إليك وأنا أول المؤمنين
7	143	26	1	rab~u	رَبُّ	rab~	N	STEM|POS:N|LEM:rab~|ROOT:rbb|M|NOM	وَلَمَّا جَآءَ مُوسَىٰ لِمِيقَٰتِنَا وَكَلَّمَهُۥ رَبُّهُۥ قَالَ رَبِّ أَرِنِىٓ أَنظُرْ إِلَيْكَ قَالَ لَن تَرَىٰنِى وَلَٰكِنِ ٱنظُرْ إِلَى ٱلْجَبَلِ فَإِنِ ٱسْتَقَرَّ مَكَانَهُۥ فَسَوْفَ تَرَىٰنِى فَلَمَّا تَجَلَّىٰ رَبُّهُۥ لِلْجَبَلِ جَعَلَهُۥ دَكًّا وَخَرَّ مُوسَىٰ صَعِقًا فَلَمَّآ أَفَاقَ قَالَ سُبْحَٰنَكَ تُبْتُ إِلَيْكَ وَأَنَا۠ أَوَّلُ ٱلْمُؤْمِنِينَ	ولما جاء موسى لميقاتنا وكلمه ربه قال رب أرني أنظر إليك قال لن تراني ولكن انظر إلى الجبل فإن استقر مكانه فسوف تراني فلما تجلى ربه للجبل جعله دكا وخر موسى صعقا فلما أفاق قال سبحانك تبت إليك وأنا أول المؤمنين
7	149	13	1	rab~u	رَبُّ	rab~	N	STEM|POS:N|LEM:rab~|ROOT:rbb|M|NOM	وَلَمَّا سُقِطَ فِىٓ أَيْدِيهِمْ وَرَأَوْا۟ أَنَّهُمْ قَدْ ضَلُّوا۟ قَالُوا۟ لَئِن لَّمْ يَرْحَمْنَا رَبُّنَا وَيَغْفِرْ لَنَا لَنَكُونَنَّ مِنَ ٱلْخَٰسِرِينَ	ولما سقط في أيديهم ورأوا أنهم قد ضلوا قالوا لئن لم يرحمنا ربنا ويغفر لنا لنكونن من الخاسرين
7	150	15	1	rab~i	رَبِّ	rab~	N	STEM|POS:N|LEM:rab~|ROOT:rbb|M|GEN	وَلَمَّا رَجَعَ مُوسَىٰٓ إِلَىٰ قَوْمِهِۦ غَضْبَٰنَ أَسِفًا قَالَ بِئْسَمَا خَلَفْتُمُونِى مِنۢ بَعْدِىٓ أَعَجِلْتُمْ أَمْرَ رَبِّكُمْ وَأَلْقَى ٱلْأَلْوَاحَ وَأَخَذَ بِرَأْسِ أَخِيهِ يَجُرُّهُۥٓ إِلَيْهِ قَالَ ٱبْنَ أُمَّ إِنَّ ٱلْقَوْمَ ٱسْتَضْعَفُونِى وَكَادُوا۟ يَقْتُلُونَنِى فَلَا تُشْمِتْ بِىَ ٱلْأَعْدَآءَ وَلَا تَجْعَلْنِى مَعَ ٱلْقَوْمِ ٱلظَّٰلِمِينَ	ولما رجع موسى إلى قومه غضبان أسفا قال بئسما خلفتموني من بعدي أعجلتم أمر ربكم وألقى الألواح وأخذ برأس أخيه يجره إليه قال ابن أم إن القوم استضعفوني وكادوا يقتلونني فلا تشمت بي الأعداء ولا تجعلني مع القوم الظالمين
7	151	2	1	rab~i	رَبِّ	rab~	N	STEM|POS:N|LEM:rab~|ROOT:rbb|M|ACC	قَالَ رَبِّ ٱغْفِرْ لِى وَلِأَخِى وَأَدْخِلْنَا فِى رَحْمَتِكَ وَأَنتَ أَرْحَمُ ٱلرَّٰحِمِينَ	قال رب اغفر لي ولأخي وأدخلنا في رحمتك وأنت أرحم الراحمين
7	152	8	1	r~ab~i	رَّبِّ	rab~	N	STEM|POS:N|LEM:rab~|ROOT:rbb|M|GEN	إِنَّ ٱلَّذِينَ ٱتَّخَذُوا۟ ٱلْعِجْلَ سَيَنَالُهُمْ غَضَبٌ مِّن رَّبِّهِمْ وَذِلَّةٌ فِى ٱلْحَيَوٰةِ ٱلدُّنْيَا وَكَذَٰلِكَ نَجْزِى ٱلْمُفْتَرِينَ	إن الذين اتخذوا العجل سينالهم غضب من ربهم وذلة في الحياة الدنيا وكذلك نجزي المفترين
7	153	10	1	rab~a	رَبَّ	rab~	N	STEM|POS:N|LEM:rab~|ROOT:rbb|M|ACC	وَٱلَّذِينَ عَمِلُوا۟ ٱلسَّيِّـَٔاتِ ثُمَّ تَابُوا۟ مِنۢ بَعْدِهَا وَءَامَنُوٓا۟ إِنَّ رَبَّكَ مِنۢ بَعْدِهَا لَغَفُورٌ رَّحِيمٌ	والذين عملوا السيئات ثم تابوا من بعدها وآمنوا إن ربك من بعدها لغفور رحيم
7	154	14	2	rab~i	رَبِّ	rab~	N	STEM|POS:N|LEM:rab~|ROOT:rbb|M|GEN	وَلَمَّا سَكَتَ عَن مُّوسَى ٱلْغَضَبُ أَخَذَ ٱلْأَلْوَاحَ وَفِى نُسْخَتِهَا هُدًى وَرَحْمَةٌ لِّلَّذِينَ هُمْ لِرَبِّهِمْ يَرْهَبُونَ	ولما سكت عن موسى الغضب أخذ الألواح وفي نسختها هدى ورحمة للذين هم لربهم يرهبون
7	155	11	1	rab~i	رَبِّ	rab~	N	STEM|POS:N|LEM:rab~|ROOT:rbb|M|ACC	وَٱخْتَارَ مُوسَىٰ قَوْمَهُۥ سَبْعِينَ رَجُلًا لِّمِيقَٰتِنَا فَلَمَّآ أَخَذَتْهُمُ ٱلرَّجْفَةُ قَالَ رَبِّ لَوْ شِئْتَ أَهْلَكْتَهُم مِّن قَبْلُ وَإِيَّٰىَ أَتُهْلِكُنَا بِمَا فَعَلَ ٱلسُّفَهَآءُ مِنَّآ إِنْ هِىَ إِلَّا فِتْنَتُكَ تُضِلُّ بِهَا مَن تَشَآءُ وَتَهْدِى مَن تَشَآءُ أَنتَ وَلِيُّنَا فَٱغْفِرْ لَنَا وَٱرْحَمْنَا وَأَنتَ خَيْرُ ٱلْغَٰفِرِينَ	واختار موسى قومه سبعين رجلا لميقاتنا فلما أخذتهم الرجفة قال رب لو شئت أهلكتهم من قبل وإياي أتهلكنا بما فعل السفهاء منا إن هي إلا فتنتك تضل بها من تشاء وتهدي من تشاء أنت ولينا فاغفر لنا وارحمنا وأنت خير الغافرين
7	164	17	1	rab~i	رَبِّ	rab~	N	STEM|POS:N|LEM:rab~|ROOT:rbb|M|GEN	وَإِذْ قَالَتْ أُمَّةٌ مِّنْهُمْ لِمَ تَعِظُونَ قَوْمًا ٱللَّهُ مُهْلِكُهُمْ أَوْ مُعَذِّبُهُمْ عَذَابًا شَدِيدًا قَالُوا۟ مَعْذِرَةً إِلَىٰ رَبِّكُمْ وَلَعَلَّهُمْ يَتَّقُونَ	وإذ قالت أمة منهم لم تعظون قوما الله مهلكهم أو معذبهم عذابا شديدا قالوا معذرة إلى ربكم ولعلهم يتقون
7	167	3	1	rab~u	رَبُّ	rab~	N	STEM|POS:N|LEM:rab~|ROOT:rbb|M|NOM	وَإِذْ تَأَذَّنَ رَبُّكَ لَيَبْعَثَنَّ عَلَيْهِمْ إِلَىٰ يَوْمِ ٱلْقِيَٰمَةِ مَن يَسُومُهُمْ سُوٓءَ ٱلْعَذَابِ إِنَّ رَبَّكَ لَسَرِيعُ ٱلْعِقَابِ وَإِنَّهُۥ لَغَفُورٌ رَّحِيمٌ	وإذ تأذن ربك ليبعثن عليهم إلى يوم القيامة من يسومهم سوء العذاب إن ربك لسريع العقاب وإنه لغفور رحيم
7	167	14	1	rab~a	رَبَّ	rab~	N	STEM|POS:N|LEM:rab~|ROOT:rbb|M|ACC	وَإِذْ تَأَذَّنَ رَبُّكَ لَيَبْعَثَنَّ عَلَيْهِمْ إِلَىٰ يَوْمِ ٱلْقِيَٰمَةِ مَن يَسُومُهُمْ سُوٓءَ ٱلْعَذَابِ إِنَّ رَبَّكَ لَسَرِيعُ ٱلْعِقَابِ وَإِنَّهُۥ لَغَفُورٌ رَّحِيمٌ	وإذ تأذن ربك ليبعثن عليهم إلى يوم القيامة من يسومهم سوء العذاب إن ربك لسريع العقاب وإنه لغفور رحيم
7	172	3	1	rab~u	رَبُّ	rab~	N	STEM|POS:N|LEM:rab~|ROOT:rbb|M|NOM	وَإِذْ أَخَذَ رَبُّكَ مِنۢ بَنِىٓ ءَادَمَ مِن ظُهُورِهِمْ ذُرِّيَّتَهُمْ وَأَشْهَدَهُمْ عَلَىٰٓ أَنفُسِهِمْ أَلَسْتُ بِرَبِّكُمْ قَالُوا۟ بَلَىٰ شَهِدْنَآ أَن تَقُولُوا۟ يَوْمَ ٱلْقِيَٰمَةِ إِنَّا كُنَّا عَنْ هَٰذَا غَٰفِلِينَ	وإذ أخذ ربك من بني آدم من ظهورهم ذريتهم وأشهدهم على أنفسهم ألست بربكم قالوا بلى شهدنا أن تقولوا يوم القيامة إنا كنا عن هذا غافلين
7	172	14	2	rab~i	رَبِّ	rab~	N	STEM|POS:N|LEM:rab~|ROOT:rbb|M|GEN	وَإِذْ أَخَذَ رَبُّكَ مِنۢ بَنِىٓ ءَادَمَ مِن ظُهُورِهِمْ ذُرِّيَّتَهُمْ وَأَشْهَدَهُمْ عَلَىٰٓ أَنفُسِهِمْ أَلَسْتُ بِرَبِّكُمْ قَالُوا۟ بَلَىٰ شَهِدْنَآ أَن تَقُولُوا۟ يَوْمَ ٱلْقِيَٰمَةِ إِنَّا كُنَّا عَنْ هَٰذَا غَٰفِلِينَ	وإذ أخذ ربك من بني آدم من ظهورهم ذريتهم وأشهدهم على أنفسهم ألست بربكم قالوا بلى شهدنا أن تقولوا يوم القيامة إنا كنا عن هذا غافلين
7	187	10	1	rab~i	رَبِّ	rab~	N	STEM|POS:N|LEM:rab~|ROOT:rbb|M|GEN	يَسْـَٔلُونَكَ عَنِ ٱلسَّاعَةِ أَيَّانَ مُرْسَىٰهَا قُلْ إِنَّمَا عِلْمُهَا عِندَ رَبِّى لَا يُجَلِّيهَا لِوَقْتِهَآ إِلَّا هُوَ ثَقُلَتْ فِى ٱلسَّمَٰوَٰتِ وَٱلْأَرْضِ لَا تَأْتِيكُمْ إِلَّا بَغْتَةً يَسْـَٔلُونَكَ كَأَنَّكَ حَفِىٌّ عَنْهَا قُلْ إِنَّمَا عِلْمُهَا عِندَ ٱللَّهِ وَلَٰكِنَّ أَكْثَرَ ٱلنَّاسِ لَا يَعْلَمُونَ	يسألونك عن الساعة أيان مرساها قل إنما علمها عند ربي لا يجليها لوقتها إلا هو ثقلت في السماوات والأرض لا تأتيكم إلا بغتة يسألونك كأنك حفي عنها قل إنما علمها عند الله ولكن أكثر الناس لا يعلمون
7	189	23	1	rab~a	رَبَّ	rab~	N	STEM|POS:N|LEM:rab~|ROOT:rbb|M|ACC	هُوَ ٱلَّذِى خَلَقَكُم مِّن نَّفْسٍ وَٰحِدَةٍ وَجَعَلَ مِنْهَا زَوْجَهَا لِيَسْكُنَ إِلَيْهَا فَلَمَّا تَغَشَّىٰهَا حَمَلَتْ حَمْلًا خَفِيفًا فَمَرَّتْ بِهِۦ فَلَمَّآ أَثْقَلَت دَّعَوَا ٱللَّهَ رَبَّهُمَا لَئِنْ ءَاتَيْتَنَا صَٰلِحًا لَّنَكُونَنَّ مِنَ ٱلشَّٰكِرِينَ	هو الذي خلقكم من نفس واحدة وجعل منها زوجها ليسكن إليها فلما تغشاها حملت حملا خفيفا فمرت به فلما أثقلت دعوا الله ربهما لئن آتيتنا صالحا لنكونن من الشاكرين
7	203	15	1	r~ab~i	رَّبِّ	rab~	N	STEM|POS:N|LEM:rab~|ROOT:rbb|M|GEN	وَإِذَا لَمْ تَأْتِهِم بِـَٔايَةٍ قَالُوا۟ لَوْلَا ٱجْتَبَيْتَهَا قُلْ إِنَّمَآ أَتَّبِعُ مَا يُوحَىٰٓ إِلَىَّ مِن رَّبِّى هَٰذَا بَصَآئِرُ مِن رَّبِّكُمْ وَهُدًى وَرَحْمَةٌ لِّقَوْمٍ يُؤْمِنُونَ	وإذا لم تأتهم بآية قالوا لولا اجتبيتها قل إنما أتبع ما يوحى إلي من ربي هذا بصائر من ربكم وهدى ورحمة لقوم يؤمنون
7	203	19	1	r~ab~i	رَّبِّ	rab~	N	STEM|POS:N|LEM:rab~|ROOT:rbb|M|GEN	وَإِذَا لَمْ تَأْتِهِم بِـَٔايَةٍ قَالُوا۟ لَوْلَا ٱجْتَبَيْتَهَا قُلْ إِنَّمَآ أَتَّبِعُ مَا يُوحَىٰٓ إِلَىَّ مِن رَّبِّى هَٰذَا بَصَآئِرُ مِن رَّبِّكُمْ وَهُدًى وَرَحْمَةٌ لِّقَوْمٍ يُؤْمِنُونَ	وإذا لم تأتهم بآية قالوا لولا اجتبيتها قل إنما أتبع ما يوحى إلي من ربي هذا بصائر من ربكم وهدى ورحمة لقوم يؤمنون
7	205	2	1	r~ab~a	رَّبَّ	rab~	N	STEM|POS:N|LEM:rab~|ROOT:rbb|M|ACC	وَٱذْكُر رَّبَّكَ فِى نَفْسِكَ تَضَرُّعًا وَخِيفَةً وَدُونَ ٱلْجَهْرِ مِنَ ٱلْقَوْلِ بِٱلْغُدُوِّ وَٱلْـَٔاصَالِ وَلَا تَكُن مِّنَ ٱلْغَٰفِلِينَ	واذكر ربك في نفسك تضرعا وخيفة ودون الجهر من القول بالغدو والآصال ولا تكن من الغافلين
7	206	4	1	rab~i	رَبِّ	rab~	N	STEM|POS:N|LEM:rab~|ROOT:rbb|M|GEN	إِنَّ ٱلَّذِينَ عِندَ رَبِّكَ لَا يَسْتَكْبِرُونَ عَنْ عِبَادَتِهِۦ وَيُسَبِّحُونَهُۥ وَلَهُۥ يَسْجُدُونَ	إن الذين عند ربك لا يستكبرون عن عبادته ويسبحونه وله يسجدون
8	2	16	1	rab~i	رَبِّ	rab~	N	STEM|POS:N|LEM:rab~|ROOT:rbb|M|GEN	إِنَّمَا ٱلْمُؤْمِنُونَ ٱلَّذِينَ إِذَا ذُكِرَ ٱللَّهُ وَجِلَتْ قُلُوبُهُمْ وَإِذَا تُلِيَتْ عَلَيْهِمْ ءَايَٰتُهُۥ زَادَتْهُمْ إِيمَٰنًا وَعَلَىٰ رَبِّهِمْ يَتَوَكَّلُونَ	إنما المؤمنون الذين إذا ذكر الله وجلت قلوبهم وإذا تليت عليهم آياته زادتهم إيمانا وعلى ربهم يتوكلون
8	4	8	1	rab~i	رَبِّ	rab~	N	STEM|POS:N|LEM:rab~|ROOT:rbb|M|GEN	أُو۟لَٰٓئِكَ هُمُ ٱلْمُؤْمِنُونَ حَقًّا لَّهُمْ دَرَجَٰتٌ عِندَ رَبِّهِمْ وَمَغْفِرَةٌ وَرِزْقٌ كَرِيمٌ	أولئك هم المؤمنون حقا لهم درجات عند ربهم ومغفرة ورزق كريم
8	5	3	1	rab~u	رَبُّ	rab~	N	STEM|POS:N|LEM:rab~|ROOT:rbb|M|NOM	كَمَآ أَخْرَجَكَ رَبُّكَ مِنۢ بَيْتِكَ بِٱلْحَقِّ وَإِنَّ فَرِيقًا مِّنَ ٱلْمُؤْمِنِينَ لَكَٰرِهُونَ	كما أخرجك ربك من بيتك بالحق وإن فريقا من المؤمنين لكارهون
8	9	3	1	rab~a	رَبَّ	rab~	N	STEM|POS:N|LEM:rab~|ROOT:rbb|M|ACC	إِذْ تَسْتَغِيثُونَ رَبَّكُمْ فَٱسْتَجَابَ لَكُمْ أَنِّى مُمِدُّكُم بِأَلْفٍ مِّنَ ٱلْمَلَٰٓئِكَةِ مُرْدِفِينَ	إذ تستغيثون ربكم فاستجاب لكم أني ممدكم بألف من الملائكة مردفين
8	12	3	1	rab~u	رَبُّ	rab~	N	STEM|POS:N|LEM:rab~|ROOT:rbb|M|NOM	إِذْ يُوحِى رَبُّكَ إِلَى ٱلْمَلَٰٓئِكَةِ أَنِّى مَعَكُمْ فَثَبِّتُوا۟ ٱلَّذِينَ ءَامَنُوا۟ سَأُلْقِى فِى قُلُوبِ ٱلَّذِينَ كَفَرُوا۟ ٱلرُّعْبَ فَٱضْرِبُوا۟ فَوْقَ ٱلْأَعْنَاقِ وَٱضْرِبُوا۟ مِنْهُمْ كُلَّ بَنَانٍ	إذ يوحي ربك إلى الملائكة أني معكم فثبتوا الذين آمنوا سألقي في قلوب الذين كفروا الرعب فاضربوا فوق الأعناق واضربوا منهم كل بنان
8	54	9	1	rab~i	رَبِّ	rab~	N	STEM|POS:N|LEM:rab~|ROOT:rbb|M|GEN	كَدَأْبِ ءَالِ فِرْعَوْنَ وَٱلَّذِينَ مِن قَبْلِهِمْ كَذَّبُوا۟ بِـَٔايَٰتِ رَبِّهِمْ فَأَهْلَكْنَٰهُم بِذُنُوبِهِمْ وَأَغْرَقْنَآ ءَالَ فِرْعَوْنَ وَكُلٌّ كَانُوا۟ ظَٰلِمِينَ	كدأب آل فرعون والذين من قبلهم كذبوا بآيات ربهم فأهلكناهم بذنوبهم وأغرقنا آل فرعون وكل كانوا ظالمين
9	21	2	1	rab~u	رَبُّ	rab~	N	STEM|POS:N|LEM:rab~|ROOT:rbb|M|NOM	يُبَشِّرُهُمْ رَبُّهُم بِرَحْمَةٍ مِّنْهُ وَرِضْوَٰنٍ وَجَنَّٰتٍ لَّهُمْ فِيهَا نَعِيمٌ مُّقِيمٌ	يبشرهم ربهم برحمة منه ورضوان وجنات لهم فيها نعيم مقيم
9	31	4	1	>arobaAbFA	أَرْبَابًا	rab~	N	STEM|POS:N|LEM:rab~|ROOT:rbb|MP|INDEF|ACC	ٱتَّخَذُوٓا۟ أَحْبَارَهُمْ وَرُهْبَٰنَهُمْ أَرْبَابًا مِّن دُونِ ٱللَّهِ وَٱلْمَسِيحَ ٱبْنَ مَرْيَمَ وَمَآ أُمِرُوٓا۟ إِلَّا لِيَعْبُدُوٓا۟ إِلَٰهًا وَٰحِدًا لَّآ إِلَٰهَ إِلَّا هُوَ سُبْحَٰنَهُۥ عَمَّا يُشْرِكُونَ	اتخذوا أحبارهم ورهبانهم أربابا من دون الله والمسيح ابن مريم وما أمروا إلا ليعبدوا إلها واحدا لا إله إلا هو سبحانه عما يشركون
9	129	13	1	rab~u	رَبُّ	rab~	N	STEM|POS:N|LEM:rab~|ROOT:rbb|M|NOM	فَإِن تَوَلَّوْا۟ فَقُلْ حَسْبِىَ ٱللَّهُ لَآ إِلَٰهَ إِلَّا هُوَ عَلَيْهِ تَوَكَّلْتُ وَهُوَ رَبُّ ٱلْعَرْشِ ٱلْعَظِيمِ	فإن تولوا فقل حسبي الله لا إله إلا هو عليه توكلت وهو رب العرش العظيم
10	2	20	1	rab~i	رَبِّ	rab~	N	STEM|POS:N|LEM:rab~|ROOT:rbb|M|GEN	أَكَانَ لِلنَّاسِ عَجَبًا أَنْ أَوْحَيْنَآ إِلَىٰ رَجُلٍ مِّنْهُمْ أَنْ أَنذِرِ ٱلنَّاسَ وَبَشِّرِ ٱلَّذِينَ ءَامَنُوٓا۟ أَنَّ لَهُمْ قَدَمَ صِدْقٍ عِندَ رَبِّهِمْ قَالَ ٱلْكَٰفِرُونَ إِنَّ هَٰذَا لَسَٰحِرٌ مُّبِينٌ	أكان للناس عجبا أن أوحينا إلى رجل منهم أن أنذر الناس وبشر الذين آمنوا أن لهم قدم صدق عند ربهم قال الكافرون إن هذا لساحر مبين
10	3	2	1	rab~a	رَبَّ	rab~	N	STEM|POS:N|LEM:rab~|ROOT:rbb|M|ACC	إِنَّ رَبَّكُمُ ٱللَّهُ ٱلَّذِى خَلَقَ ٱلسَّمَٰوَٰتِ وَٱلْأَرْضَ فِى سِتَّةِ أَيَّامٍ ثُمَّ ٱسْتَوَىٰ عَلَى ٱلْعَرْشِ يُدَبِّرُ ٱلْأَمْرَ مَا مِن شَفِيعٍ إِلَّا مِنۢ بَعْدِ إِذْنِهِۦ ذَٰلِكُمُ ٱللَّهُ رَبُّكُمْ فَٱعْبُدُوهُ أَفَلَا تَذَكَّرُونَ	إن ربكم الله الذي خلق السماوات والأرض في ستة أيام ثم استوى على العرش يدبر الأمر ما من شفيع إلا من بعد إذنه ذلكم الله ربكم فاعبدوه أفلا تذكرون
10	3	26	1	rab~u	رَبُّ	rab~	N	STEM|POS:N|LEM:rab~|ROOT:rbb|M|NOM	إِنَّ رَبَّكُمُ ٱللَّهُ ٱلَّذِى خَلَقَ ٱلسَّمَٰوَٰتِ وَٱلْأَرْضَ فِى سِتَّةِ أَيَّامٍ ثُمَّ ٱسْتَوَىٰ عَلَى ٱلْعَرْشِ يُدَبِّرُ ٱلْأَمْرَ مَا مِن شَفِيعٍ إِلَّا مِنۢ بَعْدِ إِذْنِهِۦ ذَٰلِكُمُ ٱللَّهُ رَبُّكُمْ فَٱعْبُدُوهُ أَفَلَا تَذَكَّرُونَ	إن ربكم الله الذي خلق السماوات والأرض في ستة أيام ثم استوى على العرش يدبر الأمر ما من شفيع إلا من بعد إذنه ذلكم الله ربكم فاعبدوه أفلا تذكرون
10	9	7	1	rab~u	رَبُّ	rab~	N	STEM|POS:N|LEM:rab~|ROOT:rbb|M|NOM	إِنَّ ٱلَّذِينَ ءَامَنُوا۟ وَعَمِلُوا۟ ٱلصَّٰلِحَٰتِ يَهْدِيهِمْ رَبُّهُم بِإِيمَٰنِهِمْ تَجْرِى مِن تَحْتِهِمُ ٱلْأَنْهَٰرُ فِى جَنَّٰتِ ٱلنَّعِيمِ	إن الذين آمنوا وعملوا الصالحات يهديهم ربهم بإيمانهم تجري من تحتهم الأنهار في جنات النعيم
10	10	13	1	rab~i	رَبِّ	rab~	N	STEM|POS:N|LEM:rab~|ROOT:rbb|M|GEN	دَعْوَىٰهُمْ فِيهَا سُبْحَٰنَكَ ٱللَّهُمَّ وَتَحِيَّتُهُمْ فِيهَا سَلَٰمٌ وَءَاخِرُ دَعْوَىٰهُمْ أَنِ ٱلْحَمْدُ لِلَّهِ رَبِّ ٱلْعَٰلَمِينَ	دعواهم فيها سبحانك اللهم وتحيتهم فيها سلام وآخر دعواهم أن الحمد لله رب العالمين
10	15	36	1	rab~i	رَبِّ	rab~	N	STEM|POS:N|LEM:rab~|ROOT:rbb|M|NOM	وَإِذَا تُتْلَىٰ عَلَيْهِمْ ءَايَاتُنَا بَيِّنَٰتٍ قَالَ ٱلَّذِينَ لَا يَرْجُونَ لِقَآءَنَا ٱئْتِ بِقُرْءَانٍ غَيْرِ هَٰذَآ أَوْ بَدِّلْهُ قُلْ مَا يَكُونُ لِىٓ أَنْ أُبَدِّلَهُۥ مِن تِلْقَآئِ نَفْسِىٓ إِنْ أَتَّبِعُ إِلَّا مَا يُوحَىٰٓ إِلَىَّ إِنِّىٓ أَخَافُ إِنْ عَصَيْتُ رَبِّى عَذَابَ يَوْمٍ عَظِيمٍ	وإذا تتلى عليهم آياتنا بينات قال الذين لا يرجون لقاءنا ائت بقرآن غير هذا أو بدله قل ما يكون لي أن أبدله من تلقاء نفسي إن أتبع إلا ما يوحى إلي إني أخاف إن عصيت ربي عذاب يوم عظيم
10	19	12	1	r~ab~i	رَّبِّ	rab~	N	STEM|POS:N|LEM:rab~|ROOT:rbb|M|GEN	وَمَا كَانَ ٱلنَّاسُ إِلَّآ أُمَّةً وَٰحِدَةً فَٱخْتَلَفُوا۟ وَلَوْلَا كَلِمَةٌ سَبَقَتْ مِن رَّبِّكَ لَقُضِىَ بَيْنَهُمْ فِيمَا فِيهِ يَخْتَلِفُونَ	وما كان الناس إلا أمة واحدة فاختلفوا ولولا كلمة سبقت من ربك لقضي بينهم فيما فيه يختلفون
10	20	7	1	r~ab~i	رَّبِّ	rab~	N	STEM|POS:N|LEM:rab~|ROOT:rbb|M|GEN	وَيَقُولُونَ لَوْلَآ أُنزِلَ عَلَيْهِ ءَايَةٌ مِّن رَّبِّهِۦ فَقُلْ إِنَّمَا ٱلْغَيْبُ لِلَّهِ فَٱنتَظِرُوٓا۟ إِنِّى مَعَكُم مِّنَ ٱلْمُنتَظِرِينَ	ويقولون لولا أنزل عليه آية من ربه فقل إنما الغيب لله فانتظروا إني معكم من المنتظرين
10	32	3	1	rab~u	رَبُّ	rab~	N	STEM|POS:N|LEM:rab~|ROOT:rbb|M|NOM	فَذَٰلِكُمُ ٱللَّهُ رَبُّكُمُ ٱلْحَقُّ فَمَاذَا بَعْدَ ٱلْحَقِّ إِلَّا ٱلضَّلَٰلُ فَأَنَّىٰ تُصْرَفُونَ	فذلكم الله ربكم الحق فماذا بعد الحق إلا الضلال فأنى تصرفون
10	33	4	1	rab~i	رَبِّ	rab~	N	STEM|POS:N|LEM:rab~|ROOT:rbb|M|GEN	كَذَٰلِكَ حَقَّتْ كَلِمَتُ رَبِّكَ عَلَى ٱلَّذِينَ فَسَقُوٓا۟ أَنَّهُمْ لَا يُؤْمِنُونَ	كذلك حقت كلمت ربك على الذين فسقوا أنهم لا يؤمنون
10	37	21	1	r~ab~i	رَّبِّ	rab~	N	STEM|POS:N|LEM:rab~|ROOT:rbb|M|GEN	وَمَا كَانَ هَٰذَا ٱلْقُرْءَانُ أَن يُفْتَرَىٰ مِن دُونِ ٱللَّهِ وَلَٰكِن تَصْدِيقَ ٱلَّذِى بَيْنَ يَدَيْهِ وَتَفْصِيلَ ٱلْكِتَٰبِ لَا رَيْبَ فِيهِ مِن رَّبِّ ٱلْعَٰلَمِينَ	وما كان هذا القرآن أن يفترى من دون الله ولكن تصديق الذي بين يديه وتفصيل الكتاب لا ريب فيه من رب العالمين
10	40	10	2	rab~u	رَبُّ	rab~	N	STEM|POS:N|LEM:rab~|ROOT:rbb|M|NOM	وَمِنْهُم مَّن يُؤْمِنُ بِهِۦ وَمِنْهُم مَّن لَّا يُؤْمِنُ بِهِۦ وَرَبُّكَ أَعْلَمُ بِٱلْمُفْسِدِينَ	ومنهم من يؤمن به ومنهم من لا يؤمن به وربك أعلم بالمفسدين
10	53	6	2	rab~i	رَبِّ	rab~	N	STEM|POS:N|LEM:rab~|ROOT:rbb|M|NOM	وَيَسْتَنۢبِـُٔونَكَ أَحَقٌّ هُوَ قُلْ إِى وَرَبِّىٓ إِنَّهُۥ لَحَقٌّ وَمَآ أَنتُم بِمُعْجِزِينَ	ويستنبئونك أحق هو قل إي وربي إنه لحق وما أنتم بمعجزين
10	57	7	1	r~ab~i	رَّبِّ	rab~	N	STEM|POS:N|LEM:rab~|ROOT:rbb|M|GEN	يَٰٓأَيُّهَا ٱلنَّاسُ قَدْ جَآءَتْكُم مَّوْعِظَةٌ مِّن رَّبِّكُمْ وَشِفَآءٌ لِّمَا فِى ٱلصُّدُورِ وَهُدًى وَرَحْمَةٌ لِّلْمُؤْمِنِينَ	يا أيها الناس قد جاءتكم موعظة من ربكم وشفاء لما في الصدور وهدى ورحمة للمؤمنين
10	61	24	1	r~ab~i	رَّبِّ	rab~	N	STEM|POS:N|LEM:rab~|ROOT:rbb|M|GEN	وَمَا تَكُونُ فِى شَأْنٍ وَمَا تَتْلُوا۟ مِنْهُ مِن قُرْءَانٍ وَلَا تَعْمَلُونَ مِنْ عَمَلٍ إِلَّا كُنَّا عَلَيْكُمْ شُهُودًا إِذْ تُفِيضُونَ فِيهِ وَمَا يَعْزُبُ عَن رَّبِّكَ مِن مِّثْقَالِ ذَرَّةٍ فِى ٱلْأَرْضِ وَلَا فِى ٱلسَّمَآءِ وَلَآ أَصْغَرَ مِن ذَٰلِكَ وَلَآ أَكْبَرَ إِلَّا فِى كِتَٰبٍ مُّبِينٍ	وما تكون في شأن وما تتلو منه من قرآن ولا تعملون من عمل إلا كنا عليكم شهودا إذ تفيضون فيه وما يعزب عن ربك من مثقال ذرة في الأرض ولا في السماء ولا أصغر من ذلك ولا أكبر إلا في كتاب مبين
10	85	5	1	rab~a	رَبَّ	rab~	N	STEM|POS:N|LEM:rab~|ROOT:rbb|M|ACC	فَقَالُوا۟ عَلَى ٱللَّهِ تَوَكَّلْنَا رَبَّنَا لَا تَجْعَلْنَا فِتْنَةً لِّلْقَوْمِ ٱلظَّٰلِمِينَ	فقالوا على الله توكلنا ربنا لا تجعلنا فتنة للقوم الظالمين
10	88	3	1	rab~a	رَبَّ	rab~	N	STEM|POS:N|LEM:rab~|ROOT:rbb|M|ACC	وَقَالَ مُوسَىٰ رَبَّنَآ إِنَّكَ ءَاتَيْتَ فِرْعَوْنَ وَمَلَأَهُۥ زِينَةً وَأَمْوَٰلًا فِى ٱلْحَيَوٰةِ ٱلدُّنْيَا رَبَّنَا لِيُضِلُّوا۟ عَن سَبِيلِكَ رَبَّنَا ٱطْمِسْ عَلَىٰٓ أَمْوَٰلِهِمْ وَٱشْدُدْ عَلَىٰ قُلُوبِهِمْ فَلَا يُؤْمِنُوا۟ حَتَّىٰ يَرَوُا۟ ٱلْعَذَابَ ٱلْأَلِيمَ	وقال موسى ربنا إنك آتيت فرعون وملأه زينة وأموالا في الحياة الدنيا ربنا ليضلوا عن سبيلك ربنا اطمس على أموالهم واشدد على قلوبهم فلا يؤمنوا حتى يروا العذاب الأليم
10	88	13	1	rab~a	رَبَّ	rab~	N	STEM|POS:N|LEM:rab~|ROOT:rbb|M|ACC	وَقَالَ مُوسَىٰ رَبَّنَآ إِنَّكَ ءَاتَيْتَ فِرْعَوْنَ وَمَلَأَهُۥ زِينَةً وَأَمْوَٰلًا فِى ٱلْحَيَوٰةِ ٱلدُّنْيَا رَبَّنَا لِيُضِلُّوا۟ عَن سَبِيلِكَ رَبَّنَا ٱطْمِسْ عَلَىٰٓ أَمْوَٰلِهِمْ وَٱشْدُدْ عَلَىٰ قُلُوبِهِمْ فَلَا يُؤْمِنُوا۟ حَتَّىٰ يَرَوُا۟ ٱلْعَذَابَ ٱلْأَلِيمَ	وقال موسى ربنا إنك آتيت فرعون وملأه زينة وأموالا في الحياة الدنيا ربنا ليضلوا عن سبيلك ربنا اطمس على أموالهم واشدد على قلوبهم فلا يؤمنوا حتى يروا العذاب الأليم
10	88	17	1	rab~a	رَبَّ	rab~	N	STEM|POS:N|LEM:rab~|ROOT:rbb|M|ACC	وَقَالَ مُوسَىٰ رَبَّنَآ إِنَّكَ ءَاتَيْتَ فِرْعَوْنَ وَمَلَأَهُۥ زِينَةً وَأَمْوَٰلًا فِى ٱلْحَيَوٰةِ ٱلدُّنْيَا رَبَّنَا لِيُضِلُّوا۟ عَن سَبِيلِكَ رَبَّنَا ٱطْمِسْ عَلَىٰٓ أَمْوَٰلِهِمْ وَٱشْدُدْ عَلَىٰ قُلُوبِهِمْ فَلَا يُؤْمِنُوا۟ حَتَّىٰ يَرَوُا۟ ٱلْعَذَابَ ٱلْأَلِيمَ	وقال موسى ربنا إنك آتيت فرعون وملأه زينة وأموالا في الحياة الدنيا ربنا ليضلوا عن سبيلك ربنا اطمس على أموالهم واشدد على قلوبهم فلا يؤمنوا حتى يروا العذاب الأليم
10	93	16	1	rab~a	رَبَّ	rab~	N	STEM|POS:N|LEM:rab~|ROOT:rbb|M|ACC	وَلَقَدْ بَوَّأْنَا بَنِىٓ إِسْرَٰٓءِيلَ مُبَوَّأَ صِدْقٍ وَرَزَقْنَٰهُم مِّنَ ٱلطَّيِّبَٰتِ فَمَا ٱخْتَلَفُوا۟ حَتَّىٰ جَآءَهُمُ ٱلْعِلْمُ إِنَّ رَبَّكَ يَقْضِى بَيْنَهُمْ يَوْمَ ٱلْقِيَٰمَةِ فِيمَا كَانُوا۟ فِيهِ يَخْتَلِفُونَ	ولقد بوأنا بني إسرائيل مبوأ صدق ورزقناهم من الطيبات فما اختلفوا حتى جاءهم العلم إن ربك يقضي بينهم يوم القيامة فيما كانوا فيه يختلفون
10	94	18	1	r~ab~i	رَّبِّ	rab~	N	STEM|POS:N|LEM:rab~|ROOT:rbb|M|GEN	فَإِن كُنتَ فِى شَكٍّ مِّمَّآ أَنزَلْنَآ إِلَيْكَ فَسْـَٔلِ ٱلَّذِينَ يَقْرَءُونَ ٱلْكِتَٰبَ مِن قَبْلِكَ لَقَدْ جَآءَكَ ٱلْحَقُّ مِن رَّبِّكَ فَلَا تَكُونَنَّ مِنَ ٱلْمُمْتَرِينَ	فإن كنت في شك مما أنزلنا إليك فاسأل الذين يقرءون الكتاب من قبلك لقد جاءك الحق من ربك فلا تكونن من الممترين
10	96	6	1	rab~i	رَبِّ	rab~	N	STEM|POS:N|LEM:rab~|ROOT:rbb|M|GEN	إِنَّ ٱلَّذِينَ حَقَّتْ عَلَيْهِمْ كَلِمَتُ رَبِّكَ لَا يُؤْمِنُونَ	إن الذين حقت عليهم كلمت ربك لا يؤمنون
10	99	3	1	rab~u	رَبُّ	rab~	N	STEM|POS:N|LEM:rab~|ROOT:rbb|M|NOM	وَلَوْ شَآءَ رَبُّكَ لَـَٔامَنَ مَن فِى ٱلْأَرْضِ كُلُّهُمْ جَمِيعًا أَفَأَنتَ تُكْرِهُ ٱلنَّاسَ حَتَّىٰ يَكُونُوا۟ مُؤْمِنِينَ	ولو شاء ربك لآمن من في الأرض كلهم جميعا أفأنت تكره الناس حتى يكونوا مؤمنين
10	108	8	1	r~ab~i	رَّبِّ	rab~	N	STEM|POS:N|LEM:rab~|ROOT:rbb|M|GEN	قُلْ يَٰٓأَيُّهَا ٱلنَّاسُ قَدْ جَآءَكُمُ ٱلْحَقُّ مِن رَّبِّكُمْ فَمَنِ ٱهْتَدَىٰ فَإِنَّمَا يَهْتَدِى لِنَفْسِهِۦ وَمَن ضَلَّ فَإِنَّمَا يَضِلُّ عَلَيْهَا وَمَآ أَنَا۠ عَلَيْكُم بِوَكِيلٍ	قل يا أيها الناس قد جاءكم الحق من ربكم فمن اهتدى فإنما يهتدي لنفسه ومن ضل فإنما يضل عليها وما أنا عليكم بوكيل
11	3	3	1	rab~a	رَبَّ	rab~	N	STEM|POS:N|LEM:rab~|ROOT:rbb|M|ACC	وَأَنِ ٱسْتَغْفِرُوا۟ رَبَّكُمْ ثُمَّ تُوبُوٓا۟ إِلَيْهِ يُمَتِّعْكُم مَّتَٰعًا حَسَنًا إِلَىٰٓ أَجَلٍ مُّسَمًّى وَيُؤْتِ كُلَّ ذِى فَضْلٍ فَضْلَهُۥ وَإِن تَوَلَّوْا۟ فَإِنِّىٓ أَخَافُ عَلَيْكُمْ عَذَابَ يَوْمٍ كَبِيرٍ	وأن استغفروا ربكم ثم توبوا إليه يمتعكم متاعا حسنا إلى أجل مسمى ويؤت كل ذي فضل فضله وإن تولوا فإني أخاف عليكم عذاب يوم كبير
11	17	6	1	r~ab~i	رَّبِّ	rab~	N	STEM|POS:N|LEM:rab~|ROOT:rbb|M|GEN	أَفَمَن كَانَ عَلَىٰ بَيِّنَةٍ مِّن رَّبِّهِۦ وَيَتْلُوهُ شَاهِدٌ مِّنْهُ وَمِن قَبْلِهِۦ كِتَٰبُ مُوسَىٰٓ إِمَامًا وَرَحْمَةً أُو۟لَٰٓئِكَ يُؤْمِنُونَ بِهِۦ وَمَن يَكْفُرْ بِهِۦ مِنَ ٱلْأَحْزَابِ فَٱلنَّارُ مَوْعِدُهُۥ فَلَا تَكُ فِى مِرْيَةٍ مِّنْهُ إِنَّهُ ٱلْحَقُّ مِن رَّبِّكَ وَلَٰكِنَّ أَكْثَرَ ٱلنَّاسِ لَا يُؤْمِنُونَ	أفمن كان على بينة من ربه ويتلوه شاهد منه ومن قبله كتاب موسى إماما ورحمة أولئك يؤمنون به ومن يكفر به من الأحزاب فالنار موعده فلا تك في مرية منه إنه الحق من ربك ولكن أكثر الناس لا يؤمنون
11	17	34	1	r~ab~i	رَّبِّ	rab~	N	STEM|POS:N|LEM:rab~|ROOT:rbb|M|GEN	أَفَمَن كَانَ عَلَىٰ بَيِّنَةٍ مِّن رَّبِّهِۦ وَيَتْلُوهُ شَاهِدٌ مِّنْهُ وَمِن قَبْلِهِۦ كِتَٰبُ مُوسَىٰٓ إِمَامًا وَرَحْمَةً أُو۟لَٰٓئِكَ يُؤْمِنُونَ بِهِۦ وَمَن يَكْفُرْ بِهِۦ مِنَ ٱلْأَحْزَابِ فَٱلنَّارُ مَوْعِدُهُۥ فَلَا تَكُ فِى مِرْيَةٍ مِّنْهُ إِنَّهُ ٱلْحَقُّ مِن رَّبِّكَ وَلَٰكِنَّ أَكْثَرَ ٱلنَّاسِ لَا يُؤْمِنُونَ	أفمن كان على بينة من ربه ويتلوه شاهد منه ومن قبله كتاب موسى إماما ورحمة أولئك يؤمنون به ومن يكفر به من الأحزاب فالنار موعده فلا تك في مرية منه إنه الحق من ربك ولكن أكثر الناس لا يؤمنون
11	18	11	1	rab~i	رَبِّ	rab~	N	STEM|POS:N|LEM:rab~|ROOT:rbb|M|GEN	وَمَنْ أَظْلَمُ مِمَّنِ ٱفْتَرَىٰ عَلَى ٱللَّهِ كَذِبًا أُو۟لَٰٓئِكَ يُعْرَضُونَ عَلَىٰ رَبِّهِمْ وَيَقُولُ ٱلْأَشْهَٰدُ هَٰٓؤُلَآءِ ٱلَّذِينَ كَذَبُوا۟ عَلَىٰ رَبِّهِمْ أَلَا لَعْنَةُ ٱللَّهِ عَلَى ٱلظَّٰلِمِينَ	ومن أظلم ممن افترى على الله كذبا أولئك يعرضون على ربهم ويقول الأشهاد هؤلاء الذين كذبوا على ربهم ألا لعنة الله على الظالمين
11	18	18	1	rab~i	رَبِّ	rab~	N	STEM|POS:N|LEM:rab~|ROOT:rbb|M|GEN	وَمَنْ أَظْلَمُ مِمَّنِ ٱفْتَرَىٰ عَلَى ٱللَّهِ كَذِبًا أُو۟لَٰٓئِكَ يُعْرَضُونَ عَلَىٰ رَبِّهِمْ وَيَقُولُ ٱلْأَشْهَٰدُ هَٰٓؤُلَآءِ ٱلَّذِينَ كَذَبُوا۟ عَلَىٰ رَبِّهِمْ أَلَا لَعْنَةُ ٱللَّهِ عَلَى ٱلظَّٰلِمِينَ	ومن أظلم ممن افترى على الله كذبا أولئك يعرضون على ربهم ويقول الأشهاد هؤلاء الذين كذبوا على ربهم ألا لعنة الله على الظالمين
11	23	8	1	rab~i	رَبِّ	rab~	N	STEM|POS:N|LEM:rab~|ROOT:rbb|M|GEN	إِنَّ ٱلَّذِينَ ءَامَنُوا۟ وَعَمِلُوا۟ ٱلصَّٰلِحَٰتِ وَأَخْبَتُوٓا۟ إِلَىٰ رَبِّهِمْ أُو۟لَٰٓئِكَ أَصْحَٰبُ ٱلْجَنَّةِ هُمْ فِيهَا خَٰلِدُونَ	إن الذين آمنوا وعملوا الصالحات وأخبتوا إلى ربهم أولئك أصحاب الجنة هم فيها خالدون
11	28	9	1	r~ab~i	رَّبِّ	rab~	N	STEM|POS:N|LEM:rab~|ROOT:rbb|M|GEN	قَالَ يَٰقَوْمِ أَرَءَيْتُمْ إِن كُنتُ عَلَىٰ بَيِّنَةٍ مِّن رَّبِّى وَءَاتَىٰنِى رَحْمَةً مِّنْ عِندِهِۦ فَعُمِّيَتْ عَلَيْكُمْ أَنُلْزِمُكُمُوهَا وَأَنتُمْ لَهَا كَٰرِهُونَ	قال يا قوم أرأيتم إن كنت على بينة من ربي وآتاني رحمة من عنده فعميت عليكم أنلزمكموها وأنتم لها كارهون
11	29	18	1	rab~i	رَبِّ	rab~	N	STEM|POS:N|LEM:rab~|ROOT:rbb|M|GEN	وَيَٰقَوْمِ لَآ أَسْـَٔلُكُمْ عَلَيْهِ مَالًا إِنْ أَجْرِىَ إِلَّا عَلَى ٱللَّهِ وَمَآ أَنَا۠ بِطَارِدِ ٱلَّذِينَ ءَامَنُوٓا۟ إِنَّهُم مُّلَٰقُوا۟ رَبِّهِمْ وَلَٰكِنِّىٓ أَرَىٰكُمْ قَوْمًا تَجْهَلُونَ	ويا قوم لا أسألكم عليه مالا إن أجري إلا على الله وما أنا بطارد الذين آمنوا إنهم ملاقو ربهم ولكني أراكم قوما تجهلون
11	34	16	1	rab~u	رَبُّ	rab~	N	STEM|POS:N|LEM:rab~|ROOT:rbb|M|NOM	وَلَا يَنفَعُكُمْ نُصْحِىٓ إِنْ أَرَدتُّ أَنْ أَنصَحَ لَكُمْ إِن كَانَ ٱللَّهُ يُرِيدُ أَن يُغْوِيَكُمْ هُوَ رَبُّكُمْ وَإِلَيْهِ تُرْجَعُونَ	ولا ينفعكم نصحي إن أردت أن أنصح لكم إن كان الله يريد أن يغويكم هو ربكم وإليه ترجعون
11	41	9	1	rab~i	رَبِّ	rab~	N	STEM|POS:N|LEM:rab~|ROOT:rbb|M|NOM	وَقَالَ ٱرْكَبُوا۟ فِيهَا بِسْمِ ٱللَّهِ مَجْر۪ىٰهَا وَمُرْسَىٰهَآ إِنَّ رَبِّى لَغَفُورٌ رَّحِيمٌ	وقال اركبوا فيها بسم الله مجراها ومرساها إن ربي لغفور رحيم
11	45	3	1	r~ab~a	رَّبَّ	rab~	N	STEM|POS:N|LEM:rab~|ROOT:rbb|M|ACC	وَنَادَىٰ نُوحٌ رَّبَّهُۥ فَقَالَ رَبِّ إِنَّ ٱبْنِى مِنْ أَهْلِى وَإِنَّ وَعْدَكَ ٱلْحَقُّ وَأَنتَ أَحْكَمُ ٱلْحَٰكِمِينَ	ونادى نوح ربه فقال رب إن ابني من أهلي وإن وعدك الحق وأنت أحكم الحاكمين
11	45	5	1	rab~i	رَبِّ	rab~	N	STEM|POS:N|LEM:rab~|ROOT:rbb|M|NOM	وَنَادَىٰ نُوحٌ رَّبَّهُۥ فَقَالَ رَبِّ إِنَّ ٱبْنِى مِنْ أَهْلِى وَإِنَّ وَعْدَكَ ٱلْحَقُّ وَأَنتَ أَحْكَمُ ٱلْحَٰكِمِينَ	ونادى نوح ربه فقال رب إن ابني من أهلي وإن وعدك الحق وأنت أحكم الحاكمين
11	47	2	1	rab~i	رَبِّ	rab~	N	STEM|POS:N|LEM:rab~|ROOT:rbb|M|NOM	قَالَ رَبِّ إِنِّىٓ أَعُوذُ بِكَ أَنْ أَسْـَٔلَكَ مَا لَيْسَ لِى بِهِۦ عِلْمٌ وَإِلَّا تَغْفِرْ لِى وَتَرْحَمْنِىٓ أَكُن مِّنَ ٱلْخَٰسِرِينَ	قال رب إني أعوذ بك أن أسألك ما ليس لي به علم وإلا تغفر لي وترحمني أكن من الخاسرين
11	52	3	1	rab~a	رَبَّ	rab~	N	STEM|POS:N|LEM:rab~|ROOT:rbb|M|ACC	وَيَٰقَوْمِ ٱسْتَغْفِرُوا۟ رَبَّكُمْ ثُمَّ تُوبُوٓا۟ إِلَيْهِ يُرْسِلِ ٱلسَّمَآءَ عَلَيْكُم مِّدْرَارًا وَيَزِدْكُمْ قُوَّةً إِلَىٰ قُوَّتِكُمْ وَلَا تَتَوَلَّوْا۟ مُجْرِمِينَ	ويا قوم استغفروا ربكم ثم توبوا إليه يرسل السماء عليكم مدرارا ويزدكم قوة إلى قوتكم ولا تتولوا مجرمين
11	56	5	1	rab~i	رَبِّ	rab~	N	STEM|POS:N|LEM:rab~|ROOT:rbb|M|NOM	إِنِّى تَوَكَّلْتُ عَلَى ٱللَّهِ رَبِّى وَرَبِّكُم مَّا مِن دَآبَّةٍ إِلَّا هُوَ ءَاخِذٌۢ بِنَاصِيَتِهَآ إِنَّ رَبِّى عَلَىٰ صِرَٰطٍ مُّسْتَقِيمٍ	إني توكلت على الله ربي وربكم ما من دابة إلا هو آخذ بناصيتها إن ربي على صراط مستقيم
11	56	6	2	rab~i	رَبِّ	rab~	N	STEM|POS:N|LEM:rab~|ROOT:rbb|M|GEN	إِنِّى تَوَكَّلْتُ عَلَى ٱللَّهِ رَبِّى وَرَبِّكُم مَّا مِن دَآبَّةٍ إِلَّا هُوَ ءَاخِذٌۢ بِنَاصِيَتِهَآ إِنَّ رَبِّى عَلَىٰ صِرَٰطٍ مُّسْتَقِيمٍ	إني توكلت على الله ربي وربكم ما من دابة إلا هو آخذ بناصيتها إن ربي على صراط مستقيم
11	56	15	1	rab~i	رَبِّ	rab~	N	STEM|POS:N|LEM:rab~|ROOT:rbb|M|NOM	إِنِّى تَوَكَّلْتُ عَلَى ٱللَّهِ رَبِّى وَرَبِّكُم مَّا مِن دَآبَّةٍ إِلَّا هُوَ ءَاخِذٌۢ بِنَاصِيَتِهَآ إِنَّ رَبِّى عَلَىٰ صِرَٰطٍ مُّسْتَقِيمٍ	إني توكلت على الله ربي وربكم ما من دابة إلا هو آخذ بناصيتها إن ربي على صراط مستقيم
11	57	10	1	rab~i	رَبِّ	rab~	N	STEM|POS:N|LEM:rab~|ROOT:rbb|M|NOM	فَإِن تَوَلَّوْا۟ فَقَدْ أَبْلَغْتُكُم مَّآ أُرْسِلْتُ بِهِۦٓ إِلَيْكُمْ وَيَسْتَخْلِفُ رَبِّى قَوْمًا غَيْرَكُمْ وَلَا تَضُرُّونَهُۥ شَيْـًٔا إِنَّ رَبِّى عَلَىٰ كُلِّ شَىْءٍ حَفِيظٌ	فإن تولوا فقد أبلغتكم ما أرسلت به إليكم ويستخلف ربي قوما غيركم ولا تضرونه شيئا إن ربي على كل شيء حفيظ
11	57	17	1	rab~i	رَبِّ	rab~	N	STEM|POS:N|LEM:rab~|ROOT:rbb|M|NOM	فَإِن تَوَلَّوْا۟ فَقَدْ أَبْلَغْتُكُم مَّآ أُرْسِلْتُ بِهِۦٓ إِلَيْكُمْ وَيَسْتَخْلِفُ رَبِّى قَوْمًا غَيْرَكُمْ وَلَا تَضُرُّونَهُۥ شَيْـًٔا إِنَّ رَبِّى عَلَىٰ كُلِّ شَىْءٍ حَفِيظٌ	فإن تولوا فقد أبلغتكم ما أرسلت به إليكم ويستخلف ربي قوما غيركم ولا تضرونه شيئا إن ربي على كل شيء حفيظ
11	59	5	1	rab~i	رَبِّ	rab~	N	STEM|POS:N|LEM:rab~|ROOT:rbb|M|GEN	وَتِلْكَ عَادٌ جَحَدُوا۟ بِـَٔايَٰتِ رَبِّهِمْ وَعَصَوْا۟ رُسُلَهُۥ وَٱتَّبَعُوٓا۟ أَمْرَ كُلِّ جَبَّارٍ عَنِيدٍ	وتلك عاد جحدوا بآيات ربهم وعصوا رسله واتبعوا أمر كل جبار عنيد
11	60	12	1	rab~a	رَبَّ	rab~	N	STEM|POS:N|LEM:rab~|ROOT:rbb|M|ACC	وَأُتْبِعُوا۟ فِى هَٰذِهِ ٱلدُّنْيَا لَعْنَةً وَيَوْمَ ٱلْقِيَٰمَةِ أَلَآ إِنَّ عَادًا كَفَرُوا۟ رَبَّهُمْ أَلَا بُعْدًا لِّعَادٍ قَوْمِ هُودٍ	وأتبعوا في هذه الدنيا لعنة ويوم القيامة ألا إن عادا كفروا ربهم ألا بعدا لعاد قوم هود
11	61	25	1	rab~i	رَبِّ	rab~	N	STEM|POS:N|LEM:rab~|ROOT:rbb|M|NOM	وَإِلَىٰ ثَمُودَ أَخَاهُمْ صَٰلِحًا قَالَ يَٰقَوْمِ ٱعْبُدُوا۟ ٱللَّهَ مَا لَكُم مِّنْ إِلَٰهٍ غَيْرُهُۥ هُوَ أَنشَأَكُم مِّنَ ٱلْأَرْضِ وَٱسْتَعْمَرَكُمْ فِيهَا فَٱسْتَغْفِرُوهُ ثُمَّ تُوبُوٓا۟ إِلَيْهِ إِنَّ رَبِّى قَرِيبٌ مُّجِيبٌ	وإلى ثمود أخاهم صالحا قال يا قوم اعبدوا الله ما لكم من إله غيره هو أنشأكم من الأرض واستعمركم فيها فاستغفروه ثم توبوا إليه إن ربي قريب مجيب
11	63	9	1	r~ab~i	رَّبِّ	rab~	N	STEM|POS:N|LEM:rab~|ROOT:rbb|M|GEN	قَالَ يَٰقَوْمِ أَرَءَيْتُمْ إِن كُنتُ عَلَىٰ بَيِّنَةٍ مِّن رَّبِّى وَءَاتَىٰنِى مِنْهُ رَحْمَةً فَمَن يَنصُرُنِى مِنَ ٱللَّهِ إِنْ عَصَيْتُهُۥ فَمَا تَزِيدُونَنِى غَيْرَ تَخْسِيرٍ	قال يا قوم أرأيتم إن كنت على بينة من ربي وآتاني منه رحمة فمن ينصرني من الله إن عصيته فما تزيدونني غير تخسير
11	66	15	1	rab~a	رَبَّ	rab~	N	STEM|POS:N|LEM:rab~|ROOT:rbb|M|ACC	فَلَمَّا جَآءَ أَمْرُنَا نَجَّيْنَا صَٰلِحًا وَٱلَّذِينَ ءَامَنُوا۟ مَعَهُۥ بِرَحْمَةٍ مِّنَّا وَمِنْ خِزْىِ يَوْمِئِذٍ إِنَّ رَبَّكَ هُوَ ٱلْقَوِىُّ ٱلْعَزِيزُ	فلما جاء أمرنا نجينا صالحا والذين آمنوا معه برحمة منا ومن خزي يومئذ إن ربك هو القوي العزيز
11	68	9	1	rab~a	رَبَّ	rab~	N	STEM|POS:N|LEM:rab~|ROOT:rbb|M|ACC	كَأَن لَّمْ يَغْنَوْا۟ فِيهَآ أَلَآ إِنَّ ثَمُودَا۟ كَفَرُوا۟ رَبَّهُمْ أَلَا بُعْدًا لِّثَمُودَ	كأن لم يغنوا فيها ألا إن ثمود كفروا ربهم ألا بعدا لثمود
11	76	9	1	rab~i	رَبِّ	rab~	N	STEM|POS:N|LEM:rab~|ROOT:rbb|M|GEN	يَٰٓإِبْرَٰهِيمُ أَعْرِضْ عَنْ هَٰذَآ إِنَّهُۥ قَدْ جَآءَ أَمْرُ رَبِّكَ وَإِنَّهُمْ ءَاتِيهِمْ عَذَابٌ غَيْرُ مَرْدُودٍ	يا إبراهيم أعرض عن هذا إنه قد جاء أمر ربك وإنهم آتيهم عذاب غير مردود
11	81	5	1	rab~i	رَبِّ	rab~	N	STEM|POS:N|LEM:rab~|ROOT:rbb|M|GEN	قَالُوا۟ يَٰلُوطُ إِنَّا رُسُلُ رَبِّكَ لَن يَصِلُوٓا۟ إِلَيْكَ فَأَسْرِ بِأَهْلِكَ بِقِطْعٍ مِّنَ ٱلَّيْلِ وَلَا يَلْتَفِتْ مِنكُمْ أَحَدٌ إِلَّا ٱمْرَأَتَكَ إِنَّهُۥ مُصِيبُهَا مَآ أَصَابَهُمْ إِنَّ مَوْعِدَهُمُ ٱلصُّبْحُ أَلَيْسَ ٱلصُّبْحُ بِقَرِيبٍ	قالوا يا لوط إنا رسل ربك لن يصلوا إليك فأسر بأهلك بقطع من الليل ولا يلتفت منكم أحد إلا امرأتك إنه مصيبها ما أصابهم إن موعدهم الصبح أليس الصبح بقريب
11	83	3	1	rab~i	رَبِّ	rab~	N	STEM|POS:N|LEM:rab~|ROOT:rbb|M|GEN	مُّسَوَّمَةً عِندَ رَبِّكَ وَمَا هِىَ مِنَ ٱلظَّٰلِمِينَ بِبَعِيدٍ	مسومة عند ربك وما هي من الظالمين ببعيد
11	88	9	1	r~ab~i	رَّبِّ	rab~	N	STEM|POS:N|LEM:rab~|ROOT:rbb|M|GEN	قَالَ يَٰقَوْمِ أَرَءَيْتُمْ إِن كُنتُ عَلَىٰ بَيِّنَةٍ مِّن رَّبِّى وَرَزَقَنِى مِنْهُ رِزْقًا حَسَنًا وَمَآ أُرِيدُ أَنْ أُخَالِفَكُمْ إِلَىٰ مَآ أَنْهَىٰكُمْ عَنْهُ إِنْ أُرِيدُ إِلَّا ٱلْإِصْلَٰحَ مَا ٱسْتَطَعْتُ وَمَا تَوْفِيقِىٓ إِلَّا بِٱللَّهِ عَلَيْهِ تَوَكَّلْتُ وَإِلَيْهِ أُنِيبُ	قال يا قوم أرأيتم إن كنت على بينة من ربي ورزقني منه رزقا حسنا وما أريد أن أخالفكم إلى ما أنهاكم عنه إن أريد إلا الإصلاح ما استطعت وما توفيقي إلا بالله عليه توكلت وإليه أنيب
11	90	2	1	rab~a	رَبَّ	rab~	N	STEM|POS:N|LEM:rab~|ROOT:rbb|M|ACC	وَٱسْتَغْفِرُوا۟ رَبَّكُمْ ثُمَّ تُوبُوٓا۟ إِلَيْهِ إِنَّ رَبِّى رَحِيمٌ وَدُودٌ	واستغفروا ربكم ثم توبوا إليه إن ربي رحيم ودود
11	90	7	1	rab~i	رَبِّ	rab~	N	STEM|POS:N|LEM:rab~|ROOT:rbb|M|NOM	وَٱسْتَغْفِرُوا۟ رَبَّكُمْ ثُمَّ تُوبُوٓا۟ إِلَيْهِ إِنَّ رَبِّى رَحِيمٌ وَدُودٌ	واستغفروا ربكم ثم توبوا إليه إن ربي رحيم ودود
11	92	12	1	rab~i	رَبِّ	rab~	N	STEM|POS:N|LEM:rab~|ROOT:rbb|M|NOM	قَالَ يَٰقَوْمِ أَرَهْطِىٓ أَعَزُّ عَلَيْكُم مِّنَ ٱللَّهِ وَٱتَّخَذْتُمُوهُ وَرَآءَكُمْ ظِهْرِيًّا إِنَّ رَبِّى بِمَا تَعْمَلُونَ مُحِيطٌ	قال يا قوم أرهطي أعز عليكم من الله واتخذتموه وراءكم ظهريا إن ربي بما تعملون محيط
11	101	20	1	rab~i	رَبِّ	rab~	N	STEM|POS:N|LEM:rab~|ROOT:rbb|M|GEN	وَمَا ظَلَمْنَٰهُمْ وَلَٰكِن ظَلَمُوٓا۟ أَنفُسَهُمْ فَمَآ أَغْنَتْ عَنْهُمْ ءَالِهَتُهُمُ ٱلَّتِى يَدْعُونَ مِن دُونِ ٱللَّهِ مِن شَىْءٍ لَّمَّا جَآءَ أَمْرُ رَبِّكَ وَمَا زَادُوهُمْ غَيْرَ تَتْبِيبٍ	وما ظلمناهم ولكن ظلموا أنفسهم فما أغنت عنهم آلهتهم التي يدعون من دون الله من شيء لما جاء أمر ربك وما زادوهم غير تتبيب
11	102	3	1	rab~i	رَبِّ	rab~	N	STEM|POS:N|LEM:rab~|ROOT:rbb|M|GEN	وَكَذَٰلِكَ أَخْذُ رَبِّكَ إِذَآ أَخَذَ ٱلْقُرَىٰ وَهِىَ ظَٰلِمَةٌ إِنَّ أَخْذَهُۥٓ أَلِيمٌ شَدِيدٌ	وكذلك أخذ ربك إذا أخذ القرى وهي ظالمة إن أخذه أليم شديد
11	107	10	1	rab~u	رَبُّ	rab~	N	STEM|POS:N|LEM:rab~|ROOT:rbb|M|NOM	خَٰلِدِينَ فِيهَا مَا دَامَتِ ٱلسَّمَٰوَٰتُ وَٱلْأَرْضُ إِلَّا مَا شَآءَ رَبُّكَ إِنَّ رَبَّكَ فَعَّالٌ لِّمَا يُرِيدُ	خالدين فيها ما دامت السماوات والأرض إلا ما شاء ربك إن ربك فعال لما يريد
11	107	12	1	rab~a	رَبَّ	rab~	N	STEM|POS:N|LEM:rab~|ROOT:rbb|M|ACC	خَٰلِدِينَ فِيهَا مَا دَامَتِ ٱلسَّمَٰوَٰتُ وَٱلْأَرْضُ إِلَّا مَا شَآءَ رَبُّكَ إِنَّ رَبَّكَ فَعَّالٌ لِّمَا يُرِيدُ	خالدين فيها ما دامت السماوات والأرض إلا ما شاء ربك إن ربك فعال لما يريد
11	108	15	1	rab~u	رَبُّ	rab~	N	STEM|POS:N|LEM:rab~|ROOT:rbb|M|NOM	وَأَمَّا ٱلَّذِينَ سُعِدُوا۟ فَفِى ٱلْجَنَّةِ خَٰلِدِينَ فِيهَا مَا دَامَتِ ٱلسَّمَٰوَٰتُ وَٱلْأَرْضُ إِلَّا مَا شَآءَ رَبُّكَ عَطَآءً غَيْرَ مَجْذُوذٍ	وأما الذين سعدوا ففي الجنة خالدين فيها ما دامت السماوات والأرض إلا ما شاء ربك عطاء غير مجذوذ
11	110	11	1	r~ab~i	رَّبِّ	rab~	N	STEM|POS:N|LEM:rab~|ROOT:rbb|M|GEN	وَلَقَدْ ءَاتَيْنَا مُوسَى ٱلْكِتَٰبَ فَٱخْتُلِفَ فِيهِ وَلَوْلَا كَلِمَةٌ سَبَقَتْ مِن رَّبِّكَ لَقُضِىَ بَيْنَهُمْ وَإِنَّهُمْ لَفِى شَكٍّ مِّنْهُ مُرِيبٍ	ولقد آتينا موسى الكتاب فاختلف فيه ولولا كلمة سبقت من ربك لقضي بينهم وإنهم لفي شك منه مريب
11	111	5	1	rab~u	رَبُّ	rab~	N	STEM|POS:N|LEM:rab~|ROOT:rbb|M|NOM	وَإِنَّ كُلًّا لَّمَّا لَيُوَفِّيَنَّهُمْ رَبُّكَ أَعْمَٰلَهُمْ إِنَّهُۥ بِمَا يَعْمَلُونَ خَبِيرٌ	وإن كلا لما ليوفينهم ربك أعمالهم إنه بما يعملون خبير
11	117	3	1	rab~u	رَبُّ	rab~	N	STEM|POS:N|LEM:rab~|ROOT:rbb|M|NOM	وَمَا كَانَ رَبُّكَ لِيُهْلِكَ ٱلْقُرَىٰ بِظُلْمٍ وَأَهْلُهَا مُصْلِحُونَ	وما كان ربك ليهلك القرى بظلم وأهلها مصلحون
11	118	3	1	rab~u	رَبُّ	rab~	N	STEM|POS:N|LEM:rab~|ROOT:rbb|M|NOM	وَلَوْ شَآءَ رَبُّكَ لَجَعَلَ ٱلنَّاسَ أُمَّةً وَٰحِدَةً وَلَا يَزَالُونَ مُخْتَلِفِينَ	ولو شاء ربك لجعل الناس أمة واحدة ولا يزالون مختلفين
11	119	4	1	rab~u	رَبُّ	rab~	N	STEM|POS:N|LEM:rab~|ROOT:rbb|M|NOM	إِلَّا مَن رَّحِمَ رَبُّكَ وَلِذَٰلِكَ خَلَقَهُمْ وَتَمَّتْ كَلِمَةُ رَبِّكَ لَأَمْلَأَنَّ جَهَنَّمَ مِنَ ٱلْجِنَّةِ وَٱلنَّاسِ أَجْمَعِينَ	إلا من رحم ربك ولذلك خلقهم وتمت كلمة ربك لأملأن جهنم من الجنة والناس أجمعين
11	119	9	1	rab~i	رَبِّ	rab~	N	STEM|POS:N|LEM:rab~|ROOT:rbb|M|GEN	إِلَّا مَن رَّحِمَ رَبُّكَ وَلِذَٰلِكَ خَلَقَهُمْ وَتَمَّتْ كَلِمَةُ رَبِّكَ لَأَمْلَأَنَّ جَهَنَّمَ مِنَ ٱلْجِنَّةِ وَٱلنَّاسِ أَجْمَعِينَ	إلا من رحم ربك ولذلك خلقهم وتمت كلمة ربك لأملأن جهنم من الجنة والناس أجمعين
11	123	13	1	rab~u	رَبُّ	rab~	N	STEM|POS:N|LEM:rab~|ROOT:rbb|M|NOM	وَلِلَّهِ غَيْبُ ٱلسَّمَٰوَٰتِ وَٱلْأَرْضِ وَإِلَيْهِ يُرْجَعُ ٱلْأَمْرُ كُلُّهُۥ فَٱعْبُدْهُ وَتَوَكَّلْ عَلَيْهِ وَمَا رَبُّكَ بِغَٰفِلٍ عَمَّا تَعْمَلُونَ	ولله غيب السماوات والأرض وإليه يرجع الأمر كله فاعبده وتوكل عليه وما ربك بغافل عما تعملون
12	6	3	1	rab~u	رَبُّ	rab~	N	STEM|POS:N|LEM:rab~|ROOT:rbb|M|NOM	وَكَذَٰلِكَ يَجْتَبِيكَ رَبُّكَ وَيُعَلِّمُكَ مِن تَأْوِيلِ ٱلْأَحَادِيثِ وَيُتِمُّ نِعْمَتَهُۥ عَلَيْكَ وَعَلَىٰٓ ءَالِ يَعْقُوبَ كَمَآ أَتَمَّهَا عَلَىٰٓ أَبَوَيْكَ مِن قَبْلُ إِبْرَٰهِيمَ وَإِسْحَٰقَ إِنَّ رَبَّكَ عَلِيمٌ حَكِيمٌ	وكذلك يجتبيك ربك ويعلمك من تأويل الأحاديث ويتم نعمته عليك وعلى آل يعقوب كما أتمها على أبويك من قبل إبراهيم وإسحاق إن ربك عليم حكيم
12	6	23	1	rab~a	رَبَّ	rab~	N	STEM|POS:N|LEM:rab~|ROOT:rbb|M|ACC	وَكَذَٰلِكَ يَجْتَبِيكَ رَبُّكَ وَيُعَلِّمُكَ مِن تَأْوِيلِ ٱلْأَحَادِيثِ وَيُتِمُّ نِعْمَتَهُۥ عَلَيْكَ وَعَلَىٰٓ ءَالِ يَعْقُوبَ كَمَآ أَتَمَّهَا عَلَىٰٓ أَبَوَيْكَ مِن قَبْلُ إِبْرَٰهِيمَ وَإِسْحَٰقَ إِنَّ رَبَّكَ عَلِيمٌ حَكِيمٌ	وكذلك يجتبيك ربك ويعلمك من تأويل الأحاديث ويتم نعمته عليك وعلى آل يعقوب كما أتمها على أبويك من قبل إبراهيم وإسحاق إن ربك عليم حكيم
12	23	17	1	rab~i	رَبِّ	rab~	N	STEM|POS:N|LEM:rab~|ROOT:rbb|M|NOM	وَرَٰوَدَتْهُ ٱلَّتِى هُوَ فِى بَيْتِهَا عَن نَّفْسِهِۦ وَغَلَّقَتِ ٱلْأَبْوَٰبَ وَقَالَتْ هَيْتَ لَكَ قَالَ مَعَاذَ ٱللَّهِ إِنَّهُۥ رَبِّىٓ أَحْسَنَ مَثْوَاىَ إِنَّهُۥ لَا يُفْلِحُ ٱلظَّٰلِمُونَ	وراودته التي هو في بيتها عن نفسه وغلقت الأبواب وقالت هيت لك قال معاذ الله إنه ربي أحسن مثواي إنه لا يفلح الظالمون
12	24	10	1	rab~i	رَبِّ	rab~	N	STEM|POS:N|LEM:rab~|ROOT:rbb|M|GEN	وَلَقَدْ هَمَّتْ بِهِۦ وَهَمَّ بِهَا لَوْلَآ أَن رَّءَا بُرْهَٰنَ رَبِّهِۦ كَذَٰلِكَ لِنَصْرِفَ عَنْهُ ٱلسُّوٓءَ وَٱلْفَحْشَآءَ إِنَّهُۥ مِنْ عِبَادِنَا ٱلْمُخْلَصِينَ	ولقد همت به وهم بها لولا أن رأى برهان ربه كذلك لنصرف عنه السوء والفحشاء إنه من عبادنا المخلصين
12	33	2	1	rab~i	رَبِّ	rab~	N	STEM|POS:N|LEM:rab~|ROOT:rbb|M|NOM	قَالَ رَبِّ ٱلسِّجْنُ أَحَبُّ إِلَىَّ مِمَّا يَدْعُونَنِىٓ إِلَيْهِ وَإِلَّا تَصْرِفْ عَنِّى كَيْدَهُنَّ أَصْبُ إِلَيْهِنَّ وَأَكُن مِّنَ ٱلْجَٰهِلِينَ	قال رب السجن أحب إلي مما يدعونني إليه وإلا تصرف عني كيدهن أصب إليهن وأكن من الجاهلين
12	34	3	1	rab~u	رَبُّ	rab~	N	STEM|POS:N|LEM:rab~|ROOT:rbb|M|NOM	فَٱسْتَجَابَ لَهُۥ رَبُّهُۥ فَصَرَفَ عَنْهُ كَيْدَهُنَّ إِنَّهُۥ هُوَ ٱلسَّمِيعُ ٱلْعَلِيمُ	فاستجاب له ربه فصرف عنه كيدهن إنه هو السميع العليم
12	37	15	1	rab~i	رَبِّ	rab~	N	STEM|POS:N|LEM:rab~|ROOT:rbb|M|NOM	قَالَ لَا يَأْتِيكُمَا طَعَامٌ تُرْزَقَانِهِۦٓ إِلَّا نَبَّأْتُكُمَا بِتَأْوِيلِهِۦ قَبْلَ أَن يَأْتِيَكُمَا ذَٰلِكُمَا مِمَّا عَلَّمَنِى رَبِّىٓ إِنِّى تَرَكْتُ مِلَّةَ قَوْمٍ لَّا يُؤْمِنُونَ بِٱللَّهِ وَهُم بِٱلْـَٔاخِرَةِ هُمْ كَٰفِرُونَ	قال لا يأتيكما طعام ترزقانه إلا نبأتكما بتأويله قبل أن يأتيكما ذلكما مما علمني ربي إني تركت ملة قوم لا يؤمنون بالله وهم بالآخرة هم كافرون
12	39	3	2	>arobaAbN	أَرْبَابٌ	rab~	N	STEM|POS:N|LEM:rab~|ROOT:rbb|MP|INDEF|NOM	يَٰصَٰحِبَىِ ٱلسِّجْنِ ءَأَرْبَابٌ مُّتَفَرِّقُونَ خَيْرٌ أَمِ ٱللَّهُ ٱلْوَٰحِدُ ٱلْقَهَّارُ	يا صاحبي السجن أأرباب متفرقون خير أم الله الواحد القهار
12	41	6	1	rab~a	رَبَّ	rab~	N	STEM|POS:N|LEM:rab~|ROOT:rbb|M|ACC	يَٰصَٰحِبَىِ ٱلسِّجْنِ أَمَّآ أَحَدُكُمَا فَيَسْقِى رَبَّهُۥ خَمْرًا وَأَمَّا ٱلْـَٔاخَرُ فَيُصْلَبُ فَتَأْكُلُ ٱلطَّيْرُ مِن رَّأْسِهِۦ قُضِىَ ٱلْأَمْرُ ٱلَّذِى فِيهِ تَسْتَفْتِيَانِ	يا صاحبي السجن أما أحدكما فيسقي ربه خمرا وأما الآخر فيصلب فتأكل الطير من رأسه قضي الأمر الذي فيه تستفتيان
12	42	9	1	rab~i	رَبِّ	rab~	N	STEM|POS:N|LEM:rab~|ROOT:rbb|M|GEN	وَقَالَ لِلَّذِى ظَنَّ أَنَّهُۥ نَاجٍ مِّنْهُمَا ٱذْكُرْنِى عِندَ رَبِّكَ فَأَنسَىٰهُ ٱلشَّيْطَٰنُ ذِكْرَ رَبِّهِۦ فَلَبِثَ فِى ٱلسِّجْنِ بِضْعَ سِنِينَ	وقال للذي ظن أنه ناج منهما اذكرني عند ربك فأنساه الشيطان ذكر ربه فلبث في السجن بضع سنين
12	42	13	1	rab~i	رَبِّ	rab~	N	STEM|POS:N|LEM:rab~|ROOT:rbb|M|GEN	وَقَالَ لِلَّذِى ظَنَّ أَنَّهُۥ نَاجٍ مِّنْهُمَا ٱذْكُرْنِى عِندَ رَبِّكَ فَأَنسَىٰهُ ٱلشَّيْطَٰنُ ذِكْرَ رَبِّهِۦ فَلَبِثَ فِى ٱلسِّجْنِ بِضْعَ سِنِينَ	وقال للذي ظن أنه ناج منهما اذكرني عند ربك فأنساه الشيطان ذكر ربه فلبث في السجن بضع سنين
12	50	11	1	rab~i	رَبِّ	rab~	N	STEM|POS:N|LEM:rab~|ROOT:rbb|M|GEN	وَقَالَ ٱلْمَلِكُ ٱئْتُونِى بِهِۦ فَلَمَّا جَآءَهُ ٱلرَّسُولُ قَالَ ٱرْجِعْ إِلَىٰ رَبِّكَ فَسْـَٔلْهُ مَا بَالُ ٱلنِّسْوَةِ ٱلَّٰتِى قَطَّعْنَ أَيْدِيَهُنَّ إِنَّ رَبِّى بِكَيْدِهِنَّ عَلِيمٌ	وقال الملك ائتوني به فلما جاءه الرسول قال ارجع إلى ربك فاسأله ما بال النسوة اللاتي قطعن أيديهن إن ربي بكيدهن عليم
12	50	20	1	rab~i	رَبِّ	rab~	N	STEM|POS:N|LEM:rab~|ROOT:rbb|M|NOM	وَقَالَ ٱلْمَلِكُ ٱئْتُونِى بِهِۦ فَلَمَّا جَآءَهُ ٱلرَّسُولُ قَالَ ٱرْجِعْ إِلَىٰ رَبِّكَ فَسْـَٔلْهُ مَا بَالُ ٱلنِّسْوَةِ ٱلَّٰتِى قَطَّعْنَ أَيْدِيَهُنَّ إِنَّ رَبِّى بِكَيْدِهِنَّ عَلِيمٌ	وقال الملك ائتوني به فلما جاءه الرسول قال ارجع إلى ربك فاسأله ما بال النسوة اللاتي قطعن أيديهن إن ربي بكيدهن عليم
12	53	11	1	rab~i	رَبِّ	rab~	N	STEM|POS:N|LEM:rab~|ROOT:rbb|M|NOM	وَمَآ أُبَرِّئُ نَفْسِىٓ إِنَّ ٱلنَّفْسَ لَأَمَّارَةٌۢ بِٱلسُّوٓءِ إِلَّا مَا رَحِمَ رَبِّىٓ إِنَّ رَبِّى غَفُورٌ رَّحِيمٌ	وما أبرئ نفسي إن النفس لأمارة بالسوء إلا ما رحم ربي إن ربي غفور رحيم
12	53	13	1	rab~i	رَبِّ	rab~	N	STEM|POS:N|LEM:rab~|ROOT:rbb|M|NOM	وَمَآ أُبَرِّئُ نَفْسِىٓ إِنَّ ٱلنَّفْسَ لَأَمَّارَةٌۢ بِٱلسُّوٓءِ إِلَّا مَا رَحِمَ رَبِّىٓ إِنَّ رَبِّى غَفُورٌ رَّحِيمٌ	وما أبرئ نفسي إن النفس لأمارة بالسوء إلا ما رحم ربي إن ربي غفور رحيم
12	98	5	1	rab~i	رَبِّ	rab~	N	STEM|POS:N|LEM:rab~|ROOT:rbb|M|NOM	قَالَ سَوْفَ أَسْتَغْفِرُ لَكُمْ رَبِّىٓ إِنَّهُۥ هُوَ ٱلْغَفُورُ ٱلرَّحِيمُ	قال سوف أستغفر لكم ربي إنه هو الغفور الرحيم
12	100	17	1	rab~i	رَبِّ	rab~	N	STEM|POS:N|LEM:rab~|ROOT:rbb|M|NOM	وَرَفَعَ أَبَوَيْهِ عَلَى ٱلْعَرْشِ وَخَرُّوا۟ لَهُۥ سُجَّدًا وَقَالَ يَٰٓأَبَتِ هَٰذَا تَأْوِيلُ رُءْيَٰىَ مِن قَبْلُ قَدْ جَعَلَهَا رَبِّى حَقًّا وَقَدْ أَحْسَنَ بِىٓ إِذْ أَخْرَجَنِى مِنَ ٱلسِّجْنِ وَجَآءَ بِكُم مِّنَ ٱلْبَدْوِ مِنۢ بَعْدِ أَن نَّزَغَ ٱلشَّيْطَٰنُ بَيْنِى وَبَيْنَ إِخْوَتِىٓ إِنَّ رَبِّى لَطِيفٌ لِّمَا يَشَآءُ إِنَّهُۥ هُوَ ٱلْعَلِيمُ ٱلْحَكِيمُ	ورفع أبويه على العرش وخروا له سجدا وقال يا أبت هذا تأويل رؤياي من قبل قد جعلها ربي حقا وقد أحسن بي إذ أخرجني من السجن وجاء بكم من البدو من بعد أن نزغ الشيطان بيني وبين إخوتي إن ربي لطيف لما يشاء إنه هو العليم الحكيم
12	100	39	1	rab~i	رَبِّ	rab~	N	STEM|POS:N|LEM:rab~|ROOT:rbb|M|NOM	وَرَفَعَ أَبَوَيْهِ عَلَى ٱلْعَرْشِ وَخَرُّوا۟ لَهُۥ سُجَّدًا وَقَالَ يَٰٓأَبَتِ هَٰذَا تَأْوِيلُ رُءْيَٰىَ مِن قَبْلُ قَدْ جَعَلَهَا رَبِّى حَقًّا وَقَدْ أَحْسَنَ بِىٓ إِذْ أَخْرَجَنِى مِنَ ٱلسِّجْنِ وَجَآءَ بِكُم مِّنَ ٱلْبَدْوِ مِنۢ بَعْدِ أَن نَّزَغَ ٱلشَّيْطَٰنُ بَيْنِى وَبَيْنَ إِخْوَتِىٓ إِنَّ رَبِّى لَطِيفٌ لِّمَا يَشَآءُ إِنَّهُۥ هُوَ ٱلْعَلِيمُ ٱلْحَكِيمُ	ورفع أبويه على العرش وخروا له سجدا وقال يا أبت هذا تأويل رؤياي من قبل قد جعلها ربي حقا وقد أحسن بي إذ أخرجني من السجن وجاء بكم من البدو من بعد أن نزغ الشيطان بيني وبين إخوتي إن ربي لطيف لما يشاء إنه هو العليم الحكيم
12	101	1	1	rab~i	رَبِّ	rab~	N	STEM|POS:N|LEM:rab~|ROOT:rbb|M|NOM	رَبِّ قَدْ ءَاتَيْتَنِى مِنَ ٱلْمُلْكِ وَعَلَّمْتَنِى مِن تَأْوِيلِ ٱلْأَحَادِيثِ فَاطِرَ ٱلسَّمَٰوَٰتِ وَٱلْأَرْضِ أَنتَ وَلِىِّۦ فِى ٱلدُّنْيَا وَٱلْـَٔاخِرَةِ تَوَفَّنِى مُسْلِمًا وَأَلْحِقْنِى بِٱلصَّٰلِحِينَ	رب قد آتيتني من الملك وعلمتني من تأويل الأحاديث فاطر السماوات والأرض أنت وليي في الدنيا والآخرة توفني مسلما وألحقني بالصالحين
13	1	9	1	r~ab~i	رَّبِّ	rab~	N	STEM|POS:N|LEM:rab~|ROOT:rbb|M|GEN	بِسْمِ ٱللَّهِ ٱلرَّحْمَٰنِ ٱلرَّحِيمِ الٓمٓر تِلْكَ ءَايَٰتُ ٱلْكِتَٰبِ وَٱلَّذِىٓ أُنزِلَ إِلَيْكَ مِن رَّبِّكَ ٱلْحَقُّ وَلَٰكِنَّ أَكْثَرَ ٱلنَّاسِ لَا يُؤْمِنُونَ	بسم الله الرحمن الرحيم المر تلك آيات الكتاب والذي أنزل إليك من ربك الحق ولكن أكثر الناس لا يؤمنون
13	2	25	1	rab~i	رَبِّ	rab~	N	STEM|POS:N|LEM:rab~|ROOT:rbb|M|GEN	ٱللَّهُ ٱلَّذِى رَفَعَ ٱلسَّمَٰوَٰتِ بِغَيْرِ عَمَدٍ تَرَوْنَهَا ثُمَّ ٱسْتَوَىٰ عَلَى ٱلْعَرْشِ وَسَخَّرَ ٱلشَّمْسَ وَٱلْقَمَرَ كُلٌّ يَجْرِى لِأَجَلٍ مُّسَمًّى يُدَبِّرُ ٱلْأَمْرَ يُفَصِّلُ ٱلْـَٔايَٰتِ لَعَلَّكُم بِلِقَآءِ رَبِّكُمْ تُوقِنُونَ	الله الذي رفع السماوات بغير عمد ترونها ثم استوى على العرش وسخر الشمس والقمر كل يجري لأجل مسمى يدبر الأمر يفصل الآيات لعلكم بلقاء ربكم توقنون
13	5	15	2	rab~i	رَبِّ	rab~	N	STEM|POS:N|LEM:rab~|ROOT:rbb|M|GEN	وَإِن تَعْجَبْ فَعَجَبٌ قَوْلُهُمْ أَءِذَا كُنَّا تُرَٰبًا أَءِنَّا لَفِى خَلْقٍ جَدِيدٍ أُو۟لَٰٓئِكَ ٱلَّذِينَ كَفَرُوا۟ بِرَبِّهِمْ وَأُو۟لَٰٓئِكَ ٱلْأَغْلَٰلُ فِىٓ أَعْنَاقِهِمْ وَأُو۟لَٰٓئِكَ أَصْحَٰبُ ٱلنَّارِ هُمْ فِيهَا خَٰلِدُونَ	وإن تعجب فعجب قولهم أإذا كنا ترابا أإنا لفي خلق جديد أولئك الذين كفروا بربهم وأولئك الأغلال في أعناقهم وأولئك أصحاب النار هم فيها خالدون
13	6	11	1	rab~a	رَبَّ	rab~	N	STEM|POS:N|LEM:rab~|ROOT:rbb|M|ACC	وَيَسْتَعْجِلُونَكَ بِٱلسَّيِّئَةِ قَبْلَ ٱلْحَسَنَةِ وَقَدْ خَلَتْ مِن قَبْلِهِمُ ٱلْمَثُلَٰتُ وَإِنَّ رَبَّكَ لَذُو مَغْفِرَةٍ لِّلنَّاسِ عَلَىٰ ظُلْمِهِمْ وَإِنَّ رَبَّكَ لَشَدِيدُ ٱلْعِقَابِ	ويستعجلونك بالسيئة قبل الحسنة وقد خلت من قبلهم المثلات وإن ربك لذو مغفرة للناس على ظلمهم وإن ربك لشديد العقاب
13	6	18	1	rab~a	رَبَّ	rab~	N	STEM|POS:N|LEM:rab~|ROOT:rbb|M|ACC	وَيَسْتَعْجِلُونَكَ بِٱلسَّيِّئَةِ قَبْلَ ٱلْحَسَنَةِ وَقَدْ خَلَتْ مِن قَبْلِهِمُ ٱلْمَثُلَٰتُ وَإِنَّ رَبَّكَ لَذُو مَغْفِرَةٍ لِّلنَّاسِ عَلَىٰ ظُلْمِهِمْ وَإِنَّ رَبَّكَ لَشَدِيدُ ٱلْعِقَابِ	ويستعجلونك بالسيئة قبل الحسنة وقد خلت من قبلهم المثلات وإن ربك لذو مغفرة للناس على ظلمهم وإن ربك لشديد العقاب
13	7	9	1	r~ab~i	رَّبِّ	rab~	N	STEM|POS:N|LEM:rab~|ROOT:rbb|M|GEN	وَيَقُولُ ٱلَّذِينَ كَفَرُوا۟ لَوْلَآ أُنزِلَ عَلَيْهِ ءَايَةٌ مِّن رَّبِّهِۦٓ إِنَّمَآ أَنتَ مُنذِرٌ وَلِكُلِّ قَوْمٍ هَادٍ	ويقول الذين كفروا لولا أنزل عليه آية من ربه إنما أنت منذر ولكل قوم هاد
13	16	3	1	r~ab~u	رَّبُّ	rab~	N	STEM|POS:N|LEM:rab~|ROOT:rbb|M|NOM	قُلْ مَن رَّبُّ ٱلسَّمَٰوَٰتِ وَٱلْأَرْضِ قُلِ ٱللَّهُ قُلْ أَفَٱتَّخَذْتُم مِّن دُونِهِۦٓ أَوْلِيَآءَ لَا يَمْلِكُونَ لِأَنفُسِهِمْ نَفْعًا وَلَا ضَرًّا قُلْ هَلْ يَسْتَوِى ٱلْأَعْمَىٰ وَٱلْبَصِيرُ أَمْ هَلْ تَسْتَوِى ٱلظُّلُمَٰتُ وَٱلنُّورُ أَمْ جَعَلُوا۟ لِلَّهِ شُرَكَآءَ خَلَقُوا۟ كَخَلْقِهِۦ فَتَشَٰبَهَ ٱلْخَلْقُ عَلَيْهِمْ قُلِ ٱللَّهُ خَٰلِقُ كُلِّ شَىْءٍ وَهُوَ ٱلْوَٰحِدُ ٱلْقَهَّٰرُ	قل من رب السماوات والأرض قل الله قل أفاتخذتم من دونه أولياء لا يملكون لأنفسهم نفعا ولا ضرا قل هل يستوي الأعمى والبصير أم هل تستوي الظلمات والنور أم جعلوا لله شركاء خلقوا كخلقه فتشابه الخلق عليهم قل الله خالق كل شيء وهو الواحد القهار
13	18	3	2	rab~i	رَبِّ	rab~	N	STEM|POS:N|LEM:rab~|ROOT:rbb|M|GEN	لِلَّذِينَ ٱسْتَجَابُوا۟ لِرَبِّهِمُ ٱلْحُسْنَىٰ وَٱلَّذِينَ لَمْ يَسْتَجِيبُوا۟ لَهُۥ لَوْ أَنَّ لَهُم مَّا فِى ٱلْأَرْضِ جَمِيعًا وَمِثْلَهُۥ مَعَهُۥ لَٱفْتَدَوْا۟ بِهِۦٓ أُو۟لَٰٓئِكَ لَهُمْ سُوٓءُ ٱلْحِسَابِ وَمَأْوَىٰهُمْ جَهَنَّمُ وَبِئْسَ ٱلْمِهَادُ	للذين استجابوا لربهم الحسنى والذين لم يستجيبوا له لو أن لهم ما في الأرض جميعا ومثله معه لافتدوا به أولئك لهم سوء الحساب ومأواهم جهنم وبئس المهاد
13	19	7	1	r~ab~i	رَّبِّ	rab~	N	STEM|POS:N|LEM:rab~|ROOT:rbb|M|GEN	أَفَمَن يَعْلَمُ أَنَّمَآ أُنزِلَ إِلَيْكَ مِن رَّبِّكَ ٱلْحَقُّ كَمَنْ هُوَ أَعْمَىٰٓ إِنَّمَا يَتَذَكَّرُ أُو۟لُوا۟ ٱلْأَلْبَٰبِ	أفمن يعلم أنما أنزل إليك من ربك الحق كمن هو أعمى إنما يتذكر أولو الألباب
13	21	10	1	rab~a	رَبَّ	rab~	N	STEM|POS:N|LEM:rab~|ROOT:rbb|M|ACC	وَٱلَّذِينَ يَصِلُونَ مَآ أَمَرَ ٱللَّهُ بِهِۦٓ أَن يُوصَلَ وَيَخْشَوْنَ رَبَّهُمْ وَيَخَافُونَ سُوٓءَ ٱلْحِسَابِ	والذين يصلون ما أمر الله به أن يوصل ويخشون ربهم ويخافون سوء الحساب
13	22	5	1	rab~i	رَبِّ	rab~	N	STEM|POS:N|LEM:rab~|ROOT:rbb|M|GEN	وَٱلَّذِينَ صَبَرُوا۟ ٱبْتِغَآءَ وَجْهِ رَبِّهِمْ وَأَقَامُوا۟ ٱلصَّلَوٰةَ وَأَنفَقُوا۟ مِمَّا رَزَقْنَٰهُمْ سِرًّا وَعَلَانِيَةً وَيَدْرَءُونَ بِٱلْحَسَنَةِ ٱلسَّيِّئَةَ أُو۟لَٰٓئِكَ لَهُمْ عُقْبَى ٱلدَّارِ	والذين صبروا ابتغاء وجه ربهم وأقاموا الصلاة وأنفقوا مما رزقناهم سرا وعلانية ويدرءون بالحسنة السيئة أولئك لهم عقبى الدار
13	27	9	1	r~ab~i	رَّبِّ	rab~	N	STEM|POS:N|LEM:rab~|ROOT:rbb|M|GEN	وَيَقُولُ ٱلَّذِينَ كَفَرُوا۟ لَوْلَآ أُنزِلَ عَلَيْهِ ءَايَةٌ مِّن رَّبِّهِۦ قُلْ إِنَّ ٱللَّهَ يُضِلُّ مَن يَشَآءُ وَيَهْدِىٓ إِلَيْهِ مَنْ أَنَابَ	ويقول الذين كفروا لولا أنزل عليه آية من ربه قل إن الله يضل من يشاء ويهدي إليه من أناب
13	30	20	1	rab~i	رَبِّ	rab~	N	STEM|POS:N|LEM:rab~|ROOT:rbb|M|NOM	كَذَٰلِكَ أَرْسَلْنَٰكَ فِىٓ أُمَّةٍ قَدْ خَلَتْ مِن قَبْلِهَآ أُمَمٌ لِّتَتْلُوَا۟ عَلَيْهِمُ ٱلَّذِىٓ أَوْحَيْنَآ إِلَيْكَ وَهُمْ يَكْفُرُونَ بِٱلرَّحْمَٰنِ قُلْ هُوَ رَبِّى لَآ إِلَٰهَ إِلَّا هُوَ عَلَيْهِ تَوَكَّلْتُ وَإِلَيْهِ مَتَابِ	كذلك أرسلناك في أمة قد خلت من قبلها أمم لتتلو عليهم الذي أوحينا إليك وهم يكفرون بالرحمن قل هو ربي لا إله إلا هو عليه توكلت وإليه متاب
14	1	12	1	rab~i	رَبِّ	rab~	N	STEM|POS:N|LEM:rab~|ROOT:rbb|M|GEN	بِسْمِ ٱللَّهِ ٱلرَّحْمَٰنِ ٱلرَّحِيمِ الٓر كِتَٰبٌ أَنزَلْنَٰهُ إِلَيْكَ لِتُخْرِجَ ٱلنَّاسَ مِنَ ٱلظُّلُمَٰتِ إِلَى ٱلنُّورِ بِإِذْنِ رَبِّهِمْ إِلَىٰ صِرَٰطِ ٱلْعَزِيزِ ٱلْحَمِيدِ	بسم الله الرحمن الرحيم الر كتاب أنزلناه إليك لتخرج الناس من الظلمات إلى النور بإذن ربهم إلى صراط العزيز الحميد
14	6	25	1	r~ab~i	رَّبِّ	rab~	N	STEM|POS:N|LEM:rab~|ROOT:rbb|M|GEN	وَإِذْ قَالَ مُوسَىٰ لِقَوْمِهِ ٱذْكُرُوا۟ نِعْمَةَ ٱللَّهِ عَلَيْكُمْ إِذْ أَنجَىٰكُم مِّنْ ءَالِ فِرْعَوْنَ يَسُومُونَكُمْ سُوٓءَ ٱلْعَذَابِ وَيُذَبِّحُونَ أَبْنَآءَكُمْ وَيَسْتَحْيُونَ نِسَآءَكُمْ وَفِى ذَٰلِكُم بَلَآءٌ مِّن رَّبِّكُمْ عَظِيمٌ	وإذ قال موسى لقومه اذكروا نعمة الله عليكم إذ أنجاكم من آل فرعون يسومونكم سوء العذاب ويذبحون أبناءكم ويستحيون نساءكم وفي ذلكم بلاء من ربكم عظيم
14	7	3	1	rab~u	رَبُّ	rab~	N	STEM|POS:N|LEM:rab~|ROOT:rbb|M|NOM	وَإِذْ تَأَذَّنَ رَبُّكُمْ لَئِن شَكَرْتُمْ لَأَزِيدَنَّكُمْ وَلَئِن كَفَرْتُمْ إِنَّ عَذَابِى لَشَدِيدٌ	وإذ تأذن ربكم لئن شكرتم لأزيدنكم ولئن كفرتم إن عذابي لشديد
14	13	14	1	rab~u	رَبُّ	rab~	N	STEM|POS:N|LEM:rab~|ROOT:rbb|M|NOM	وَقَالَ ٱلَّذِينَ كَفَرُوا۟ لِرُسُلِهِمْ لَنُخْرِجَنَّكُم مِّنْ أَرْضِنَآ أَوْ لَتَعُودُنَّ فِى مِلَّتِنَا فَأَوْحَىٰٓ إِلَيْهِمْ رَبُّهُمْ لَنُهْلِكَنَّ ٱلظَّٰلِمِينَ	وقال الذين كفروا لرسلهم لنخرجنكم من أرضنا أو لتعودن في ملتنا فأوحى إليهم ربهم لنهلكن الظالمين
14	18	4	2	rab~i	رَبِّ	rab~	N	STEM|POS:N|LEM:rab~|ROOT:rbb|M|GEN	مَّثَلُ ٱلَّذِينَ كَفَرُوا۟ بِرَبِّهِمْ أَعْمَٰلُهُمْ كَرَمَادٍ ٱشْتَدَّتْ بِهِ ٱلرِّيحُ فِى يَوْمٍ عَاصِفٍ لَّا يَقْدِرُونَ مِمَّا كَسَبُوا۟ عَلَىٰ شَىْءٍ ذَٰلِكَ هُوَ ٱلضَّلَٰلُ ٱلْبَعِيدُ	مثل الذين كفروا بربهم أعمالهم كرماد اشتدت به الريح في يوم عاصف لا يقدرون مما كسبوا على شيء ذلك هو الضلال البعيد
14	23	14	1	rab~i	رَبِّ	rab~	N	STEM|POS:N|LEM:rab~|ROOT:rbb|M|GEN	وَأُدْخِلَ ٱلَّذِينَ ءَامَنُوا۟ وَعَمِلُوا۟ ٱلصَّٰلِحَٰتِ جَنَّٰتٍ تَجْرِى مِن تَحْتِهَا ٱلْأَنْهَٰرُ خَٰلِدِينَ فِيهَا بِإِذْنِ رَبِّهِمْ تَحِيَّتُهُمْ فِيهَا سَلَٰمٌ	وأدخل الذين آمنوا وعملوا الصالحات جنات تجري من تحتها الأنهار خالدين فيها بإذن ربهم تحيتهم فيها سلام
14	25	6	1	rab~i	رَبِّ	rab~	N	STEM|POS:N|LEM:rab~|ROOT:rbb|M|GEN	تُؤْتِىٓ أُكُلَهَا كُلَّ حِينٍۭ بِإِذْنِ رَبِّهَا وَيَضْرِبُ ٱللَّهُ ٱلْأَمْثَالَ لِلنَّاسِ لَعَلَّهُمْ يَتَذَكَّرُونَ	تؤتي أكلها كل حين بإذن ربها ويضرب الله الأمثال للناس لعلهم يتذكرون
14	35	4	1	rab~i	رَبِّ	rab~	N	STEM|POS:N|LEM:rab~|ROOT:rbb|M|NOM	وَإِذْ قَالَ إِبْرَٰهِيمُ رَبِّ ٱجْعَلْ هَٰذَا ٱلْبَلَدَ ءَامِنًا وَٱجْنُبْنِى وَبَنِىَّ أَن نَّعْبُدَ ٱلْأَصْنَامَ	وإذ قال إبراهيم رب اجعل هذا البلد آمنا واجنبني وبني أن نعبد الأصنام
14	36	1	1	rab~i	رَبِّ	rab~	N	STEM|POS:N|LEM:rab~|ROOT:rbb|M|NOM	رَبِّ إِنَّهُنَّ أَضْلَلْنَ كَثِيرًا مِّنَ ٱلنَّاسِ فَمَن تَبِعَنِى فَإِنَّهُۥ مِنِّى وَمَنْ عَصَانِى فَإِنَّكَ غَفُورٌ رَّحِيمٌ	رب إنهن أضللن كثيرا من الناس فمن تبعني فإنه مني ومن عصاني فإنك غفور رحيم
14	37	1	1	r~ab~a	رَّبَّ	rab~	N	STEM|POS:N|LEM:rab~|ROOT:rbb|M|ACC	رَّبَّنَآ إِنِّىٓ أَسْكَنتُ مِن ذُرِّيَّتِى بِوَادٍ غَيْرِ ذِى زَرْعٍ عِندَ بَيْتِكَ ٱلْمُحَرَّمِ رَبَّنَا لِيُقِيمُوا۟ ٱلصَّلَوٰةَ فَٱجْعَلْ أَفْـِٔدَةً مِّنَ ٱلنَّاسِ تَهْوِىٓ إِلَيْهِمْ وَٱرْزُقْهُم مِّنَ ٱلثَّمَرَٰتِ لَعَلَّهُمْ يَشْكُرُونَ	ربنا إني أسكنت من ذريتي بواد غير ذي زرع عند بيتك المحرم ربنا ليقيموا الصلاة فاجعل أفئدة من الناس تهوي إليهم وارزقهم من الثمرات لعلهم يشكرون
14	37	13	1	rab~a	رَبَّ	rab~	N	STEM|POS:N|LEM:rab~|ROOT:rbb|M|ACC	رَّبَّنَآ إِنِّىٓ أَسْكَنتُ مِن ذُرِّيَّتِى بِوَادٍ غَيْرِ ذِى زَرْعٍ عِندَ بَيْتِكَ ٱلْمُحَرَّمِ رَبَّنَا لِيُقِيمُوا۟ ٱلصَّلَوٰةَ فَٱجْعَلْ أَفْـِٔدَةً مِّنَ ٱلنَّاسِ تَهْوِىٓ إِلَيْهِمْ وَٱرْزُقْهُم مِّنَ ٱلثَّمَرَٰتِ لَعَلَّهُمْ يَشْكُرُونَ	ربنا إني أسكنت من ذريتي بواد غير ذي زرع عند بيتك المحرم ربنا ليقيموا الصلاة فاجعل أفئدة من الناس تهوي إليهم وارزقهم من الثمرات لعلهم يشكرون
14	38	1	1	rab~a	رَبَّ	rab~	N	STEM|POS:N|LEM:rab~|ROOT:rbb|M|ACC	رَبَّنَآ إِنَّكَ تَعْلَمُ مَا نُخْفِى وَمَا نُعْلِنُ وَمَا يَخْفَىٰ عَلَى ٱللَّهِ مِن شَىْءٍ فِى ٱلْأَرْضِ وَلَا فِى ٱلسَّمَآءِ	ربنا إنك تعلم ما نخفي وما نعلن وما يخفى على الله من شيء في الأرض ولا في السماء
14	39	11	1	rab~i	رَبِّ	rab~	N	STEM|POS:N|LEM:rab~|ROOT:rbb|M|NOM	ٱلْحَمْدُ لِلَّهِ ٱلَّذِى وَهَبَ لِى عَلَى ٱلْكِبَرِ إِسْمَٰعِيلَ وَإِسْحَٰقَ إِنَّ رَبِّى لَسَمِيعُ ٱلدُّعَآءِ	الحمد لله الذي وهب لي على الكبر إسماعيل وإسحاق إن ربي لسميع الدعاء
14	40	1	1	rab~i	رَبِّ	rab~	N	STEM|POS:N|LEM:rab~|ROOT:rbb|M|NOM	رَبِّ ٱجْعَلْنِى مُقِيمَ ٱلصَّلَوٰةِ وَمِن ذُرِّيَّتِى رَبَّنَا وَتَقَبَّلْ دُعَآءِ	رب اجعلني مقيم الصلاة ومن ذريتي ربنا وتقبل دعاء
14	40	7	1	rab~a	رَبَّ	rab~	N	STEM|POS:N|LEM:rab~|ROOT:rbb|M|ACC	رَبِّ ٱجْعَلْنِى مُقِيمَ ٱلصَّلَوٰةِ وَمِن ذُرِّيَّتِى رَبَّنَا وَتَقَبَّلْ دُعَآءِ	رب اجعلني مقيم الصلاة ومن ذريتي ربنا وتقبل دعاء
14	41	1	1	rab~a	رَبَّ	rab~	N	STEM|POS:N|LEM:rab~|ROOT:rbb|M|ACC	رَبَّنَا ٱغْفِرْ لِى وَلِوَٰلِدَىَّ وَلِلْمُؤْمِنِينَ يَوْمَ يَقُومُ ٱلْحِسَابُ	ربنا اغفر لي ولوالدي وللمؤمنين يوم يقوم الحساب
14	44	9	1	rab~a	رَبَّ	rab~	N	STEM|POS:N|LEM:rab~|ROOT:rbb|M|ACC	وَأَنذِرِ ٱلنَّاسَ يَوْمَ يَأْتِيهِمُ ٱلْعَذَابُ فَيَقُولُ ٱلَّذِينَ ظَلَمُوا۟ رَبَّنَآ أَخِّرْنَآ إِلَىٰٓ أَجَلٍ قَرِيبٍ نُّجِبْ دَعْوَتَكَ وَنَتَّبِعِ ٱلرُّسُلَ أَوَلَمْ تَكُونُوٓا۟ أَقْسَمْتُم مِّن قَبْلُ مَا لَكُم مِّن زَوَالٍ	وأنذر الناس يوم يأتيهم العذاب فيقول الذين ظلموا ربنا أخرنا إلى أجل قريب نجب دعوتك ونتبع الرسل أولم تكونوا أقسمتم من قبل ما لكم من زوال
15	25	2	1	rab~a	رَبَّ	rab~	N	STEM|POS:N|LEM:rab~|ROOT:rbb|M|ACC	وَإِنَّ رَبَّكَ هُوَ يَحْشُرُهُمْ إِنَّهُۥ حَكِيمٌ عَلِيمٌ	وإن ربك هو يحشرهم إنه حكيم عليم
15	28	3	1	rab~u	رَبُّ	rab~	N	STEM|POS:N|LEM:rab~|ROOT:rbb|M|NOM	وَإِذْ قَالَ رَبُّكَ لِلْمَلَٰٓئِكَةِ إِنِّى خَٰلِقٌۢ بَشَرًا مِّن صَلْصَٰلٍ مِّنْ حَمَإٍ مَّسْنُونٍ	وإذ قال ربك للملائكة إني خالق بشرا من صلصال من حمإ مسنون
15	36	2	1	rab~i	رَبِّ	rab~	N	STEM|POS:N|LEM:rab~|ROOT:rbb|M|NOM	قَالَ رَبِّ فَأَنظِرْنِىٓ إِلَىٰ يَوْمِ يُبْعَثُونَ	قال رب فأنظرني إلى يوم يبعثون
15	39	2	1	rab~i	رَبِّ	rab~	N	STEM|POS:N|LEM:rab~|ROOT:rbb|M|NOM	قَالَ رَبِّ بِمَآ أَغْوَيْتَنِى لَأُزَيِّنَنَّ لَهُمْ فِى ٱلْأَرْضِ وَلَأُغْوِيَنَّهُمْ أَجْمَعِينَ	قال رب بما أغويتني لأزينن لهم في الأرض ولأغوينهم أجمعين
15	56	6	1	rab~i	رَبِّ	rab~	N	STEM|POS:N|LEM:rab~|ROOT:rbb|M|GEN	قَالَ وَمَن يَقْنَطُ مِن رَّحْمَةِ رَبِّهِۦٓ إِلَّا ٱلضَّآلُّونَ	قال ومن يقنط من رحمة ربه إلا الضالون
15	86	2	1	rab~a	رَبَّ	rab~	N	STEM|POS:N|LEM:rab~|ROOT:rbb|M|ACC	إِنَّ رَبَّكَ هُوَ ٱلْخَلَّٰقُ ٱلْعَلِيمُ	إن ربك هو الخلاق العليم
15	92	1	3	rab~i	رَبِّ	rab~	N	STEM|POS:N|LEM:rab~|ROOT:rbb|M|GEN	فَوَرَبِّكَ لَنَسْـَٔلَنَّهُمْ أَجْمَعِينَ	فوربك لنسألنهم أجمعين
15	98	3	1	rab~i	رَبِّ	rab~	N	STEM|POS:N|LEM:rab~|ROOT:rbb|M|GEN	فَسَبِّحْ بِحَمْدِ رَبِّكَ وَكُن مِّنَ ٱلسَّٰجِدِينَ	فسبح بحمد ربك وكن من الساجدين
15	99	2	1	rab~a	رَبَّ	rab~	N	STEM|POS:N|LEM:rab~|ROOT:rbb|M|ACC	وَٱعْبُدْ رَبَّكَ حَتَّىٰ يَأْتِيَكَ ٱلْيَقِينُ	واعبد ربك حتى يأتيك اليقين
16	7	12	1	rab~a	رَبَّ	rab~	N	STEM|POS:N|LEM:rab~|ROOT:rbb|M|ACC	وَتَحْمِلُ أَثْقَالَكُمْ إِلَىٰ بَلَدٍ لَّمْ تَكُونُوا۟ بَٰلِغِيهِ إِلَّا بِشِقِّ ٱلْأَنفُسِ إِنَّ رَبَّكُمْ لَرَءُوفٌ رَّحِيمٌ	وتحمل أثقالكم إلى بلد لم تكونوا بالغيه إلا بشق الأنفس إن ربكم لرءوف رحيم
16	24	6	1	rab~u	رَبُّ	rab~	N	STEM|POS:N|LEM:rab~|ROOT:rbb|M|NOM	وَإِذَا قِيلَ لَهُم مَّاذَآ أَنزَلَ رَبُّكُمْ قَالُوٓا۟ أَسَٰطِيرُ ٱلْأَوَّلِينَ	وإذا قيل لهم ماذا أنزل ربكم قالوا أساطير الأولين
16	30	6	1	rab~u	رَبُّ	rab~	N	STEM|POS:N|LEM:rab~|ROOT:rbb|M|NOM	وَقِيلَ لِلَّذِينَ ٱتَّقَوْا۟ مَاذَآ أَنزَلَ رَبُّكُمْ قَالُوا۟ خَيْرًا لِّلَّذِينَ أَحْسَنُوا۟ فِى هَٰذِهِ ٱلدُّنْيَا حَسَنَةٌ وَلَدَارُ ٱلْـَٔاخِرَةِ خَيْرٌ وَلَنِعْمَ دَارُ ٱلْمُتَّقِينَ	وقيل للذين اتقوا ماذا أنزل ربكم قالوا خيرا للذين أحسنوا في هذه الدنيا حسنة ولدار الآخرة خير ولنعم دار المتقين
16	33	10	1	rab~i	رَبِّ	rab~	N	STEM|POS:N|LEM:rab~|ROOT:rbb|M|GEN	هَلْ يَنظُرُونَ إِلَّآ أَن تَأْتِيَهُمُ ٱلْمَلَٰٓئِكَةُ أَوْ يَأْتِىَ أَمْرُ رَبِّكَ كَذَٰلِكَ فَعَلَ ٱلَّذِينَ مِن قَبْلِهِمْ وَمَا ظَلَمَهُمُ ٱللَّهُ وَلَٰكِن كَانُوٓا۟ أَنفُسَهُمْ يَظْلِمُونَ	هل ينظرون إلا أن تأتيهم الملائكة أو يأتي أمر ربك كذلك فعل الذين من قبلهم وما ظلمهم الله ولكن كانوا أنفسهم يظلمون
16	42	4	1	rab~i	رَبِّ	rab~	N	STEM|POS:N|LEM:rab~|ROOT:rbb|M|GEN	ٱلَّذِينَ صَبَرُوا۟ وَعَلَىٰ رَبِّهِمْ يَتَوَكَّلُونَ	الذين صبروا وعلى ربهم يتوكلون
16	47	6	1	rab~a	رَبَّ	rab~	N	STEM|POS:N|LEM:rab~|ROOT:rbb|M|ACC	أَوْ يَأْخُذَهُمْ عَلَىٰ تَخَوُّفٍ فَإِنَّ رَبَّكُمْ لَرَءُوفٌ رَّحِيمٌ	أو يأخذهم على تخوف فإن ربكم لرءوف رحيم
16	50	2	1	rab~a	رَبَّ	rab~	N	STEM|POS:N|LEM:rab~|ROOT:rbb|M|ACC	يَخَافُونَ رَبَّهُم مِّن فَوْقِهِمْ وَيَفْعَلُونَ مَا يُؤْمَرُونَ	يخافون ربهم من فوقهم ويفعلون ما يؤمرون
16	54	9	2	rab~i	رَبِّ	rab~	N	STEM|POS:N|LEM:rab~|ROOT:rbb|M|GEN	ثُمَّ إِذَا كَشَفَ ٱلضُّرَّ عَنكُمْ إِذَا فَرِيقٌ مِّنكُم بِرَبِّهِمْ يُشْرِكُونَ	ثم إذا كشف الضر عنكم إذا فريق منكم بربهم يشركون
16	68	2	1	rab~u	رَبُّ	rab~	N	STEM|POS:N|LEM:rab~|ROOT:rbb|M|NOM	وَأَوْحَىٰ رَبُّكَ إِلَى ٱلنَّحْلِ أَنِ ٱتَّخِذِى مِنَ ٱلْجِبَالِ بُيُوتًا وَمِنَ ٱلشَّجَرِ وَمِمَّا يَعْرِشُونَ	وأوحى ربك إلى النحل أن اتخذي من الجبال بيوتا ومن الشجر ومما يعرشون
16	69	8	1	rab~i	رَبِّ	rab~	N	STEM|POS:N|LEM:rab~|ROOT:rbb|M|GEN	ثُمَّ كُلِى مِن كُلِّ ٱلثَّمَرَٰتِ فَٱسْلُكِى سُبُلَ رَبِّكِ ذُلُلًا يَخْرُجُ مِنۢ بُطُونِهَا شَرَابٌ مُّخْتَلِفٌ أَلْوَٰنُهُۥ فِيهِ شِفَآءٌ لِّلنَّاسِ إِنَّ فِى ذَٰلِكَ لَـَٔايَةً لِّقَوْمٍ يَتَفَكَّرُونَ	ثم كلي من كل الثمرات فاسلكي سبل ربك ذللا يخرج من بطونها شراب مختلف ألوانه فيه شفاء للناس إن في ذلك لآية لقوم يتفكرون
16	86	7	1	rab~a	رَبَّ	rab~	N	STEM|POS:N|LEM:rab~|ROOT:rbb|M|ACC	وَإِذَا رَءَا ٱلَّذِينَ أَشْرَكُوا۟ شُرَكَآءَهُمْ قَالُوا۟ رَبَّنَا هَٰٓؤُلَآءِ شُرَكَآؤُنَا ٱلَّذِينَ كُنَّا نَدْعُوا۟ مِن دُونِكَ فَأَلْقَوْا۟ إِلَيْهِمُ ٱلْقَوْلَ إِنَّكُمْ لَكَٰذِبُونَ	وإذا رأى الذين أشركوا شركاءهم قالوا ربنا هؤلاء شركاؤنا الذين كنا ندعو من دونك فألقوا إليهم القول إنكم لكاذبون
16	99	9	1	rab~i	رَبِّ	rab~	N	STEM|POS:N|LEM:rab~|ROOT:rbb|M|GEN	إِنَّهُۥ لَيْسَ لَهُۥ سُلْطَٰنٌ عَلَى ٱلَّذِينَ ءَامَنُوا۟ وَعَلَىٰ رَبِّهِمْ يَتَوَكَّلُونَ	إنه ليس له سلطان على الذين آمنوا وعلى ربهم يتوكلون
16	102	6	1	r~ab~i	رَّبِّ	rab~	N	STEM|POS:N|LEM:rab~|ROOT:rbb|M|GEN	قُلْ نَزَّلَهُۥ رُوحُ ٱلْقُدُسِ مِن رَّبِّكَ بِٱلْحَقِّ لِيُثَبِّتَ ٱلَّذِينَ ءَامَنُوا۟ وَهُدًى وَبُشْرَىٰ لِلْمُسْلِمِينَ	قل نزله روح القدس من ربك بالحق ليثبت الذين آمنوا وهدى وبشرى للمسلمين
16	110	3	1	rab~a	رَبَّ	rab~	N	STEM|POS:N|LEM:rab~|ROOT:rbb|M|ACC	ثُمَّ إِنَّ رَبَّكَ لِلَّذِينَ هَاجَرُوا۟ مِنۢ بَعْدِ مَا فُتِنُوا۟ ثُمَّ جَٰهَدُوا۟ وَصَبَرُوٓا۟ إِنَّ رَبَّكَ مِنۢ بَعْدِهَا لَغَفُورٌ رَّحِيمٌ	ثم إن ربك للذين هاجروا من بعد ما فتنوا ثم جاهدوا وصبروا إن ربك من بعدها لغفور رحيم
16	110	14	1	rab~a	رَبَّ	rab~	N	STEM|POS:N|LEM:rab~|ROOT:rbb|M|ACC	ثُمَّ إِنَّ رَبَّكَ لِلَّذِينَ هَاجَرُوا۟ مِنۢ بَعْدِ مَا فُتِنُوا۟ ثُمَّ جَٰهَدُوا۟ وَصَبَرُوٓا۟ إِنَّ رَبَّكَ مِنۢ بَعْدِهَا لَغَفُورٌ رَّحِيمٌ	ثم إن ربك للذين هاجروا من بعد ما فتنوا ثم جاهدوا وصبروا إن ربك من بعدها لغفور رحيم
16	119	3	1	rab~a	رَبَّ	rab~	N	STEM|POS:N|LEM:rab~|ROOT:rbb|M|ACC	ثُمَّ إِنَّ رَبَّكَ لِلَّذِينَ عَمِلُوا۟ ٱلسُّوٓءَ بِجَهَٰلَةٍ ثُمَّ تَابُوا۟ مِنۢ بَعْدِ ذَٰلِكَ وَأَصْلَحُوٓا۟ إِنَّ رَبَّكَ مِنۢ بَعْدِهَا لَغَفُورٌ رَّحِيمٌ	ثم إن ربك للذين عملوا السوء بجهالة ثم تابوا من بعد ذلك وأصلحوا إن ربك من بعدها لغفور رحيم
16	119	15	1	rab~a	رَبَّ	rab~	N	STEM|POS:N|LEM:rab~|ROOT:rbb|M|ACC	ثُمَّ إِنَّ رَبَّكَ لِلَّذِينَ عَمِلُوا۟ ٱلسُّوٓءَ بِجَهَٰلَةٍ ثُمَّ تَابُوا۟ مِنۢ بَعْدِ ذَٰلِكَ وَأَصْلَحُوٓا۟ إِنَّ رَبَّكَ مِنۢ بَعْدِهَا لَغَفُورٌ رَّحِيمٌ	ثم إن ربك للذين عملوا السوء بجهالة ثم تابوا من بعد ذلك وأصلحوا إن ربك من بعدها لغفور رحيم
16	124	9	1	rab~a	رَبَّ	rab~	N	STEM|POS:N|LEM:rab~|ROOT:rbb|M|ACC	إِنَّمَا جُعِلَ ٱلسَّبْتُ عَلَى ٱلَّذِينَ ٱخْتَلَفُوا۟ فِيهِ وَإِنَّ رَبَّكَ لَيَحْكُمُ بَيْنَهُمْ يَوْمَ ٱلْقِيَٰمَةِ فِيمَا كَانُوا۟ فِيهِ يَخْتَلِفُونَ	إنما جعل السبت على الذين اختلفوا فيه وإن ربك ليحكم بينهم يوم القيامة فيما كانوا فيه يختلفون
16	125	4	1	rab~i	رَبِّ	rab~	N	STEM|POS:N|LEM:rab~|ROOT:rbb|M|GEN	ٱدْعُ إِلَىٰ سَبِيلِ رَبِّكَ بِٱلْحِكْمَةِ وَٱلْمَوْعِظَةِ ٱلْحَسَنَةِ وَجَٰدِلْهُم بِٱلَّتِى هِىَ أَحْسَنُ إِنَّ رَبَّكَ هُوَ أَعْلَمُ بِمَن ضَلَّ عَن سَبِيلِهِۦ وَهُوَ أَعْلَمُ بِٱلْمُهْتَدِينَ	ادع إلى سبيل ربك بالحكمة والموعظة الحسنة وجادلهم بالتي هي أحسن إن ربك هو أعلم بمن ضل عن سبيله وهو أعلم بالمهتدين
16	125	13	1	rab~a	رَبَّ	rab~	N	STEM|POS:N|LEM:rab~|ROOT:rbb|M|ACC	ٱدْعُ إِلَىٰ سَبِيلِ رَبِّكَ بِٱلْحِكْمَةِ وَٱلْمَوْعِظَةِ ٱلْحَسَنَةِ وَجَٰدِلْهُم بِٱلَّتِى هِىَ أَحْسَنُ إِنَّ رَبَّكَ هُوَ أَعْلَمُ بِمَن ضَلَّ عَن سَبِيلِهِۦ وَهُوَ أَعْلَمُ بِٱلْمُهْتَدِينَ	ادع إلى سبيل ربك بالحكمة والموعظة الحسنة وجادلهم بالتي هي أحسن إن ربك هو أعلم بمن ضل عن سبيله وهو أعلم بالمهتدين
17	8	2	1	rab~u	رَبُّ	rab~	N	STEM|POS:N|LEM:rab~|ROOT:rbb|M|NOM	عَسَىٰ رَبُّكُمْ أَن يَرْحَمَكُمْ وَإِنْ عُدتُّمْ عُدْنَا وَجَعَلْنَا جَهَنَّمَ لِلْكَٰفِرِينَ حَصِيرًا	عسى ربكم أن يرحمكم وإن عدتم عدنا وجعلنا جهنم للكافرين حصيرا
17	12	15	1	r~ab~i	رَّبِّ	rab~	N	STEM|POS:N|LEM:rab~|ROOT:rbb|M|GEN	وَجَعَلْنَا ٱلَّيْلَ وَٱلنَّهَارَ ءَايَتَيْنِ فَمَحَوْنَآ ءَايَةَ ٱلَّيْلِ وَجَعَلْنَآ ءَايَةَ ٱلنَّهَارِ مُبْصِرَةً لِّتَبْتَغُوا۟ فَضْلًا مِّن رَّبِّكُمْ وَلِتَعْلَمُوا۟ عَدَدَ ٱلسِّنِينَ وَٱلْحِسَابَ وَكُلَّ شَىْءٍ فَصَّلْنَٰهُ تَفْصِيلًا	وجعلنا الليل والنهار آيتين فمحونا آية الليل وجعلنا آية النهار مبصرة لتبتغوا فضلا من ربكم ولتعلموا عدد السنين والحساب وكل شيء فصلناه تفصيلا
17	17	9	2	rab~i	رَبِّ	rab~	N	STEM|POS:N|LEM:rab~|ROOT:rbb|M|GEN	وَكَمْ أَهْلَكْنَا مِنَ ٱلْقُرُونِ مِنۢ بَعْدِ نُوحٍ وَكَفَىٰ بِرَبِّكَ بِذُنُوبِ عِبَادِهِۦ خَبِيرًۢا بَصِيرًا	وكم أهلكنا من القرون من بعد نوح وكفى بربك بذنوب عباده خبيرا بصيرا
17	20	7	1	rab~i	رَبِّ	rab~	N	STEM|POS:N|LEM:rab~|ROOT:rbb|M|GEN	كُلًّا نُّمِدُّ هَٰٓؤُلَآءِ وَهَٰٓؤُلَآءِ مِنْ عَطَآءِ رَبِّكَ وَمَا كَانَ عَطَآءُ رَبِّكَ مَحْظُورًا	كلا نمد هؤلاء وهؤلاء من عطاء ربك وما كان عطاء ربك محظورا
17	20	11	1	rab~i	رَبِّ	rab~	N	STEM|POS:N|LEM:rab~|ROOT:rbb|M|GEN	كُلًّا نُّمِدُّ هَٰٓؤُلَآءِ وَهَٰٓؤُلَآءِ مِنْ عَطَآءِ رَبِّكَ وَمَا كَانَ عَطَآءُ رَبِّكَ مَحْظُورًا	كلا نمد هؤلاء وهؤلاء من عطاء ربك وما كان عطاء ربك محظورا
17	23	2	1	rab~u	رَبُّ	rab~	N	STEM|POS:N|LEM:rab~|ROOT:rbb|M|NOM	وَقَضَىٰ رَبُّكَ أَلَّا تَعْبُدُوٓا۟ إِلَّآ إِيَّاهُ وَبِٱلْوَٰلِدَيْنِ إِحْسَٰنًا إِمَّا يَبْلُغَنَّ عِندَكَ ٱلْكِبَرَ أَحَدُهُمَآ أَوْ كِلَاهُمَا فَلَا تَقُل لَّهُمَآ أُفٍّ وَلَا تَنْهَرْهُمَا وَقُل لَّهُمَا قَوْلًا كَرِيمًا	وقضى ربك ألا تعبدوا إلا إياه وبالوالدين إحسانا إما يبلغن عندك الكبر أحدهما أو كلاهما فلا تقل لهما أف ولا تنهرهما وقل لهما قولا كريما
17	24	8	1	r~ab~i	رَّبِّ	rab~	N	STEM|POS:N|LEM:rab~|ROOT:rbb|M|NOM	وَٱخْفِضْ لَهُمَا جَنَاحَ ٱلذُّلِّ مِنَ ٱلرَّحْمَةِ وَقُل رَّبِّ ٱرْحَمْهُمَا كَمَا رَبَّيَانِى صَغِيرًا	واخفض لهما جناح الذل من الرحمة وقل رب ارحمهما كما ربياني صغيرا
17	25	1	1	r~ab~u	رَّبُّ	rab~	N	STEM|POS:N|LEM:rab~|ROOT:rbb|M|NOM	رَّبُّكُمْ أَعْلَمُ بِمَا فِى نُفُوسِكُمْ إِن تَكُونُوا۟ صَٰلِحِينَ فَإِنَّهُۥ كَانَ لِلْأَوَّٰبِينَ غَفُورًا	ربكم أعلم بما في نفوسكم إن تكونوا صالحين فإنه كان للأوابين غفورا
17	27	8	2	rab~i	رَبِّ	rab~	N	STEM|POS:N|LEM:rab~|ROOT:rbb|M|GEN	إِنَّ ٱلْمُبَذِّرِينَ كَانُوٓا۟ إِخْوَٰنَ ٱلشَّيَٰطِينِ وَكَانَ ٱلشَّيْطَٰنُ لِرَبِّهِۦ كَفُورًا	إن المبذرين كانوا إخوان الشياطين وكان الشيطان لربه كفورا
17	28	7	1	r~ab~i	رَّبِّ	rab~	N	STEM|POS:N|LEM:rab~|ROOT:rbb|M|GEN	وَإِمَّا تُعْرِضَنَّ عَنْهُمُ ٱبْتِغَآءَ رَحْمَةٍ مِّن رَّبِّكَ تَرْجُوهَا فَقُل لَّهُمْ قَوْلًا مَّيْسُورًا	وإما تعرضن عنهم ابتغاء رحمة من ربك ترجوها فقل لهم قولا ميسورا
17	30	2	1	rab~a	رَبَّ	rab~	N	STEM|POS:N|LEM:rab~|ROOT:rbb|M|ACC	إِنَّ رَبَّكَ يَبْسُطُ ٱلرِّزْقَ لِمَن يَشَآءُ وَيَقْدِرُ إِنَّهُۥ كَانَ بِعِبَادِهِۦ خَبِيرًۢا بَصِيرًا	إن ربك يبسط الرزق لمن يشاء ويقدر إنه كان بعباده خبيرا بصيرا
17	38	6	1	rab~i	رَبِّ	rab~	N	STEM|POS:N|LEM:rab~|ROOT:rbb|M|GEN	كُلُّ ذَٰلِكَ كَانَ سَيِّئُهُۥ عِندَ رَبِّكَ مَكْرُوهًا	كل ذلك كان سيئه عند ربك مكروها
17	39	5	1	rab~u	رَبُّ	rab~	N	STEM|POS:N|LEM:rab~|ROOT:rbb|M|NOM	ذَٰلِكَ مِمَّآ أَوْحَىٰٓ إِلَيْكَ رَبُّكَ مِنَ ٱلْحِكْمَةِ وَلَا تَجْعَلْ مَعَ ٱللَّهِ إِلَٰهًا ءَاخَرَ فَتُلْقَىٰ فِى جَهَنَّمَ مَلُومًا مَّدْحُورًا	ذلك مما أوحى إليك ربك من الحكمة ولا تجعل مع الله إلها آخر فتلقى في جهنم ملوما مدحورا
17	40	2	1	rab~u	رَبُّ	rab~	N	STEM|POS:N|LEM:rab~|ROOT:rbb|M|NOM	أَفَأَصْفَىٰكُمْ رَبُّكُم بِٱلْبَنِينَ وَٱتَّخَذَ مِنَ ٱلْمَلَٰٓئِكَةِ إِنَٰثًا إِنَّكُمْ لَتَقُولُونَ قَوْلًا عَظِيمًا	أفأصفاكم ربكم بالبنين واتخذ من الملائكة إناثا إنكم لتقولون قولا عظيما
17	46	12	1	rab~a	رَبَّ	rab~	N	STEM|POS:N|LEM:rab~|ROOT:rbb|M|ACC	وَجَعَلْنَا عَلَىٰ قُلُوبِهِمْ أَكِنَّةً أَن يَفْقَهُوهُ وَفِىٓ ءَاذَانِهِمْ وَقْرًا وَإِذَا ذَكَرْتَ رَبَّكَ فِى ٱلْقُرْءَانِ وَحْدَهُۥ وَلَّوْا۟ عَلَىٰٓ أَدْبَٰرِهِمْ نُفُورًا	وجعلنا على قلوبهم أكنة أن يفقهوه وفي آذانهم وقرا وإذا ذكرت ربك في القرآن وحده ولوا على أدبارهم نفورا
17	54	1	1	r~ab~u	رَّبُّ	rab~	N	STEM|POS:N|LEM:rab~|ROOT:rbb|M|NOM	رَّبُّكُمْ أَعْلَمُ بِكُمْ إِن يَشَأْ يَرْحَمْكُمْ أَوْ إِن يَشَأْ يُعَذِّبْكُمْ وَمَآ أَرْسَلْنَٰكَ عَلَيْهِمْ وَكِيلًا	ربكم أعلم بكم إن يشأ يرحمكم أو إن يشأ يعذبكم وما أرسلناك عليهم وكيلا
17	55	1	2	rab~u	رَبُّ	rab~	N	STEM|POS:N|LEM:rab~|ROOT:rbb|M|NOM	وَرَبُّكَ أَعْلَمُ بِمَن فِى ٱلسَّمَٰوَٰتِ وَٱلْأَرْضِ وَلَقَدْ فَضَّلْنَا بَعْضَ ٱلنَّبِيِّـۧنَ عَلَىٰ بَعْضٍ وَءَاتَيْنَا دَاوُۥدَ زَبُورًا	وربك أعلم بمن في السماوات والأرض ولقد فضلنا بعض النبيين على بعض وآتينا داوود زبورا
17	57	6	1	rab~i	رَبِّ	rab~	N	STEM|POS:N|LEM:rab~|ROOT:rbb|M|GEN	أُو۟لَٰٓئِكَ ٱلَّذِينَ يَدْعُونَ يَبْتَغُونَ إِلَىٰ رَبِّهِمُ ٱلْوَسِيلَةَ أَيُّهُمْ أَقْرَبُ وَيَرْجُونَ رَحْمَتَهُۥ وَيَخَافُونَ عَذَابَهُۥٓ إِنَّ عَذَابَ رَبِّكَ كَانَ مَحْذُورًا	أولئك الذين يدعون يبتغون إلى ربهم الوسيلة أيهم أقرب ويرجون رحمته ويخافون عذابه إن عذاب ربك كان محذورا
17	57	16	1	rab~i	رَبِّ	rab~	N	STEM|POS:N|LEM:rab~|ROOT:rbb|M|GEN	أُو۟لَٰٓئِكَ ٱلَّذِينَ يَدْعُونَ يَبْتَغُونَ إِلَىٰ رَبِّهِمُ ٱلْوَسِيلَةَ أَيُّهُمْ أَقْرَبُ وَيَرْجُونَ رَحْمَتَهُۥ وَيَخَافُونَ عَذَابَهُۥٓ إِنَّ عَذَابَ رَبِّكَ كَانَ مَحْذُورًا	أولئك الذين يدعون يبتغون إلى ربهم الوسيلة أيهم أقرب ويرجون رحمته ويخافون عذابه إن عذاب ربك كان محذورا
17	60	5	1	rab~a	رَبَّ	rab~	N	STEM|POS:N|LEM:rab~|ROOT:rbb|M|ACC	وَإِذْ قُلْنَا لَكَ إِنَّ رَبَّكَ أَحَاطَ بِٱلنَّاسِ وَمَا جَعَلْنَا ٱلرُّءْيَا ٱلَّتِىٓ أَرَيْنَٰكَ إِلَّا فِتْنَةً لِّلنَّاسِ وَٱلشَّجَرَةَ ٱلْمَلْعُونَةَ فِى ٱلْقُرْءَانِ وَنُخَوِّفُهُمْ فَمَا يَزِيدُهُمْ إِلَّا طُغْيَٰنًا كَبِيرًا	وإذ قلنا لك إن ربك أحاط بالناس وما جعلنا الرؤيا التي أريناك إلا فتنة للناس والشجرة الملعونة في القرآن ونخوفهم فما يزيدهم إلا طغيانا كبيرا
17	65	8	2	rab~i	رَبِّ	rab~	N	STEM|POS:N|LEM:rab~|ROOT:rbb|M|GEN	إِنَّ عِبَادِى لَيْسَ لَكَ عَلَيْهِمْ سُلْطَٰنٌ وَكَفَىٰ بِرَبِّكَ وَكِيلًا	إن عبادي ليس لك عليهم سلطان وكفى بربك وكيلا
17	66	1	1	r~ab~u	رَّبُّ	rab~	N	STEM|POS:N|LEM:rab~|ROOT:rbb|M|NOM	رَّبُّكُمُ ٱلَّذِى يُزْجِى لَكُمُ ٱلْفُلْكَ فِى ٱلْبَحْرِ لِتَبْتَغُوا۟ مِن فَضْلِهِۦٓ إِنَّهُۥ كَانَ بِكُمْ رَحِيمًا	ربكم الذي يزجي لكم الفلك في البحر لتبتغوا من فضله إنه كان بكم رحيما
17	79	10	1	rab~u	رَبُّ	rab~	N	STEM|POS:N|LEM:rab~|ROOT:rbb|M|NOM	وَمِنَ ٱلَّيْلِ فَتَهَجَّدْ بِهِۦ نَافِلَةً لَّكَ عَسَىٰٓ أَن يَبْعَثَكَ رَبُّكَ مَقَامًا مَّحْمُودًا	ومن الليل فتهجد به نافلة لك عسى أن يبعثك ربك مقاما محمودا
17	80	2	1	r~ab~i	رَّبِّ	rab~	N	STEM|POS:N|LEM:rab~|ROOT:rbb|M|NOM	وَقُل رَّبِّ أَدْخِلْنِى مُدْخَلَ صِدْقٍ وَأَخْرِجْنِى مُخْرَجَ صِدْقٍ وَٱجْعَل لِّى مِن لَّدُنكَ سُلْطَٰنًا نَّصِيرًا	وقل رب أدخلني مدخل صدق وأخرجني مخرج صدق واجعل لي من لدنك سلطانا نصيرا
17	84	6	2	rab~u	رَبُّ	rab~	N	STEM|POS:N|LEM:rab~|ROOT:rbb|M|NOM	قُلْ كُلٌّ يَعْمَلُ عَلَىٰ شَاكِلَتِهِۦ فَرَبُّكُمْ أَعْلَمُ بِمَنْ هُوَ أَهْدَىٰ سَبِيلًا	قل كل يعمل على شاكلته فربكم أعلم بمن هو أهدى سبيلا
17	85	8	1	rab~i	رَبِّ	rab~	N	STEM|POS:N|LEM:rab~|ROOT:rbb|M|NOM	وَيَسْـَٔلُونَكَ عَنِ ٱلرُّوحِ قُلِ ٱلرُّوحُ مِنْ أَمْرِ رَبِّى وَمَآ أُوتِيتُم مِّنَ ٱلْعِلْمِ إِلَّا قَلِيلًا	ويسألونك عن الروح قل الروح من أمر ربي وما أوتيتم من العلم إلا قليلا
17	87	4	1	r~ab~i	رَّبِّ	rab~	N	STEM|POS:N|LEM:rab~|ROOT:rbb|M|GEN	إِلَّا رَحْمَةً مِّن رَّبِّكَ إِنَّ فَضْلَهُۥ كَانَ عَلَيْكَ كَبِيرًا	إلا رحمة من ربك إن فضله كان عليك كبيرا
17	93	21	1	rab~i	رَبِّ	rab~	N	STEM|POS:N|LEM:rab~|ROOT:rbb|M|NOM	أَوْ يَكُونَ لَكَ بَيْتٌ مِّن زُخْرُفٍ أَوْ تَرْقَىٰ فِى ٱلسَّمَآءِ وَلَن نُّؤْمِنَ لِرُقِيِّكَ حَتَّىٰ تُنَزِّلَ عَلَيْنَا كِتَٰبًا نَّقْرَؤُهُۥ قُلْ سُبْحَانَ رَبِّى هَلْ كُنتُ إِلَّا بَشَرًا رَّسُولًا	أو يكون لك بيت من زخرف أو ترقى في السماء ولن نؤمن لرقيك حتى تنزل علينا كتابا نقرؤه قل سبحان ربي هل كنت إلا بشرا رسولا
17	100	7	1	rab~i	رَبِّ	rab~	N	STEM|POS:N|LEM:rab~|ROOT:rbb|M|NOM	قُل لَّوْ أَنتُمْ تَمْلِكُونَ خَزَآئِنَ رَحْمَةِ رَبِّىٓ إِذًا لَّأَمْسَكْتُمْ خَشْيَةَ ٱلْإِنفَاقِ وَكَانَ ٱلْإِنسَٰنُ قَتُورًا	قل لو أنتم تملكون خزائن رحمة ربي إذا لأمسكتم خشية الإنفاق وكان الإنسان قتورا
17	102	8	1	rab~u	رَبُّ	rab~	N	STEM|POS:N|LEM:rab~|ROOT:rbb|M|NOM	قَالَ لَقَدْ عَلِمْتَ مَآ أَنزَلَ هَٰٓؤُلَآءِ إِلَّا رَبُّ ٱلسَّمَٰوَٰتِ وَٱلْأَرْضِ بَصَآئِرَ وَإِنِّى لَأَظُنُّكَ يَٰفِرْعَوْنُ مَثْبُورًا	قال لقد علمت ما أنزل هؤلاء إلا رب السماوات والأرض بصائر وإني لأظنك يا فرعون مثبورا
17	108	3	1	rab~i	رَبِّ	rab~	N	STEM|POS:N|LEM:rab~|ROOT:rbb|M|GEN	وَيَقُولُونَ سُبْحَٰنَ رَبِّنَآ إِن كَانَ وَعْدُ رَبِّنَا لَمَفْعُولًا	ويقولون سبحان ربنا إن كان وعد ربنا لمفعولا
17	108	7	1	rab~i	رَبِّ	rab~	N	STEM|POS:N|LEM:rab~|ROOT:rbb|M|GEN	وَيَقُولُونَ سُبْحَٰنَ رَبِّنَآ إِن كَانَ وَعْدُ رَبِّنَا لَمَفْعُولًا	ويقولون سبحان ربنا إن كان وعد ربنا لمفعولا
18	10	7	1	rab~a	رَبَّ	rab~	N	STEM|POS:N|LEM:rab~|ROOT:rbb|M|ACC	إِذْ أَوَى ٱلْفِتْيَةُ إِلَى ٱلْكَهْفِ فَقَالُوا۟ رَبَّنَآ ءَاتِنَا مِن لَّدُنكَ رَحْمَةً وَهَيِّئْ لَنَا مِنْ أَمْرِنَا رَشَدًا	إذ أوى الفتية إلى الكهف فقالوا ربنا آتنا من لدنك رحمة وهيئ لنا من أمرنا رشدا
18	13	9	2	rab~i	رَبِّ	rab~	N	STEM|POS:N|LEM:rab~|ROOT:rbb|M|GEN	نَّحْنُ نَقُصُّ عَلَيْكَ نَبَأَهُم بِٱلْحَقِّ إِنَّهُمْ فِتْيَةٌ ءَامَنُوا۟ بِرَبِّهِمْ وَزِدْنَٰهُمْ هُدًى	نحن نقص عليك نبأهم بالحق إنهم فتية آمنوا بربهم وزدناهم هدى
18	14	7	1	rab~u	رَبُّ	rab~	N	STEM|POS:N|LEM:rab~|ROOT:rbb|M|NOM	وَرَبَطْنَا عَلَىٰ قُلُوبِهِمْ إِذْ قَامُوا۟ فَقَالُوا۟ رَبُّنَا رَبُّ ٱلسَّمَٰوَٰتِ وَٱلْأَرْضِ لَن نَّدْعُوَا۟ مِن دُونِهِۦٓ إِلَٰهًا لَّقَدْ قُلْنَآ إِذًا شَطَطًا	وربطنا على قلوبهم إذ قاموا فقالوا ربنا رب السماوات والأرض لن ندعو من دونه إلها لقد قلنا إذا شططا
18	14	8	1	rab~u	رَبُّ	rab~	N	STEM|POS:N|LEM:rab~|ROOT:rbb|M|NOM	وَرَبَطْنَا عَلَىٰ قُلُوبِهِمْ إِذْ قَامُوا۟ فَقَالُوا۟ رَبُّنَا رَبُّ ٱلسَّمَٰوَٰتِ وَٱلْأَرْضِ لَن نَّدْعُوَا۟ مِن دُونِهِۦٓ إِلَٰهًا لَّقَدْ قُلْنَآ إِذًا شَطَطًا	وربطنا على قلوبهم إذ قاموا فقالوا ربنا رب السماوات والأرض لن ندعو من دونه إلها لقد قلنا إذا شططا
18	16	12	1	rab~u	رَبُّ	rab~	N	STEM|POS:N|LEM:rab~|ROOT:rbb|M|NOM	وَإِذِ ٱعْتَزَلْتُمُوهُمْ وَمَا يَعْبُدُونَ إِلَّا ٱللَّهَ فَأْوُۥٓا۟ إِلَى ٱلْكَهْفِ يَنشُرْ لَكُمْ رَبُّكُم مِّن رَّحْمَتِهِۦ وَيُهَيِّئْ لَكُم مِّنْ أَمْرِكُم مِّرْفَقًا	وإذ اعتزلتموهم وما يعبدون إلا الله فأووا إلى الكهف ينشر لكم ربكم من رحمته ويهيئ لكم من أمركم مرفقا
18	19	17	1	rab~u	رَبُّ	rab~	N	STEM|POS:N|LEM:rab~|ROOT:rbb|M|NOM	وَكَذَٰلِكَ بَعَثْنَٰهُمْ لِيَتَسَآءَلُوا۟ بَيْنَهُمْ قَالَ قَآئِلٌ مِّنْهُمْ كَمْ لَبِثْتُمْ قَالُوا۟ لَبِثْنَا يَوْمًا أَوْ بَعْضَ يَوْمٍ قَالُوا۟ رَبُّكُمْ أَعْلَمُ بِمَا لَبِثْتُمْ فَٱبْعَثُوٓا۟ أَحَدَكُم بِوَرِقِكُمْ هَٰذِهِۦٓ إِلَى ٱلْمَدِينَةِ فَلْيَنظُرْ أَيُّهَآ أَزْكَىٰ طَعَامًا فَلْيَأْتِكُم بِرِزْقٍ مِّنْهُ وَلْيَتَلَطَّفْ وَلَا يُشْعِرَنَّ بِكُمْ أَحَدًا	وكذلك بعثناهم ليتساءلوا بينهم قال قائل منهم كم لبثتم قالوا لبثنا يوما أو بعض يوم قالوا ربكم أعلم بما لبثتم فابعثوا أحدكم بورقكم هذه إلى المدينة فلينظر أيها أزكى طعاما فليأتكم برزق منه وليتلطف ولا يشعرن بكم أحدا
18	21	22	1	r~ab~u	رَّبُّ	rab~	N	STEM|POS:N|LEM:rab~|ROOT:rbb|M|NOM	وَكَذَٰلِكَ أَعْثَرْنَا عَلَيْهِمْ لِيَعْلَمُوٓا۟ أَنَّ وَعْدَ ٱللَّهِ حَقٌّ وَأَنَّ ٱلسَّاعَةَ لَا رَيْبَ فِيهَآ إِذْ يَتَنَٰزَعُونَ بَيْنَهُمْ أَمْرَهُمْ فَقَالُوا۟ ٱبْنُوا۟ عَلَيْهِم بُنْيَٰنًا رَّبُّهُمْ أَعْلَمُ بِهِمْ قَالَ ٱلَّذِينَ غَلَبُوا۟ عَلَىٰٓ أَمْرِهِمْ لَنَتَّخِذَنَّ عَلَيْهِم مَّسْجِدًا	وكذلك أعثرنا عليهم ليعلموا أن وعد الله حق وأن الساعة لا ريب فيها إذ يتنازعون بينهم أمرهم فقالوا ابنوا عليهم بنيانا ربهم أعلم بهم قال الذين غلبوا على أمرهم لنتخذن عليهم مسجدا
18	22	16	1	r~ab~i	رَّبِّ	rab~	N	STEM|POS:N|LEM:rab~|ROOT:rbb|M|NOM	سَيَقُولُونَ ثَلَٰثَةٌ رَّابِعُهُمْ كَلْبُهُمْ وَيَقُولُونَ خَمْسَةٌ سَادِسُهُمْ كَلْبُهُمْ رَجْمًۢا بِٱلْغَيْبِ وَيَقُولُونَ سَبْعَةٌ وَثَامِنُهُمْ كَلْبُهُمْ قُل رَّبِّىٓ أَعْلَمُ بِعِدَّتِهِم مَّا يَعْلَمُهُمْ إِلَّا قَلِيلٌ فَلَا تُمَارِ فِيهِمْ إِلَّا مِرَآءً ظَٰهِرًا وَلَا تَسْتَفْتِ فِيهِم مِّنْهُمْ أَحَدًا	سيقولون ثلاثة رابعهم كلبهم ويقولون خمسة سادسهم كلبهم رجما بالغيب ويقولون سبعة وثامنهم كلبهم قل ربي أعلم بعدتهم ما يعلمهم إلا قليل فلا تمار فيهم إلا مراء ظاهرا ولا تستفت فيهم منهم أحدا
18	24	6	1	r~ab~a	رَّبَّ	rab~	N	STEM|POS:N|LEM:rab~|ROOT:rbb|M|ACC	إِلَّآ أَن يَشَآءَ ٱللَّهُ وَٱذْكُر رَّبَّكَ إِذَا نَسِيتَ وَقُلْ عَسَىٰٓ أَن يَهْدِيَنِ رَبِّى لِأَقْرَبَ مِنْ هَٰذَا رَشَدًا	إلا أن يشاء الله واذكر ربك إذا نسيت وقل عسى أن يهدين ربي لأقرب من هذا رشدا
18	24	13	1	rab~i	رَبِّ	rab~	N	STEM|POS:N|LEM:rab~|ROOT:rbb|M|NOM	إِلَّآ أَن يَشَآءَ ٱللَّهُ وَٱذْكُر رَّبَّكَ إِذَا نَسِيتَ وَقُلْ عَسَىٰٓ أَن يَهْدِيَنِ رَبِّى لِأَقْرَبَ مِنْ هَٰذَا رَشَدًا	إلا أن يشاء الله واذكر ربك إذا نسيت وقل عسى أن يهدين ربي لأقرب من هذا رشدا
18	27	7	1	rab~i	رَبِّ	rab~	N	STEM|POS:N|LEM:rab~|ROOT:rbb|M|GEN	وَٱتْلُ مَآ أُوحِىَ إِلَيْكَ مِن كِتَابِ رَبِّكَ لَا مُبَدِّلَ لِكَلِمَٰتِهِۦ وَلَن تَجِدَ مِن دُونِهِۦ مُلْتَحَدًا	واتل ما أوحي إليك من كتاب ربك لا مبدل لكلماته ولن تجد من دونه ملتحدا
18	28	6	1	rab~a	رَبَّ	rab~	N	STEM|POS:N|LEM:rab~|ROOT:rbb|M|ACC	وَٱصْبِرْ نَفْسَكَ مَعَ ٱلَّذِينَ يَدْعُونَ رَبَّهُم بِٱلْغَدَوٰةِ وَٱلْعَشِىِّ يُرِيدُونَ وَجْهَهُۥ وَلَا تَعْدُ عَيْنَاكَ عَنْهُمْ تُرِيدُ زِينَةَ ٱلْحَيَوٰةِ ٱلدُّنْيَا وَلَا تُطِعْ مَنْ أَغْفَلْنَا قَلْبَهُۥ عَن ذِكْرِنَا وَٱتَّبَعَ هَوَىٰهُ وَكَانَ أَمْرُهُۥ فُرُطًا	واصبر نفسك مع الذين يدعون ربهم بالغداة والعشي يريدون وجهه ولا تعد عيناك عنهم تريد زينة الحياة الدنيا ولا تطع من أغفلنا قلبه عن ذكرنا واتبع هواه وكان أمره فرطا
18	29	4	1	r~ab~i	رَّبِّ	rab~	N	STEM|POS:N|LEM:rab~|ROOT:rbb|M|GEN	وَقُلِ ٱلْحَقُّ مِن رَّبِّكُمْ فَمَن شَآءَ فَلْيُؤْمِن وَمَن شَآءَ فَلْيَكْفُرْ إِنَّآ أَعْتَدْنَا لِلظَّٰلِمِينَ نَارًا أَحَاطَ بِهِمْ سُرَادِقُهَا وَإِن يَسْتَغِيثُوا۟ يُغَاثُوا۟ بِمَآءٍ كَٱلْمُهْلِ يَشْوِى ٱلْوُجُوهَ بِئْسَ ٱلشَّرَابُ وَسَآءَتْ مُرْتَفَقًا	وقل الحق من ربكم فمن شاء فليؤمن ومن شاء فليكفر إنا أعتدنا للظالمين نارا أحاط بهم سرادقها وإن يستغيثوا يغاثوا بماء كالمهل يشوي الوجوه بئس الشراب وساءت مرتفقا
18	36	8	1	rab~i	رَبِّ	rab~	N	STEM|POS:N|LEM:rab~|ROOT:rbb|M|GEN	وَمَآ أَظُنُّ ٱلسَّاعَةَ قَآئِمَةً وَلَئِن رُّدِدتُّ إِلَىٰ رَبِّى لَأَجِدَنَّ خَيْرًا مِّنْهَا مُنقَلَبًا	وما أظن الساعة قائمة ولئن رددت إلى ربي لأجدن خيرا منها منقلبا
18	38	4	1	rab~i	رَبِّ	rab~	N	STEM|POS:N|LEM:rab~|ROOT:rbb|M|NOM	لَّٰكِنَّا۠ هُوَ ٱللَّهُ رَبِّى وَلَآ أُشْرِكُ بِرَبِّىٓ أَحَدًا	لكنا هو الله ربي ولا أشرك بربي أحدا
18	38	7	2	rab~i	رَبِّ	rab~	N	STEM|POS:N|LEM:rab~|ROOT:rbb|M|GEN	لَّٰكِنَّا۠ هُوَ ٱللَّهُ رَبِّى وَلَآ أُشْرِكُ بِرَبِّىٓ أَحَدًا	لكنا هو الله ربي ولا أشرك بربي أحدا
18	40	2	1	rab~i	رَبِّ	rab~	N	STEM|POS:N|LEM:rab~|ROOT:rbb|M|NOM	فَعَسَىٰ رَبِّىٓ أَن يُؤْتِيَنِ خَيْرًا مِّن جَنَّتِكَ وَيُرْسِلَ عَلَيْهَا حُسْبَانًا مِّنَ ٱلسَّمَآءِ فَتُصْبِحَ صَعِيدًا زَلَقًا	فعسى ربي أن يؤتين خيرا من جنتك ويرسل عليها حسبانا من السماء فتصبح صعيدا زلقا
18	42	18	2	rab~i	رَبِّ	rab~	N	STEM|POS:N|LEM:rab~|ROOT:rbb|M|GEN	وَأُحِيطَ بِثَمَرِهِۦ فَأَصْبَحَ يُقَلِّبُ كَفَّيْهِ عَلَىٰ مَآ أَنفَقَ فِيهَا وَهِىَ خَاوِيَةٌ عَلَىٰ عُرُوشِهَا وَيَقُولُ يَٰلَيْتَنِى لَمْ أُشْرِكْ بِرَبِّىٓ أَحَدًا	وأحيط بثمره فأصبح يقلب كفيه على ما أنفق فيها وهي خاوية على عروشها ويقول يا ليتني لم أشرك بربي أحدا
18	46	10	1	rab~i	رَبِّ	rab~	N	STEM|POS:N|LEM:rab~|ROOT:rbb|M|GEN	ٱلْمَالُ وَٱلْبَنُونَ زِينَةُ ٱلْحَيَوٰةِ ٱلدُّنْيَا وَٱلْبَٰقِيَٰتُ ٱلصَّٰلِحَٰتُ خَيْرٌ عِندَ رَبِّكَ ثَوَابًا وَخَيْرٌ أَمَلًا	المال والبنون زينة الحياة الدنيا والباقيات الصالحات خير عند ربك ثوابا وخير أملا
18	48	3	1	rab~i	رَبِّ	rab~	N	STEM|POS:N|LEM:rab~|ROOT:rbb|M|GEN	وَعُرِضُوا۟ عَلَىٰ رَبِّكَ صَفًّا لَّقَدْ جِئْتُمُونَا كَمَا خَلَقْنَٰكُمْ أَوَّلَ مَرَّةٍۭ بَلْ زَعَمْتُمْ أَلَّن نَّجْعَلَ لَكُم مَّوْعِدًا	وعرضوا على ربك صفا لقد جئتمونا كما خلقناكم أول مرة بل زعمتم ألن نجعل لكم موعدا
18	49	26	1	rab~u	رَبُّ	rab~	N	STEM|POS:N|LEM:rab~|ROOT:rbb|M|NOM	وَوُضِعَ ٱلْكِتَٰبُ فَتَرَى ٱلْمُجْرِمِينَ مُشْفِقِينَ مِمَّا فِيهِ وَيَقُولُونَ يَٰوَيْلَتَنَا مَالِ هَٰذَا ٱلْكِتَٰبِ لَا يُغَادِرُ صَغِيرَةً وَلَا كَبِيرَةً إِلَّآ أَحْصَىٰهَا وَوَجَدُوا۟ مَا عَمِلُوا۟ حَاضِرًا وَلَا يَظْلِمُ رَبُّكَ أَحَدًا	ووضع الكتاب فترى المجرمين مشفقين مما فيه ويقولون يا ويلتنا مال هذا الكتاب لا يغادر صغيرة ولا كبيرة إلا أحصاها ووجدوا ما عملوا حاضرا ولا يظلم ربك أحدا
18	50	15	1	rab~i	رَبِّ	rab~	N	STEM|POS:N|LEM:rab~|ROOT:rbb|M|GEN	وَإِذْ قُلْنَا لِلْمَلَٰٓئِكَةِ ٱسْجُدُوا۟ لِـَٔادَمَ فَسَجَدُوٓا۟ إِلَّآ إِبْلِيسَ كَانَ مِنَ ٱلْجِنِّ فَفَسَقَ عَنْ أَمْرِ رَبِّهِۦٓ أَفَتَتَّخِذُونَهُۥ وَذُرِّيَّتَهُۥٓ أَوْلِيَآءَ مِن دُونِى وَهُمْ لَكُمْ عَدُوٌّۢ بِئْسَ لِلظَّٰلِمِينَ بَدَلًا	وإذ قلنا للملائكة اسجدوا لآدم فسجدوا إلا إبليس كان من الجن ففسق عن أمر ربه أفتتخذونه وذريته أولياء من دوني وهم لكم عدو بئس للظالمين بدلا
18	55	10	1	rab~a	رَبَّ	rab~	N	STEM|POS:N|LEM:rab~|ROOT:rbb|M|ACC	وَمَا مَنَعَ ٱلنَّاسَ أَن يُؤْمِنُوٓا۟ إِذْ جَآءَهُمُ ٱلْهُدَىٰ وَيَسْتَغْفِرُوا۟ رَبَّهُمْ إِلَّآ أَن تَأْتِيَهُمْ سُنَّةُ ٱلْأَوَّلِينَ أَوْ يَأْتِيَهُمُ ٱلْعَذَابُ قُبُلًا	وما منع الناس أن يؤمنوا إذ جاءهم الهدى ويستغفروا ربهم إلا أن تأتيهم سنة الأولين أو يأتيهم العذاب قبلا
18	57	6	1	rab~i	رَبِّ	rab~	N	STEM|POS:N|LEM:rab~|ROOT:rbb|M|GEN	وَمَنْ أَظْلَمُ مِمَّن ذُكِّرَ بِـَٔايَٰتِ رَبِّهِۦ فَأَعْرَضَ عَنْهَا وَنَسِىَ مَا قَدَّمَتْ يَدَاهُ إِنَّا جَعَلْنَا عَلَىٰ قُلُوبِهِمْ أَكِنَّةً أَن يَفْقَهُوهُ وَفِىٓ ءَاذَانِهِمْ وَقْرًا وَإِن تَدْعُهُمْ إِلَى ٱلْهُدَىٰ فَلَن يَهْتَدُوٓا۟ إِذًا أَبَدًا	ومن أظلم ممن ذكر بآيات ربه فأعرض عنها ونسي ما قدمت يداه إنا جعلنا على قلوبهم أكنة أن يفقهوه وفي آذانهم وقرا وإن تدعهم إلى الهدى فلن يهتدوا إذا أبدا
18	58	1	2	rab~u	رَبُّ	rab~	N	STEM|POS:N|LEM:rab~|ROOT:rbb|M|NOM	وَرَبُّكَ ٱلْغَفُورُ ذُو ٱلرَّحْمَةِ لَوْ يُؤَاخِذُهُم بِمَا كَسَبُوا۟ لَعَجَّلَ لَهُمُ ٱلْعَذَابَ بَل لَّهُم مَّوْعِدٌ لَّن يَجِدُوا۟ مِن دُونِهِۦ مَوْئِلًا	وربك الغفور ذو الرحمة لو يؤاخذهم بما كسبوا لعجل لهم العذاب بل لهم موعد لن يجدوا من دونه موئلا
18	81	4	1	rab~u	رَبُّ	rab~	N	STEM|POS:N|LEM:rab~|ROOT:rbb|M|NOM	فَأَرَدْنَآ أَن يُبْدِلَهُمَا رَبُّهُمَا خَيْرًا مِّنْهُ زَكَوٰةً وَأَقْرَبَ رُحْمًا	فأردنا أن يبدلهما ربهما خيرا منه زكاة وأقرب رحما
18	82	16	1	rab~u	رَبُّ	rab~	N	STEM|POS:N|LEM:rab~|ROOT:rbb|M|NOM	وَأَمَّا ٱلْجِدَارُ فَكَانَ لِغُلَٰمَيْنِ يَتِيمَيْنِ فِى ٱلْمَدِينَةِ وَكَانَ تَحْتَهُۥ كَنزٌ لَّهُمَا وَكَانَ أَبُوهُمَا صَٰلِحًا فَأَرَادَ رَبُّكَ أَن يَبْلُغَآ أَشُدَّهُمَا وَيَسْتَخْرِجَا كَنزَهُمَا رَحْمَةً مِّن رَّبِّكَ وَمَا فَعَلْتُهُۥ عَنْ أَمْرِى ذَٰلِكَ تَأْوِيلُ مَا لَمْ تَسْطِع عَّلَيْهِ صَبْرًا	وأما الجدار فكان لغلامين يتيمين في المدينة وكان تحته كنز لهما وكان أبوهما صالحا فأراد ربك أن يبلغا أشدهما ويستخرجا كنزهما رحمة من ربك وما فعلته عن أمري ذلك تأويل ما لم تسطع عليه صبرا
18	82	24	1	r~ab~i	رَّبِّ	rab~	N	STEM|POS:N|LEM:rab~|ROOT:rbb|M|GEN	وَأَمَّا ٱلْجِدَارُ فَكَانَ لِغُلَٰمَيْنِ يَتِيمَيْنِ فِى ٱلْمَدِينَةِ وَكَانَ تَحْتَهُۥ كَنزٌ لَّهُمَا وَكَانَ أَبُوهُمَا صَٰلِحًا فَأَرَادَ رَبُّكَ أَن يَبْلُغَآ أَشُدَّهُمَا وَيَسْتَخْرِجَا كَنزَهُمَا رَحْمَةً مِّن رَّبِّكَ وَمَا فَعَلْتُهُۥ عَنْ أَمْرِى ذَٰلِكَ تَأْوِيلُ مَا لَمْ تَسْطِع عَّلَيْهِ صَبْرًا	وأما الجدار فكان لغلامين يتيمين في المدينة وكان تحته كنز لهما وكان أبوهما صالحا فأراد ربك أن يبلغا أشدهما ويستخرجا كنزهما رحمة من ربك وما فعلته عن أمري ذلك تأويل ما لم تسطع عليه صبرا
18	87	10	1	rab~i	رَبِّ	rab~	N	STEM|POS:N|LEM:rab~|ROOT:rbb|M|GEN	قَالَ أَمَّا مَن ظَلَمَ فَسَوْفَ نُعَذِّبُهُۥ ثُمَّ يُرَدُّ إِلَىٰ رَبِّهِۦ فَيُعَذِّبُهُۥ عَذَابًا نُّكْرًا	قال أما من ظلم فسوف نعذبه ثم يرد إلى ربه فيعذبه عذابا نكرا
18	95	5	1	rab~i	رَبِّ	rab~	N	STEM|POS:N|LEM:rab~|ROOT:rbb|M|NOM	قَالَ مَا مَكَّنِّى فِيهِ رَبِّى خَيْرٌ فَأَعِينُونِى بِقُوَّةٍ أَجْعَلْ بَيْنَكُمْ وَبَيْنَهُمْ رَدْمًا	قال ما مكني فيه ربي خير فأعينوني بقوة أجعل بينكم وبينهم ردما
18	98	5	1	r~ab~i	رَّبِّ	rab~	N	STEM|POS:N|LEM:rab~|ROOT:rbb|M|GEN	قَالَ هَٰذَا رَحْمَةٌ مِّن رَّبِّى فَإِذَا جَآءَ وَعْدُ رَبِّى جَعَلَهُۥ دَكَّآءَ وَكَانَ وَعْدُ رَبِّى حَقًّا	قال هذا رحمة من ربي فإذا جاء وعد ربي جعله دكاء وكان وعد ربي حقا
18	98	9	1	rab~i	رَبِّ	rab~	N	STEM|POS:N|LEM:rab~|ROOT:rbb|M|NOM	قَالَ هَٰذَا رَحْمَةٌ مِّن رَّبِّى فَإِذَا جَآءَ وَعْدُ رَبِّى جَعَلَهُۥ دَكَّآءَ وَكَانَ وَعْدُ رَبِّى حَقًّا	قال هذا رحمة من ربي فإذا جاء وعد ربي جعله دكاء وكان وعد ربي حقا
18	98	14	1	rab~i	رَبِّ	rab~	N	STEM|POS:N|LEM:rab~|ROOT:rbb|M|NOM	قَالَ هَٰذَا رَحْمَةٌ مِّن رَّبِّى فَإِذَا جَآءَ وَعْدُ رَبِّى جَعَلَهُۥ دَكَّآءَ وَكَانَ وَعْدُ رَبِّى حَقًّا	قال هذا رحمة من ربي فإذا جاء وعد ربي جعله دكاء وكان وعد ربي حقا
18	105	5	1	rab~i	رَبِّ	rab~	N	STEM|POS:N|LEM:rab~|ROOT:rbb|M|GEN	أُو۟لَٰٓئِكَ ٱلَّذِينَ كَفَرُوا۟ بِـَٔايَٰتِ رَبِّهِمْ وَلِقَآئِهِۦ فَحَبِطَتْ أَعْمَٰلُهُمْ فَلَا نُقِيمُ لَهُمْ يَوْمَ ٱلْقِيَٰمَةِ وَزْنًا	أولئك الذين كفروا بآيات ربهم ولقائه فحبطت أعمالهم فلا نقيم لهم يوم القيامة وزنا
18	109	7	1	rab~i	رَبِّ	rab~	N	STEM|POS:N|LEM:rab~|ROOT:rbb|M|NOM	قُل لَّوْ كَانَ ٱلْبَحْرُ مِدَادًا لِّكَلِمَٰتِ رَبِّى لَنَفِدَ ٱلْبَحْرُ قَبْلَ أَن تَنفَدَ كَلِمَٰتُ رَبِّى وَلَوْ جِئْنَا بِمِثْلِهِۦ مَدَدًا	قل لو كان البحر مدادا لكلمات ربي لنفد البحر قبل أن تنفد كلمات ربي ولو جئنا بمثله مددا
18	109	14	1	rab~i	رَبِّ	rab~	N	STEM|POS:N|LEM:rab~|ROOT:rbb|M|NOM	قُل لَّوْ كَانَ ٱلْبَحْرُ مِدَادًا لِّكَلِمَٰتِ رَبِّى لَنَفِدَ ٱلْبَحْرُ قَبْلَ أَن تَنفَدَ كَلِمَٰتُ رَبِّى وَلَوْ جِئْنَا بِمِثْلِهِۦ مَدَدًا	قل لو كان البحر مدادا لكلمات ربي لنفد البحر قبل أن تنفد كلمات ربي ولو جئنا بمثله مددا
18	110	16	1	rab~i	رَبِّ	rab~	N	STEM|POS:N|LEM:rab~|ROOT:rbb|M|GEN	قُلْ إِنَّمَآ أَنَا۠ بَشَرٌ مِّثْلُكُمْ يُوحَىٰٓ إِلَىَّ أَنَّمَآ إِلَٰهُكُمْ إِلَٰهٌ وَٰحِدٌ فَمَن كَانَ يَرْجُوا۟ لِقَآءَ رَبِّهِۦ فَلْيَعْمَلْ عَمَلًا صَٰلِحًا وَلَا يُشْرِكْ بِعِبَادَةِ رَبِّهِۦٓ أَحَدًۢا	قل إنما أنا بشر مثلكم يوحى إلي أنما إلهكم إله واحد فمن كان يرجو لقاء ربه فليعمل عملا صالحا ولا يشرك بعبادة ربه أحدا
18	110	23	1	rab~i	رَبِّ	rab~	N	STEM|POS:N|LEM:rab~|ROOT:rbb|M|GEN	قُلْ إِنَّمَآ أَنَا۠ بَشَرٌ مِّثْلُكُمْ يُوحَىٰٓ إِلَىَّ أَنَّمَآ إِلَٰهُكُمْ إِلَٰهٌ وَٰحِدٌ فَمَن كَانَ يَرْجُوا۟ لِقَآءَ رَبِّهِۦ فَلْيَعْمَلْ عَمَلًا صَٰلِحًا وَلَا يُشْرِكْ بِعِبَادَةِ رَبِّهِۦٓ أَحَدًۢا	قل إنما أنا بشر مثلكم يوحى إلي أنما إلهكم إله واحد فمن كان يرجو لقاء ربه فليعمل عملا صالحا ولا يشرك بعبادة ربه أحدا
19	2	3	1	rab~i	رَبِّ	rab~	N	STEM|POS:N|LEM:rab~|ROOT:rbb|M|GEN	ذِكْرُ رَحْمَتِ رَبِّكَ عَبْدَهُۥ زَكَرِيَّآ	ذكر رحمت ربك عبده زكريا
19	3	3	1	rab~a	رَبَّ	rab~	N	STEM|POS:N|LEM:rab~|ROOT:rbb|M|ACC	إِذْ نَادَىٰ رَبَّهُۥ نِدَآءً خَفِيًّا	إذ نادى ربه نداء خفيا
19	4	2	1	rab~i	رَبِّ	rab~	N	STEM|POS:N|LEM:rab~|ROOT:rbb|M|ACC	قَالَ رَبِّ إِنِّى وَهَنَ ٱلْعَظْمُ مِنِّى وَٱشْتَعَلَ ٱلرَّأْسُ شَيْبًا وَلَمْ أَكُنۢ بِدُعَآئِكَ رَبِّ شَقِيًّا	قال رب إني وهن العظم مني واشتعل الرأس شيبا ولم أكن بدعائك رب شقيا
19	4	13	1	rab~i	رَبِّ	rab~	N	STEM|POS:N|LEM:rab~|ROOT:rbb|M|NOM	قَالَ رَبِّ إِنِّى وَهَنَ ٱلْعَظْمُ مِنِّى وَٱشْتَعَلَ ٱلرَّأْسُ شَيْبًا وَلَمْ أَكُنۢ بِدُعَآئِكَ رَبِّ شَقِيًّا	قال رب إني وهن العظم مني واشتعل الرأس شيبا ولم أكن بدعائك رب شقيا
19	6	7	1	rab~i	رَبِّ	rab~	N	STEM|POS:N|LEM:rab~|ROOT:rbb|M|NOM	يَرِثُنِى وَيَرِثُ مِنْ ءَالِ يَعْقُوبَ وَٱجْعَلْهُ رَبِّ رَضِيًّا	يرثني ويرث من آل يعقوب واجعله رب رضيا
19	8	2	1	rab~i	رَبِّ	rab~	N	STEM|POS:N|LEM:rab~|ROOT:rbb|M|NOM	قَالَ رَبِّ أَنَّىٰ يَكُونُ لِى غُلَٰمٌ وَكَانَتِ ٱمْرَأَتِى عَاقِرًا وَقَدْ بَلَغْتُ مِنَ ٱلْكِبَرِ عِتِيًّا	قال رب أنى يكون لي غلام وكانت امرأتي عاقرا وقد بلغت من الكبر عتيا
19	9	4	1	rab~u	رَبُّ	rab~	N	STEM|POS:N|LEM:rab~|ROOT:rbb|M|NOM	قَالَ كَذَٰلِكَ قَالَ رَبُّكَ هُوَ عَلَىَّ هَيِّنٌ وَقَدْ خَلَقْتُكَ مِن قَبْلُ وَلَمْ تَكُ شَيْـًٔا	قال كذلك قال ربك هو علي هين وقد خلقتك من قبل ولم تك شيئا
19	10	2	1	rab~i	رَبِّ	rab~	N	STEM|POS:N|LEM:rab~|ROOT:rbb|M|NOM	قَالَ رَبِّ ٱجْعَل لِّىٓ ءَايَةً قَالَ ءَايَتُكَ أَلَّا تُكَلِّمَ ٱلنَّاسَ ثَلَٰثَ لَيَالٍ سَوِيًّا	قال رب اجعل لي آية قال آيتك ألا تكلم الناس ثلاث ليال سويا
19	19	5	1	rab~i	رَبِّ	rab~	N	STEM|POS:N|LEM:rab~|ROOT:rbb|M|GEN	قَالَ إِنَّمَآ أَنَا۠ رَسُولُ رَبِّكِ لِأَهَبَ لَكِ غُلَٰمًا زَكِيًّا	قال إنما أنا رسول ربك لأهب لك غلاما زكيا
19	21	4	1	rab~u	رَبُّ	rab~	N	STEM|POS:N|LEM:rab~|ROOT:rbb|M|NOM	قَالَ كَذَٰلِكِ قَالَ رَبُّكِ هُوَ عَلَىَّ هَيِّنٌ وَلِنَجْعَلَهُۥٓ ءَايَةً لِّلنَّاسِ وَرَحْمَةً مِّنَّا وَكَانَ أَمْرًا مَّقْضِيًّا	قال كذلك قال ربك هو علي هين ولنجعله آية للناس ورحمة منا وكان أمرا مقضيا
19	24	8	1	rab~u	رَبُّ	rab~	N	STEM|POS:N|LEM:rab~|ROOT:rbb|M|NOM	فَنَادَىٰهَا مِن تَحْتِهَآ أَلَّا تَحْزَنِى قَدْ جَعَلَ رَبُّكِ تَحْتَكِ سَرِيًّا	فناداها من تحتها ألا تحزني قد جعل ربك تحتك سريا
19	36	3	1	rab~i	رَبِّ	rab~	N	STEM|POS:N|LEM:rab~|ROOT:rbb|M|NOM	وَإِنَّ ٱللَّهَ رَبِّى وَرَبُّكُمْ فَٱعْبُدُوهُ هَٰذَا صِرَٰطٌ مُّسْتَقِيمٌ	وإن الله ربي وربكم فاعبدوه هذا صراط مستقيم
19	36	4	2	rab~u	رَبُّ	rab~	N	STEM|POS:N|LEM:rab~|ROOT:rbb|M|NOM	وَإِنَّ ٱللَّهَ رَبِّى وَرَبُّكُمْ فَٱعْبُدُوهُ هَٰذَا صِرَٰطٌ مُّسْتَقِيمٌ	وإن الله ربي وربكم فاعبدوه هذا صراط مستقيم
19	47	6	1	rab~i	رَبِّ	rab~	N	STEM|POS:N|LEM:rab~|ROOT:rbb|M|ACC	قَالَ سَلَٰمٌ عَلَيْكَ سَأَسْتَغْفِرُ لَكَ رَبِّىٓ إِنَّهُۥ كَانَ بِى حَفِيًّا	قال سلام عليك سأستغفر لك ربي إنه كان بي حفيا
19	48	8	1	rab~i	رَبِّ	rab~	N	STEM|POS:N|LEM:rab~|ROOT:rbb|M|ACC	وَأَعْتَزِلُكُمْ وَمَا تَدْعُونَ مِن دُونِ ٱللَّهِ وَأَدْعُوا۟ رَبِّى عَسَىٰٓ أَلَّآ أَكُونَ بِدُعَآءِ رَبِّى شَقِيًّا	وأعتزلكم وما تدعون من دون الله وأدعو ربي عسى ألا أكون بدعاء ربي شقيا
19	48	13	1	rab~i	رَبِّ	rab~	N	STEM|POS:N|LEM:rab~|ROOT:rbb|M|GEN	وَأَعْتَزِلُكُمْ وَمَا تَدْعُونَ مِن دُونِ ٱللَّهِ وَأَدْعُوا۟ رَبِّى عَسَىٰٓ أَلَّآ أَكُونَ بِدُعَآءِ رَبِّى شَقِيًّا	وأعتزلكم وما تدعون من دون الله وأدعو ربي عسى ألا أكون بدعاء ربي شقيا
19	55	8	1	rab~i	رَبِّ	rab~	N	STEM|POS:N|LEM:rab~|ROOT:rbb|M|GEN	وَكَانَ يَأْمُرُ أَهْلَهُۥ بِٱلصَّلَوٰةِ وَٱلزَّكَوٰةِ وَكَانَ عِندَ رَبِّهِۦ مَرْضِيًّا	وكان يأمر أهله بالصلاة والزكاة وكان عند ربه مرضيا
19	64	5	1	rab~i	رَبِّ	rab~	N	STEM|POS:N|LEM:rab~|ROOT:rbb|M|GEN	وَمَا نَتَنَزَّلُ إِلَّا بِأَمْرِ رَبِّكَ لَهُۥ مَا بَيْنَ أَيْدِينَا وَمَا خَلْفَنَا وَمَا بَيْنَ ذَٰلِكَ وَمَا كَانَ رَبُّكَ نَسِيًّا	وما نتنزل إلا بأمر ربك له ما بين أيدينا وما خلفنا وما بين ذلك وما كان ربك نسيا
19	64	17	1	rab~u	رَبُّ	rab~	N	STEM|POS:N|LEM:rab~|ROOT:rbb|M|NOM	وَمَا نَتَنَزَّلُ إِلَّا بِأَمْرِ رَبِّكَ لَهُۥ مَا بَيْنَ أَيْدِينَا وَمَا خَلْفَنَا وَمَا بَيْنَ ذَٰلِكَ وَمَا كَانَ رَبُّكَ نَسِيًّا	وما نتنزل إلا بأمر ربك له ما بين أيدينا وما خلفنا وما بين ذلك وما كان ربك نسيا
19	65	1	1	r~ab~u	رَّبُّ	rab~	N	STEM|POS:N|LEM:rab~|ROOT:rbb|M|NOM	رَّبُّ ٱلسَّمَٰوَٰتِ وَٱلْأَرْضِ وَمَا بَيْنَهُمَا فَٱعْبُدْهُ وَٱصْطَبِرْ لِعِبَٰدَتِهِۦ هَلْ تَعْلَمُ لَهُۥ سَمِيًّا	رب السماوات والأرض وما بينهما فاعبده واصطبر لعبادته هل تعلم له سميا
19	68	1	3	rab~i	رَبِّ	rab~	N	STEM|POS:N|LEM:rab~|ROOT:rbb|M|GEN	فَوَرَبِّكَ لَنَحْشُرَنَّهُمْ وَٱلشَّيَٰطِينَ ثُمَّ لَنُحْضِرَنَّهُمْ حَوْلَ جَهَنَّمَ جِثِيًّا	فوربك لنحشرنهم والشياطين ثم لنحضرنهم حول جهنم جثيا
19	71	7	1	rab~i	رَبِّ	rab~	N	STEM|POS:N|LEM:rab~|ROOT:rbb|M|GEN	وَإِن مِّنكُمْ إِلَّا وَارِدُهَا كَانَ عَلَىٰ رَبِّكَ حَتْمًا مَّقْضِيًّا	وإن منكم إلا واردها كان على ربك حتما مقضيا
19	76	10	1	rab~i	رَبِّ	rab~	N	STEM|POS:N|LEM:rab~|ROOT:rbb|M|GEN	وَيَزِيدُ ٱللَّهُ ٱلَّذِينَ ٱهْتَدَوْا۟ هُدًى وَٱلْبَٰقِيَٰتُ ٱلصَّٰلِحَٰتُ خَيْرٌ عِندَ رَبِّكَ ثَوَابًا وَخَيْرٌ مَّرَدًّا	ويزيد الله الذين اهتدوا هدى والباقيات الصالحات خير عند ربك ثوابا وخير مردا
20	12	3	1	rab~u	رَبُّ	rab~	N	STEM|POS:N|LEM:rab~|ROOT:rbb|M|NOM	إِنِّىٓ أَنَا۠ رَبُّكَ فَٱخْلَعْ نَعْلَيْكَ إِنَّكَ بِٱلْوَادِ ٱلْمُقَدَّسِ طُوًى	إني أنا ربك فاخلع نعليك إنك بالواد المقدس طوى
20	25	2	1	rab~i	رَبِّ	rab~	N	STEM|POS:N|LEM:rab~|ROOT:rbb|M|ACC	قَالَ رَبِّ ٱشْرَحْ لِى صَدْرِى	قال رب اشرح لي صدري
20	45	2	1	rab~a	رَبَّ	rab~	N	STEM|POS:N|LEM:rab~|ROOT:rbb|M|ACC	قَالَا رَبَّنَآ إِنَّنَا نَخَافُ أَن يَفْرُطَ عَلَيْنَآ أَوْ أَن يَطْغَىٰ	قالا ربنا إننا نخاف أن يفرط علينا أو أن يطغى
20	47	5	1	rab~i	رَبِّ	rab~	N	STEM|POS:N|LEM:rab~|ROOT:rbb|M|GEN	فَأْتِيَاهُ فَقُولَآ إِنَّا رَسُولَا رَبِّكَ فَأَرْسِلْ مَعَنَا بَنِىٓ إِسْرَٰٓءِيلَ وَلَا تُعَذِّبْهُمْ قَدْ جِئْنَٰكَ بِـَٔايَةٍ مِّن رَّبِّكَ وَٱلسَّلَٰمُ عَلَىٰ مَنِ ٱتَّبَعَ ٱلْهُدَىٰٓ	فأتياه فقولا إنا رسولا ربك فأرسل معنا بني إسرائيل ولا تعذبهم قد جئناك بآية من ربك والسلام على من اتبع الهدى
20	47	16	1	r~ab~i	رَّبِّ	rab~	N	STEM|POS:N|LEM:rab~|ROOT:rbb|M|GEN	فَأْتِيَاهُ فَقُولَآ إِنَّا رَسُولَا رَبِّكَ فَأَرْسِلْ مَعَنَا بَنِىٓ إِسْرَٰٓءِيلَ وَلَا تُعَذِّبْهُمْ قَدْ جِئْنَٰكَ بِـَٔايَةٍ مِّن رَّبِّكَ وَٱلسَّلَٰمُ عَلَىٰ مَنِ ٱتَّبَعَ ٱلْهُدَىٰٓ	فأتياه فقولا إنا رسولا ربك فأرسل معنا بني إسرائيل ولا تعذبهم قد جئناك بآية من ربك والسلام على من اتبع الهدى
20	49	3	1	r~ab~u	رَّبُّ	rab~	N	STEM|POS:N|LEM:rab~|ROOT:rbb|M|NOM	قَالَ فَمَن رَّبُّكُمَا يَٰمُوسَىٰ	قال فمن ربكما يا موسى
20	50	2	1	rab~u	رَبُّ	rab~	N	STEM|POS:N|LEM:rab~|ROOT:rbb|M|NOM	قَالَ رَبُّنَا ٱلَّذِىٓ أَعْطَىٰ كُلَّ شَىْءٍ خَلْقَهُۥ ثُمَّ هَدَىٰ	قال ربنا الذي أعطى كل شيء خلقه ثم هدى
20	52	4	1	rab~i	رَبِّ	rab~	N	STEM|POS:N|LEM:rab~|ROOT:rbb|M|GEN	قَالَ عِلْمُهَا عِندَ رَبِّى فِى كِتَٰبٍ لَّا يَضِلُّ رَبِّى وَلَا يَنسَى	قال علمها عند ربي في كتاب لا يضل ربي ولا ينسى
20	52	9	1	rab~i	رَبِّ	rab~	N	STEM|POS:N|LEM:rab~|ROOT:rbb|M|NOM	قَالَ عِلْمُهَا عِندَ رَبِّى فِى كِتَٰبٍ لَّا يَضِلُّ رَبِّى وَلَا يَنسَى	قال علمها عند ربي في كتاب لا يضل ربي ولا ينسى
20	70	6	2	rab~i	رَبِّ	rab~	N	STEM|POS:N|LEM:rab~|ROOT:rbb|M|GEN	فَأُلْقِىَ ٱلسَّحَرَةُ سُجَّدًا قَالُوٓا۟ ءَامَنَّا بِرَبِّ هَٰرُونَ وَمُوسَىٰ	فألقي السحرة سجدا قالوا آمنا برب هارون وموسى
20	73	3	2	rab~i	رَبِّ	rab~	N	STEM|POS:N|LEM:rab~|ROOT:rbb|M|GEN	إِنَّآ ءَامَنَّا بِرَبِّنَا لِيَغْفِرَ لَنَا خَطَٰيَٰنَا وَمَآ أَكْرَهْتَنَا عَلَيْهِ مِنَ ٱلسِّحْرِ وَٱللَّهُ خَيْرٌ وَأَبْقَىٰٓ	إنا آمنا بربنا ليغفر لنا خطايانا وما أكرهتنا عليه من السحر والله خير وأبقى
20	74	4	1	rab~a	رَبَّ	rab~	N	STEM|POS:N|LEM:rab~|ROOT:rbb|M|ACC	إِنَّهُۥ مَن يَأْتِ رَبَّهُۥ مُجْرِمًا فَإِنَّ لَهُۥ جَهَنَّمَ لَا يَمُوتُ فِيهَا وَلَا يَحْيَىٰ	إنه من يأت ربه مجرما فإن له جهنم لا يموت فيها ولا يحيى
20	84	8	1	rab~i	رَبِّ	rab~	N	STEM|POS:N|LEM:rab~|ROOT:rbb|M|ACC	قَالَ هُمْ أُو۟لَآءِ عَلَىٰٓ أَثَرِى وَعَجِلْتُ إِلَيْكَ رَبِّ لِتَرْضَىٰ	قال هم أولاء على أثري وعجلت إليك رب لترضى
20	86	11	1	rab~u	رَبُّ	rab~	N	STEM|POS:N|LEM:rab~|ROOT:rbb|M|NOM	فَرَجَعَ مُوسَىٰٓ إِلَىٰ قَوْمِهِۦ غَضْبَٰنَ أَسِفًا قَالَ يَٰقَوْمِ أَلَمْ يَعِدْكُمْ رَبُّكُمْ وَعْدًا حَسَنًا أَفَطَالَ عَلَيْكُمُ ٱلْعَهْدُ أَمْ أَرَدتُّمْ أَن يَحِلَّ عَلَيْكُمْ غَضَبٌ مِّن رَّبِّكُمْ فَأَخْلَفْتُم مَّوْعِدِى	فرجع موسى إلى قومه غضبان أسفا قال يا قوم ألم يعدكم ربكم وعدا حسنا أفطال عليكم العهد أم أردتم أن يحل عليكم غضب من ربكم فأخلفتم موعدي
20	86	24	1	r~ab~i	رَّبِّ	rab~	N	STEM|POS:N|LEM:rab~|ROOT:rbb|M|GEN	فَرَجَعَ مُوسَىٰٓ إِلَىٰ قَوْمِهِۦ غَضْبَٰنَ أَسِفًا قَالَ يَٰقَوْمِ أَلَمْ يَعِدْكُمْ رَبُّكُمْ وَعْدًا حَسَنًا أَفَطَالَ عَلَيْكُمُ ٱلْعَهْدُ أَمْ أَرَدتُّمْ أَن يَحِلَّ عَلَيْكُمْ غَضَبٌ مِّن رَّبِّكُمْ فَأَخْلَفْتُم مَّوْعِدِى	فرجع موسى إلى قومه غضبان أسفا قال يا قوم ألم يعدكم ربكم وعدا حسنا أفطال عليكم العهد أم أردتم أن يحل عليكم غضب من ربكم فأخلفتم موعدي
20	90	12	1	rab~a	رَبَّ	rab~	N	STEM|POS:N|LEM:rab~|ROOT:rbb|M|ACC	وَلَقَدْ قَالَ لَهُمْ هَٰرُونُ مِن قَبْلُ يَٰقَوْمِ إِنَّمَا فُتِنتُم بِهِۦ وَإِنَّ رَبَّكُمُ ٱلرَّحْمَٰنُ فَٱتَّبِعُونِى وَأَطِيعُوٓا۟ أَمْرِى	ولقد قال لهم هارون من قبل يا قوم إنما فتنتم به وإن ربكم الرحمن فاتبعوني وأطيعوا أمري
20	105	6	1	rab~i	رَبِّ	rab~	N	STEM|POS:N|LEM:rab~|ROOT:rbb|M|NOM	وَيَسْـَٔلُونَكَ عَنِ ٱلْجِبَالِ فَقُلْ يَنسِفُهَا رَبِّى نَسْفًا	ويسألونك عن الجبال فقل ينسفها ربي نسفا
20	114	15	1	r~ab~i	رَّبِّ	rab~	N	STEM|POS:N|LEM:rab~|ROOT:rbb|M|ACC	فَتَعَٰلَى ٱللَّهُ ٱلْمَلِكُ ٱلْحَقُّ وَلَا تَعْجَلْ بِٱلْقُرْءَانِ مِن قَبْلِ أَن يُقْضَىٰٓ إِلَيْكَ وَحْيُهُۥ وَقُل رَّبِّ زِدْنِى عِلْمًا	فتعالى الله الملك الحق ولا تعجل بالقرآن من قبل أن يقضى إليك وحيه وقل رب زدني علما
20	121	14	1	rab~a	رَبَّ	rab~	N	STEM|POS:N|LEM:rab~|ROOT:rbb|M|ACC	فَأَكَلَا مِنْهَا فَبَدَتْ لَهُمَا سَوْءَٰتُهُمَا وَطَفِقَا يَخْصِفَانِ عَلَيْهِمَا مِن وَرَقِ ٱلْجَنَّةِ وَعَصَىٰٓ ءَادَمُ رَبَّهُۥ فَغَوَىٰ	فأكلا منها فبدت لهما سوآتهما وطفقا يخصفان عليهما من ورق الجنة وعصى آدم ربه فغوى
20	122	3	1	rab~u	رَبُّ	rab~	N	STEM|POS:N|LEM:rab~|ROOT:rbb|M|NOM	ثُمَّ ٱجْتَبَٰهُ رَبُّهُۥ فَتَابَ عَلَيْهِ وَهَدَىٰ	ثم اجتباه ربه فتاب عليه وهدى
20	125	2	1	rab~i	رَبِّ	rab~	N	STEM|POS:N|LEM:rab~|ROOT:rbb|M|ACC	قَالَ رَبِّ لِمَ حَشَرْتَنِىٓ أَعْمَىٰ وَقَدْ كُنتُ بَصِيرًا	قال رب لم حشرتني أعمى وقد كنت بصيرا
20	127	8	1	rab~i	رَبِّ	rab~	N	STEM|POS:N|LEM:rab~|ROOT:rbb|M|GEN	وَكَذَٰلِكَ نَجْزِى مَنْ أَسْرَفَ وَلَمْ يُؤْمِنۢ بِـَٔايَٰتِ رَبِّهِۦ وَلَعَذَابُ ٱلْـَٔاخِرَةِ أَشَدُّ وَأَبْقَىٰٓ	وكذلك نجزي من أسرف ولم يؤمن بآيات ربه ولعذاب الآخرة أشد وأبقى
20	129	5	1	r~ab~i	رَّبِّ	rab~	N	STEM|POS:N|LEM:rab~|ROOT:rbb|M|GEN	وَلَوْلَا كَلِمَةٌ سَبَقَتْ مِن رَّبِّكَ لَكَانَ لِزَامًا وَأَجَلٌ مُّسَمًّى	ولولا كلمة سبقت من ربك لكان لزاما وأجل مسمى
20	130	7	1	rab~i	رَبِّ	rab~	N	STEM|POS:N|LEM:rab~|ROOT:rbb|M|GEN	فَٱصْبِرْ عَلَىٰ مَا يَقُولُونَ وَسَبِّحْ بِحَمْدِ رَبِّكَ قَبْلَ طُلُوعِ ٱلشَّمْسِ وَقَبْلَ غُرُوبِهَا وَمِنْ ءَانَآئِ ٱلَّيْلِ فَسَبِّحْ وَأَطْرَافَ ٱلنَّهَارِ لَعَلَّكَ تَرْضَىٰ	فاصبر على ما يقولون وسبح بحمد ربك قبل طلوع الشمس وقبل غروبها ومن آناء الليل فسبح وأطراف النهار لعلك ترضى
20	131	16	1	rab~i	رَبِّ	rab~	N	STEM|POS:N|LEM:rab~|ROOT:rbb|M|GEN	وَلَا تَمُدَّنَّ عَيْنَيْكَ إِلَىٰ مَا مَتَّعْنَا بِهِۦٓ أَزْوَٰجًا مِّنْهُمْ زَهْرَةَ ٱلْحَيَوٰةِ ٱلدُّنْيَا لِنَفْتِنَهُمْ فِيهِ وَرِزْقُ رَبِّكَ خَيْرٌ وَأَبْقَىٰ	ولا تمدن عينيك إلى ما متعنا به أزواجا منهم زهرة الحياة الدنيا لنفتنهم فيه ورزق ربك خير وأبقى
20	133	6	1	r~ab~i	رَّبِّ	rab~	N	STEM|POS:N|LEM:rab~|ROOT:rbb|M|GEN	وَقَالُوا۟ لَوْلَا يَأْتِينَا بِـَٔايَةٍ مِّن رَّبِّهِۦٓ أَوَلَمْ تَأْتِهِم بَيِّنَةُ مَا فِى ٱلصُّحُفِ ٱلْأُولَىٰ	وقالوا لولا يأتينا بآية من ربه أولم تأتهم بينة ما في الصحف الأولى
20	134	8	1	rab~a	رَبَّ	rab~	N	STEM|POS:N|LEM:rab~|ROOT:rbb|M|ACC	وَلَوْ أَنَّآ أَهْلَكْنَٰهُم بِعَذَابٍ مِّن قَبْلِهِۦ لَقَالُوا۟ رَبَّنَا لَوْلَآ أَرْسَلْتَ إِلَيْنَا رَسُولًا فَنَتَّبِعَ ءَايَٰتِكَ مِن قَبْلِ أَن نَّذِلَّ وَنَخْزَىٰ	ولو أنا أهلكناهم بعذاب من قبله لقالوا ربنا لولا أرسلت إلينا رسولا فنتبع آياتك من قبل أن نذل ونخزى
21	2	6	1	r~ab~i	رَّبِّ	rab~	N	STEM|POS:N|LEM:rab~|ROOT:rbb|M|GEN	مَا يَأْتِيهِم مِّن ذِكْرٍ مِّن رَّبِّهِم مُّحْدَثٍ إِلَّا ٱسْتَمَعُوهُ وَهُمْ يَلْعَبُونَ	ما يأتيهم من ذكر من ربهم محدث إلا استمعوه وهم يلعبون
21	4	2	1	rab~i	رَبِّ	rab~	N	STEM|POS:N|LEM:rab~|ROOT:rbb|M|NOM	قَالَ رَبِّى يَعْلَمُ ٱلْقَوْلَ فِى ٱلسَّمَآءِ وَٱلْأَرْضِ وَهُوَ ٱلسَّمِيعُ ٱلْعَلِيمُ	قال ربي يعلم القول في السماء والأرض وهو السميع العليم
21	22	10	1	rab~i	رَبِّ	rab~	N	STEM|POS:N|LEM:rab~|ROOT:rbb|M|GEN	لَوْ كَانَ فِيهِمَآ ءَالِهَةٌ إِلَّا ٱللَّهُ لَفَسَدَتَا فَسُبْحَٰنَ ٱللَّهِ رَبِّ ٱلْعَرْشِ عَمَّا يَصِفُونَ	لو كان فيهما آلهة إلا الله لفسدتا فسبحان الله رب العرش عما يصفون
21	42	12	1	rab~i	رَبِّ	rab~	N	STEM|POS:N|LEM:rab~|ROOT:rbb|M|GEN	قُلْ مَن يَكْلَؤُكُم بِٱلَّيْلِ وَٱلنَّهَارِ مِنَ ٱلرَّحْمَٰنِ بَلْ هُمْ عَن ذِكْرِ رَبِّهِم مُّعْرِضُونَ	قل من يكلؤكم بالليل والنهار من الرحمن بل هم عن ذكر ربهم معرضون
21	46	6	1	rab~i	رَبِّ	rab~	N	STEM|POS:N|LEM:rab~|ROOT:rbb|M|GEN	وَلَئِن مَّسَّتْهُمْ نَفْحَةٌ مِّنْ عَذَابِ رَبِّكَ لَيَقُولُنَّ يَٰوَيْلَنَآ إِنَّا كُنَّا ظَٰلِمِينَ	ولئن مستهم نفحة من عذاب ربك ليقولن يا ويلنا إنا كنا ظالمين
21	49	3	1	rab~a	رَبَّ	rab~	N	STEM|POS:N|LEM:rab~|ROOT:rbb|M|ACC	ٱلَّذِينَ يَخْشَوْنَ رَبَّهُم بِٱلْغَيْبِ وَهُم مِّنَ ٱلسَّاعَةِ مُشْفِقُونَ	الذين يخشون ربهم بالغيب وهم من الساعة مشفقون
21	56	3	1	r~ab~u	رَّبُّ	rab~	N	STEM|POS:N|LEM:rab~|ROOT:rbb|M|NOM	قَالَ بَل رَّبُّكُمْ رَبُّ ٱلسَّمَٰوَٰتِ وَٱلْأَرْضِ ٱلَّذِى فَطَرَهُنَّ وَأَنَا۠ عَلَىٰ ذَٰلِكُم مِّنَ ٱلشَّٰهِدِينَ	قال بل ربكم رب السماوات والأرض الذي فطرهن وأنا على ذلكم من الشاهدين
21	56	4	1	rab~u	رَبُّ	rab~	N	STEM|POS:N|LEM:rab~|ROOT:rbb|M|NOM	قَالَ بَل رَّبُّكُمْ رَبُّ ٱلسَّمَٰوَٰتِ وَٱلْأَرْضِ ٱلَّذِى فَطَرَهُنَّ وَأَنَا۠ عَلَىٰ ذَٰلِكُم مِّنَ ٱلشَّٰهِدِينَ	قال بل ربكم رب السماوات والأرض الذي فطرهن وأنا على ذلكم من الشاهدين
21	83	4	1	rab~a	رَبَّ	rab~	N	STEM|POS:N|LEM:rab~|ROOT:rbb|M|ACC	وَأَيُّوبَ إِذْ نَادَىٰ رَبَّهُۥٓ أَنِّى مَسَّنِىَ ٱلضُّرُّ وَأَنتَ أَرْحَمُ ٱلرَّٰحِمِينَ	وأيوب إذ نادى ربه أني مسني الضر وأنت أرحم الراحمين
21	89	4	1	rab~a	رَبَّ	rab~	N	STEM|POS:N|LEM:rab~|ROOT:rbb|M|ACC	وَزَكَرِيَّآ إِذْ نَادَىٰ رَبَّهُۥ رَبِّ لَا تَذَرْنِى فَرْدًا وَأَنتَ خَيْرُ ٱلْوَٰرِثِينَ	وزكريا إذ نادى ربه رب لا تذرني فردا وأنت خير الوارثين
21	89	5	1	rab~i	رَبِّ	rab~	N	STEM|POS:N|LEM:rab~|ROOT:rbb|M|NOM	وَزَكَرِيَّآ إِذْ نَادَىٰ رَبَّهُۥ رَبِّ لَا تَذَرْنِى فَرْدًا وَأَنتَ خَيْرُ ٱلْوَٰرِثِينَ	وزكريا إذ نادى ربه رب لا تذرني فردا وأنت خير الوارثين
21	92	7	1	rab~u	رَبُّ	rab~	N	STEM|POS:N|LEM:rab~|ROOT:rbb|M|NOM	إِنَّ هَٰذِهِۦٓ أُمَّتُكُمْ أُمَّةً وَٰحِدَةً وَأَنَا۠ رَبُّكُمْ فَٱعْبُدُونِ	إن هذه أمتكم أمة واحدة وأنا ربكم فاعبدون
21	112	2	1	rab~i	رَبِّ	rab~	N	STEM|POS:N|LEM:rab~|ROOT:rbb|M|ACC	قَٰلَ رَبِّ ٱحْكُم بِٱلْحَقِّ وَرَبُّنَا ٱلرَّحْمَٰنُ ٱلْمُسْتَعَانُ عَلَىٰ مَا تَصِفُونَ	قال رب احكم بالحق وربنا الرحمن المستعان على ما تصفون
21	112	5	2	rab~u	رَبُّ	rab~	N	STEM|POS:N|LEM:rab~|ROOT:rbb|M|NOM	قَٰلَ رَبِّ ٱحْكُم بِٱلْحَقِّ وَرَبُّنَا ٱلرَّحْمَٰنُ ٱلْمُسْتَعَانُ عَلَىٰ مَا تَصِفُونَ	قال رب احكم بالحق وربنا الرحمن المستعان على ما تصفون
22	1	4	1	rab~a	رَبَّ	rab~	N	STEM|POS:N|LEM:rab~|ROOT:rbb|M|ACC	بِسْمِ ٱللَّهِ ٱلرَّحْمَٰنِ ٱلرَّحِيمِ يَٰٓأَيُّهَا ٱلنَّاسُ ٱتَّقُوا۟ رَبَّكُمْ إِنَّ زَلْزَلَةَ ٱلسَّاعَةِ شَىْءٌ عَظِيمٌ	بسم الله الرحمن الرحيم يا أيها الناس اتقوا ربكم إن زلزلة الساعة شيء عظيم
22	19	5	1	rab~i	رَبِّ	rab~	N	STEM|POS:N|LEM:rab~|ROOT:rbb|M|GEN	هَٰذَانِ خَصْمَانِ ٱخْتَصَمُوا۟ فِى رَبِّهِمْ فَٱلَّذِينَ كَفَرُوا۟ قُطِّعَتْ لَهُمْ ثِيَابٌ مِّن نَّارٍ يُصَبُّ مِن فَوْقِ رُءُوسِهِمُ ٱلْحَمِيمُ	هذان خصمان اختصموا في ربهم فالذين كفروا قطعت لهم ثياب من نار يصب من فوق رءوسهم الحميم
22	30	10	1	rab~i	رَبِّ	rab~	N	STEM|POS:N|LEM:rab~|ROOT:rbb|M|GEN	ذَٰلِكَ وَمَن يُعَظِّمْ حُرُمَٰتِ ٱللَّهِ فَهُوَ خَيْرٌ لَّهُۥ عِندَ رَبِّهِۦ وَأُحِلَّتْ لَكُمُ ٱلْأَنْعَٰمُ إِلَّا مَا يُتْلَىٰ عَلَيْكُمْ فَٱجْتَنِبُوا۟ ٱلرِّجْسَ مِنَ ٱلْأَوْثَٰنِ وَٱجْتَنِبُوا۟ قَوْلَ ٱلزُّورِ	ذلك ومن يعظم حرمات الله فهو خير له عند ربه وأحلت لكم الأنعام إلا ما يتلى عليكم فاجتنبوا الرجس من الأوثان واجتنبوا قول الزور
22	40	10	1	rab~u	رَبُّ	rab~	N	STEM|POS:N|LEM:rab~|ROOT:rbb|M|NOM	ٱلَّذِينَ أُخْرِجُوا۟ مِن دِيَٰرِهِم بِغَيْرِ حَقٍّ إِلَّآ أَن يَقُولُوا۟ رَبُّنَا ٱللَّهُ وَلَوْلَا دَفْعُ ٱللَّهِ ٱلنَّاسَ بَعْضَهُم بِبَعْضٍ لَّهُدِّمَتْ صَوَٰمِعُ وَبِيَعٌ وَصَلَوَٰتٌ وَمَسَٰجِدُ يُذْكَرُ فِيهَا ٱسْمُ ٱللَّهِ كَثِيرًا وَلَيَنصُرَنَّ ٱللَّهُ مَن يَنصُرُهُۥٓ إِنَّ ٱللَّهَ لَقَوِىٌّ عَزِيزٌ	الذين أخرجوا من ديارهم بغير حق إلا أن يقولوا ربنا الله ولولا دفع الله الناس بعضهم ببعض لهدمت صوامع وبيع وصلوات ومساجد يذكر فيها اسم الله كثيرا ولينصرن الله من ينصره إن الله لقوي عزيز
22	47	10	1	rab~i	رَبِّ	rab~	N	STEM|POS:N|LEM:rab~|ROOT:rbb|M|GEN	وَيَسْتَعْجِلُونَكَ بِٱلْعَذَابِ وَلَن يُخْلِفَ ٱللَّهُ وَعْدَهُۥ وَإِنَّ يَوْمًا عِندَ رَبِّكَ كَأَلْفِ سَنَةٍ مِّمَّا تَعُدُّونَ	ويستعجلونك بالعذاب ولن يخلف الله وعده وإن يوما عند ربك كألف سنة مما تعدون
22	54	8	1	r~ab~i	رَّبِّ	rab~	N	STEM|POS:N|LEM:rab~|ROOT:rbb|M|GEN	وَلِيَعْلَمَ ٱلَّذِينَ أُوتُوا۟ ٱلْعِلْمَ أَنَّهُ ٱلْحَقُّ مِن رَّبِّكَ فَيُؤْمِنُوا۟ بِهِۦ فَتُخْبِتَ لَهُۥ قُلُوبُهُمْ وَإِنَّ ٱللَّهَ لَهَادِ ٱلَّذِينَ ءَامَنُوٓا۟ إِلَىٰ صِرَٰطٍ مُّسْتَقِيمٍ	وليعلم الذين أوتوا العلم أنه الحق من ربك فيؤمنوا به فتخبت له قلوبهم وإن الله لهاد الذين آمنوا إلى صراط مستقيم
22	67	13	1	rab~i	رَبِّ	rab~	N	STEM|POS:N|LEM:rab~|ROOT:rbb|M|GEN	لِّكُلِّ أُمَّةٍ جَعَلْنَا مَنسَكًا هُمْ نَاسِكُوهُ فَلَا يُنَٰزِعُنَّكَ فِى ٱلْأَمْرِ وَٱدْعُ إِلَىٰ رَبِّكَ إِنَّكَ لَعَلَىٰ هُدًى مُّسْتَقِيمٍ	لكل أمة جعلنا منسكا هم ناسكوه فلا ينازعنك في الأمر وادع إلى ربك إنك لعلى هدى مستقيم
22	77	7	1	rab~a	رَبَّ	rab~	N	STEM|POS:N|LEM:rab~|ROOT:rbb|M|ACC	يَٰٓأَيُّهَا ٱلَّذِينَ ءَامَنُوا۟ ٱرْكَعُوا۟ وَٱسْجُدُوا۟ وَٱعْبُدُوا۟ رَبَّكُمْ وَٱفْعَلُوا۟ ٱلْخَيْرَ لَعَلَّكُمْ تُفْلِحُونَ	يا أيها الذين آمنوا اركعوا واسجدوا واعبدوا ربكم وافعلوا الخير لعلكم تفلحون
23	26	2	1	rab~i	رَبِّ	rab~	N	STEM|POS:N|LEM:rab~|ROOT:rbb|M|NOM	قَالَ رَبِّ ٱنصُرْنِى بِمَا كَذَّبُونِ	قال رب انصرني بما كذبون
23	29	2	1	r~ab~i	رَّبِّ	rab~	N	STEM|POS:N|LEM:rab~|ROOT:rbb|M|ACC	وَقُل رَّبِّ أَنزِلْنِى مُنزَلًا مُّبَارَكًا وَأَنتَ خَيْرُ ٱلْمُنزِلِينَ	وقل رب أنزلني منزلا مباركا وأنت خير المنزلين
23	39	2	1	rab~i	رَبِّ	rab~	N	STEM|POS:N|LEM:rab~|ROOT:rbb|M|NOM	قَالَ رَبِّ ٱنصُرْنِى بِمَا كَذَّبُونِ	قال رب انصرني بما كذبون
23	52	7	1	rab~u	رَبُّ	rab~	N	STEM|POS:N|LEM:rab~|ROOT:rbb|M|NOM	وَإِنَّ هَٰذِهِۦٓ أُمَّتُكُمْ أُمَّةً وَٰحِدَةً وَأَنَا۠ رَبُّكُمْ فَٱتَّقُونِ	وإن هذه أمتكم أمة واحدة وأنا ربكم فاتقون
23	57	6	1	rab~i	رَبِّ	rab~	N	STEM|POS:N|LEM:rab~|ROOT:rbb|M|GEN	إِنَّ ٱلَّذِينَ هُم مِّنْ خَشْيَةِ رَبِّهِم مُّشْفِقُونَ	إن الذين هم من خشية ربهم مشفقون
23	58	4	1	rab~i	رَبِّ	rab~	N	STEM|POS:N|LEM:rab~|ROOT:rbb|M|GEN	وَٱلَّذِينَ هُم بِـَٔايَٰتِ رَبِّهِمْ يُؤْمِنُونَ	والذين هم بآيات ربهم يؤمنون
23	59	3	2	rab~i	رَبِّ	rab~	N	STEM|POS:N|LEM:rab~|ROOT:rbb|M|GEN	وَٱلَّذِينَ هُم بِرَبِّهِمْ لَا يُشْرِكُونَ	والذين هم بربهم لا يشركون
23	60	9	1	rab~i	رَبِّ	rab~	N	STEM|POS:N|LEM:rab~|ROOT:rbb|M|GEN	وَٱلَّذِينَ يُؤْتُونَ مَآ ءَاتَوا۟ وَّقُلُوبُهُمْ وَجِلَةٌ أَنَّهُمْ إِلَىٰ رَبِّهِمْ رَٰجِعُونَ	والذين يؤتون ما آتوا وقلوبهم وجلة أنهم إلى ربهم راجعون
23	72	5	1	rab~i	رَبِّ	rab~	N	STEM|POS:N|LEM:rab~|ROOT:rbb|M|GEN	أَمْ تَسْـَٔلُهُمْ خَرْجًا فَخَرَاجُ رَبِّكَ خَيْرٌ وَهُوَ خَيْرُ ٱلرَّٰزِقِينَ	أم تسألهم خرجا فخراج ربك خير وهو خير الرازقين
23	76	6	2	rab~i	رَبِّ	rab~	N	STEM|POS:N|LEM:rab~|ROOT:rbb|M|GEN	وَلَقَدْ أَخَذْنَٰهُم بِٱلْعَذَابِ فَمَا ٱسْتَكَانُوا۟ لِرَبِّهِمْ وَمَا يَتَضَرَّعُونَ	ولقد أخذناهم بالعذاب فما استكانوا لربهم وما يتضرعون
23	86	3	1	r~ab~u	رَّبُّ	rab~	N	STEM|POS:N|LEM:rab~|ROOT:rbb|M|NOM	قُلْ مَن رَّبُّ ٱلسَّمَٰوَٰتِ ٱلسَّبْعِ وَرَبُّ ٱلْعَرْشِ ٱلْعَظِيمِ	قل من رب السماوات السبع ورب العرش العظيم
23	86	6	2	rab~u	رَبُّ	rab~	N	STEM|POS:N|LEM:rab~|ROOT:rbb|M|NOM	قُلْ مَن رَّبُّ ٱلسَّمَٰوَٰتِ ٱلسَّبْعِ وَرَبُّ ٱلْعَرْشِ ٱلْعَظِيمِ	قل من رب السماوات السبع ورب العرش العظيم
23	93	2	1	r~ab~i	رَّبِّ	rab~	N	STEM|POS:N|LEM:rab~|ROOT:rbb|M|NOM	قُل رَّبِّ إِمَّا تُرِيَنِّى مَا يُوعَدُونَ	قل رب إما تريني ما يوعدون
23	94	1	1	rab~i	رَبِّ	rab~	N	STEM|POS:N|LEM:rab~|ROOT:rbb|M|NOM	رَبِّ فَلَا تَجْعَلْنِى فِى ٱلْقَوْمِ ٱلظَّٰلِمِينَ	رب فلا تجعلني في القوم الظالمين
23	97	2	1	r~ab~i	رَّبِّ	rab~	N	STEM|POS:N|LEM:rab~|ROOT:rbb|M|NOM	وَقُل رَّبِّ أَعُوذُ بِكَ مِنْ هَمَزَٰتِ ٱلشَّيَٰطِينِ	وقل رب أعوذ بك من همزات الشياطين
23	98	3	1	rab~i	رَبِّ	rab~	N	STEM|POS:N|LEM:rab~|ROOT:rbb|M|NOM	وَأَعُوذُ بِكَ رَبِّ أَن يَحْضُرُونِ	وأعوذ بك رب أن يحضرون
23	99	7	1	rab~i	رَبِّ	rab~	N	STEM|POS:N|LEM:rab~|ROOT:rbb|M|NOM	حَتَّىٰٓ إِذَا جَآءَ أَحَدَهُمُ ٱلْمَوْتُ قَالَ رَبِّ ٱرْجِعُونِ	حتى إذا جاء أحدهم الموت قال رب ارجعون
23	106	2	1	rab~a	رَبَّ	rab~	N	STEM|POS:N|LEM:rab~|ROOT:rbb|M|ACC	قَالُوا۟ رَبَّنَا غَلَبَتْ عَلَيْنَا شِقْوَتُنَا وَكُنَّا قَوْمًا ضَآلِّينَ	قالوا ربنا غلبت علينا شقوتنا وكنا قوما ضالين
23	107	1	1	rab~a	رَبَّ	rab~	N	STEM|POS:N|LEM:rab~|ROOT:rbb|M|ACC	رَبَّنَآ أَخْرِجْنَا مِنْهَا فَإِنْ عُدْنَا فَإِنَّا ظَٰلِمُونَ	ربنا أخرجنا منها فإن عدنا فإنا ظالمون
23	109	7	1	rab~a	رَبَّ	rab~	N	STEM|POS:N|LEM:rab~|ROOT:rbb|M|ACC	إِنَّهُۥ كَانَ فَرِيقٌ مِّنْ عِبَادِى يَقُولُونَ رَبَّنَآ ءَامَنَّا فَٱغْفِرْ لَنَا وَٱرْحَمْنَا وَأَنتَ خَيْرُ ٱلرَّٰحِمِينَ	إنه كان فريق من عبادي يقولون ربنا آمنا فاغفر لنا وارحمنا وأنت خير الراحمين
23	116	9	1	rab~u	رَبُّ	rab~	N	STEM|POS:N|LEM:rab~|ROOT:rbb|M|NOM	فَتَعَٰلَى ٱللَّهُ ٱلْمَلِكُ ٱلْحَقُّ لَآ إِلَٰهَ إِلَّا هُوَ رَبُّ ٱلْعَرْشِ ٱلْكَرِيمِ	فتعالى الله الملك الحق لا إله إلا هو رب العرش الكريم
23	117	14	1	rab~i	رَبِّ	rab~	N	STEM|POS:N|LEM:rab~|ROOT:rbb|M|GEN	وَمَن يَدْعُ مَعَ ٱللَّهِ إِلَٰهًا ءَاخَرَ لَا بُرْهَٰنَ لَهُۥ بِهِۦ فَإِنَّمَا حِسَابُهُۥ عِندَ رَبِّهِۦٓ إِنَّهُۥ لَا يُفْلِحُ ٱلْكَٰفِرُونَ	ومن يدع مع الله إلها آخر لا برهان له به فإنما حسابه عند ربه إنه لا يفلح الكافرون
23	118	2	1	r~ab~i	رَّبِّ	rab~	N	STEM|POS:N|LEM:rab~|ROOT:rbb|M|NOM	وَقُل رَّبِّ ٱغْفِرْ وَٱرْحَمْ وَأَنتَ خَيْرُ ٱلرَّٰحِمِينَ	وقل رب اغفر وارحم وأنت خير الراحمين
25	16	8	1	rab~i	رَبِّ	rab~	N	STEM|POS:N|LEM:rab~|ROOT:rbb|M|GEN	لَّهُمْ فِيهَا مَا يَشَآءُونَ خَٰلِدِينَ كَانَ عَلَىٰ رَبِّكَ وَعْدًا مَّسْـُٔولًا	لهم فيها ما يشاءون خالدين كان على ربك وعدا مسئولا
25	20	19	1	rab~u	رَبُّ	rab~	N	STEM|POS:N|LEM:rab~|ROOT:rbb|M|NOM	وَمَآ أَرْسَلْنَا قَبْلَكَ مِنَ ٱلْمُرْسَلِينَ إِلَّآ إِنَّهُمْ لَيَأْكُلُونَ ٱلطَّعَامَ وَيَمْشُونَ فِى ٱلْأَسْوَاقِ وَجَعَلْنَا بَعْضَكُمْ لِبَعْضٍ فِتْنَةً أَتَصْبِرُونَ وَكَانَ رَبُّكَ بَصِيرًا	وما أرسلنا قبلك من المرسلين إلا إنهم ليأكلون الطعام ويمشون في الأسواق وجعلنا بعضكم لبعض فتنة أتصبرون وكان ربك بصيرا
25	21	12	1	rab~a	رَبَّ	rab~	N	STEM|POS:N|LEM:rab~|ROOT:rbb|M|ACC	وَقَالَ ٱلَّذِينَ لَا يَرْجُونَ لِقَآءَنَا لَوْلَآ أُنزِلَ عَلَيْنَا ٱلْمَلَٰٓئِكَةُ أَوْ نَرَىٰ رَبَّنَا لَقَدِ ٱسْتَكْبَرُوا۟ فِىٓ أَنفُسِهِمْ وَعَتَوْ عُتُوًّا كَبِيرًا	وقال الذين لا يرجون لقاءنا لولا أنزل علينا الملائكة أو نرى ربنا لقد استكبروا في أنفسهم وعتوا عتوا كبيرا
25	30	3	2	rab~i	رَبِّ	rab~	N	STEM|POS:N|LEM:rab~|ROOT:rbb|M|ACC	وَقَالَ ٱلرَّسُولُ يَٰرَبِّ إِنَّ قَوْمِى ٱتَّخَذُوا۟ هَٰذَا ٱلْقُرْءَانَ مَهْجُورًا	وقال الرسول يا رب إن قومي اتخذوا هذا القرآن مهجورا
25	31	9	2	rab~i	رَبِّ	rab~	N	STEM|POS:N|LEM:rab~|ROOT:rbb|M|GEN	وَكَذَٰلِكَ جَعَلْنَا لِكُلِّ نَبِىٍّ عَدُوًّا مِّنَ ٱلْمُجْرِمِينَ وَكَفَىٰ بِرَبِّكَ هَادِيًا وَنَصِيرًا	وكذلك جعلنا لكل نبي عدوا من المجرمين وكفى بربك هاديا ونصيرا
25	45	4	1	rab~i	رَبِّ	rab~	N	STEM|POS:N|LEM:rab~|ROOT:rbb|M|GEN	أَلَمْ تَرَ إِلَىٰ رَبِّكَ كَيْفَ مَدَّ ٱلظِّلَّ وَلَوْ شَآءَ لَجَعَلَهُۥ سَاكِنًا ثُمَّ جَعَلْنَا ٱلشَّمْسَ عَلَيْهِ دَلِيلًا	ألم تر إلى ربك كيف مد الظل ولو شاء لجعله ساكنا ثم جعلنا الشمس عليه دليلا
25	54	11	1	rab~u	رَبُّ	rab~	N	STEM|POS:N|LEM:rab~|ROOT:rbb|M|NOM	وَهُوَ ٱلَّذِى خَلَقَ مِنَ ٱلْمَآءِ بَشَرًا فَجَعَلَهُۥ نَسَبًا وَصِهْرًا وَكَانَ رَبُّكَ قَدِيرًا	وهو الذي خلق من الماء بشرا فجعله نسبا وصهرا وكان ربك قديرا
25	55	13	1	rab~i	رَبِّ	rab~	N	STEM|POS:N|LEM:rab~|ROOT:rbb|M|GEN	وَيَعْبُدُونَ مِن دُونِ ٱللَّهِ مَا لَا يَنفَعُهُمْ وَلَا يَضُرُّهُمْ وَكَانَ ٱلْكَافِرُ عَلَىٰ رَبِّهِۦ ظَهِيرًا	ويعبدون من دون الله ما لا ينفعهم ولا يضرهم وكان الكافر على ربه ظهيرا
25	57	13	1	rab~i	رَبِّ	rab~	N	STEM|POS:N|LEM:rab~|ROOT:rbb|M|GEN	قُلْ مَآ أَسْـَٔلُكُمْ عَلَيْهِ مِنْ أَجْرٍ إِلَّا مَن شَآءَ أَن يَتَّخِذَ إِلَىٰ رَبِّهِۦ سَبِيلًا	قل ما أسألكم عليه من أجر إلا من شاء أن يتخذ إلى ربه سبيلا
25	64	3	2	rab~i	رَبِّ	rab~	N	STEM|POS:N|LEM:rab~|ROOT:rbb|M|GEN	وَٱلَّذِينَ يَبِيتُونَ لِرَبِّهِمْ سُجَّدًا وَقِيَٰمًا	والذين يبيتون لربهم سجدا وقياما
25	65	3	1	rab~a	رَبَّ	rab~	N	STEM|POS:N|LEM:rab~|ROOT:rbb|M|ACC	وَٱلَّذِينَ يَقُولُونَ رَبَّنَا ٱصْرِفْ عَنَّا عَذَابَ جَهَنَّمَ إِنَّ عَذَابَهَا كَانَ غَرَامًا	والذين يقولون ربنا اصرف عنا عذاب جهنم إن عذابها كان غراما
25	73	5	1	rab~i	رَبِّ	rab~	N	STEM|POS:N|LEM:rab~|ROOT:rbb|M|GEN	وَٱلَّذِينَ إِذَا ذُكِّرُوا۟ بِـَٔايَٰتِ رَبِّهِمْ لَمْ يَخِرُّوا۟ عَلَيْهَا صُمًّا وَعُمْيَانًا	والذين إذا ذكروا بآيات ربهم لم يخروا عليها صما وعميانا
25	74	3	1	rab~a	رَبَّ	rab~	N	STEM|POS:N|LEM:rab~|ROOT:rbb|M|ACC	وَٱلَّذِينَ يَقُولُونَ رَبَّنَا هَبْ لَنَا مِنْ أَزْوَٰجِنَا وَذُرِّيَّٰتِنَا قُرَّةَ أَعْيُنٍ وَٱجْعَلْنَا لِلْمُتَّقِينَ إِمَامًا	والذين يقولون ربنا هب لنا من أزواجنا وذرياتنا قرة أعين واجعلنا للمتقين إماما
25	77	5	1	rab~i	رَبِّ	rab~	N	STEM|POS:N|LEM:rab~|ROOT:rbb|M|NOM	قُلْ مَا يَعْبَؤُا۟ بِكُمْ رَبِّى لَوْلَا دُعَآؤُكُمْ فَقَدْ كَذَّبْتُمْ فَسَوْفَ يَكُونُ لِزَامًۢا	قل ما يعبأ بكم ربي لولا دعاؤكم فقد كذبتم فسوف يكون لزاما
26	9	2	1	rab~a	رَبَّ	rab~	N	STEM|POS:N|LEM:rab~|ROOT:rbb|M|ACC	وَإِنَّ رَبَّكَ لَهُوَ ٱلْعَزِيزُ ٱلرَّحِيمُ	وإن ربك لهو العزيز الرحيم
26	10	3	1	rab~u	رَبُّ	rab~	N	STEM|POS:N|LEM:rab~|ROOT:rbb|M|NOM	وَإِذْ نَادَىٰ رَبُّكَ مُوسَىٰٓ أَنِ ٱئْتِ ٱلْقَوْمَ ٱلظَّٰلِمِينَ	وإذ نادى ربك موسى أن ائت القوم الظالمين
26	12	2	1	rab~i	رَبِّ	rab~	N	STEM|POS:N|LEM:rab~|ROOT:rbb|M|NOM	قَالَ رَبِّ إِنِّىٓ أَخَافُ أَن يُكَذِّبُونِ	قال رب إني أخاف أن يكذبون
26	16	6	1	rab~i	رَبِّ	rab~	N	STEM|POS:N|LEM:rab~|ROOT:rbb|M|GEN	فَأْتِيَا فِرْعَوْنَ فَقُولَآ إِنَّا رَسُولُ رَبِّ ٱلْعَٰلَمِينَ	فأتيا فرعون فقولا إنا رسول رب العالمين
26	21	7	1	rab~i	رَبِّ	rab~	N	STEM|POS:N|LEM:rab~|ROOT:rbb|M|NOM	فَفَرَرْتُ مِنكُمْ لَمَّا خِفْتُكُمْ فَوَهَبَ لِى رَبِّى حُكْمًا وَجَعَلَنِى مِنَ ٱلْمُرْسَلِينَ	ففررت منكم لما خفتكم فوهب لي ربي حكما وجعلني من المرسلين
26	23	4	1	rab~u	رَبُّ	rab~	N	STEM|POS:N|LEM:rab~|ROOT:rbb|M|NOM	قَالَ فِرْعَوْنُ وَمَا رَبُّ ٱلْعَٰلَمِينَ	قال فرعون وما رب العالمين
26	24	2	1	rab~u	رَبُّ	rab~	N	STEM|POS:N|LEM:rab~|ROOT:rbb|M|NOM	قَالَ رَبُّ ٱلسَّمَٰوَٰتِ وَٱلْأَرْضِ وَمَا بَيْنَهُمَآ إِن كُنتُم مُّوقِنِينَ	قال رب السماوات والأرض وما بينهما إن كنتم موقنين
26	26	2	1	rab~u	رَبُّ	rab~	N	STEM|POS:N|LEM:rab~|ROOT:rbb|M|NOM	قَالَ رَبُّكُمْ وَرَبُّ ءَابَآئِكُمُ ٱلْأَوَّلِينَ	قال ربكم ورب آبائكم الأولين
26	26	3	2	rab~u	رَبُّ	rab~	N	STEM|POS:N|LEM:rab~|ROOT:rbb|M|NOM	قَالَ رَبُّكُمْ وَرَبُّ ءَابَآئِكُمُ ٱلْأَوَّلِينَ	قال ربكم ورب آبائكم الأولين
26	28	2	1	rab~u	رَبُّ	rab~	N	STEM|POS:N|LEM:rab~|ROOT:rbb|M|NOM	قَالَ رَبُّ ٱلْمَشْرِقِ وَٱلْمَغْرِبِ وَمَا بَيْنَهُمَآ إِن كُنتُمْ تَعْقِلُونَ	قال رب المشرق والمغرب وما بينهما إن كنتم تعقلون
26	47	3	2	rab~i	رَبِّ	rab~	N	STEM|POS:N|LEM:rab~|ROOT:rbb|M|GEN	قَالُوٓا۟ ءَامَنَّا بِرَبِّ ٱلْعَٰلَمِينَ	قالوا آمنا برب العالمين
26	48	1	1	rab~i	رَبِّ	rab~	N	STEM|POS:N|LEM:rab~|ROOT:rbb|M|GEN	رَبِّ مُوسَىٰ وَهَٰرُونَ	رب موسى وهارون
26	50	6	1	rab~i	رَبِّ	rab~	N	STEM|POS:N|LEM:rab~|ROOT:rbb|M|GEN	قَالُوا۟ لَا ضَيْرَ إِنَّآ إِلَىٰ رَبِّنَا مُنقَلِبُونَ	قالوا لا ضير إنا إلى ربنا منقلبون
26	51	6	1	rab~u	رَبُّ	rab~	N	STEM|POS:N|LEM:rab~|ROOT:rbb|M|NOM	إِنَّا نَطْمَعُ أَن يَغْفِرَ لَنَا رَبُّنَا خَطَٰيَٰنَآ أَن كُنَّآ أَوَّلَ ٱلْمُؤْمِنِينَ	إنا نطمع أن يغفر لنا ربنا خطايانا أن كنا أول المؤمنين
26	62	5	1	rab~i	رَبِّ	rab~	N	STEM|POS:N|LEM:rab~|ROOT:rbb|M|NOM	قَالَ كَلَّآ إِنَّ مَعِىَ رَبِّى سَيَهْدِينِ	قال كلا إن معي ربي سيهدين
26	68	2	1	rab~a	رَبَّ	rab~	N	STEM|POS:N|LEM:rab~|ROOT:rbb|M|ACC	وَإِنَّ رَبَّكَ لَهُوَ ٱلْعَزِيزُ ٱلرَّحِيمُ	وإن ربك لهو العزيز الرحيم
26	77	5	1	rab~a	رَبَّ	rab~	N	STEM|POS:N|LEM:rab~|ROOT:rbb|M|ACC	فَإِنَّهُمْ عَدُوٌّ لِّىٓ إِلَّا رَبَّ ٱلْعَٰلَمِينَ	فإنهم عدو لي إلا رب العالمين
26	83	1	1	rab~i	رَبِّ	rab~	N	STEM|POS:N|LEM:rab~|ROOT:rbb|M|NOM	رَبِّ هَبْ لِى حُكْمًا وَأَلْحِقْنِى بِٱلصَّٰلِحِينَ	رب هب لي حكما وألحقني بالصالحين
26	98	3	2	rab~i	رَبِّ	rab~	N	STEM|POS:N|LEM:rab~|ROOT:rbb|M|GEN	إِذْ نُسَوِّيكُم بِرَبِّ ٱلْعَٰلَمِينَ	إذ نسويكم برب العالمين
26	104	2	1	rab~a	رَبَّ	rab~	N	STEM|POS:N|LEM:rab~|ROOT:rbb|M|ACC	وَإِنَّ رَبَّكَ لَهُوَ ٱلْعَزِيزُ ٱلرَّحِيمُ	وإن ربك لهو العزيز الرحيم
26	109	10	1	rab~i	رَبِّ	rab~	N	STEM|POS:N|LEM:rab~|ROOT:rbb|M|GEN	وَمَآ أَسْـَٔلُكُمْ عَلَيْهِ مِنْ أَجْرٍ إِنْ أَجْرِىَ إِلَّا عَلَىٰ رَبِّ ٱلْعَٰلَمِينَ	وما أسألكم عليه من أجر إن أجري إلا على رب العالمين
26	113	5	1	rab~i	رَبِّ	rab~	N	STEM|POS:N|LEM:rab~|ROOT:rbb|M|GEN	إِنْ حِسَابُهُمْ إِلَّا عَلَىٰ رَبِّى لَوْ تَشْعُرُونَ	إن حسابهم إلا على ربي لو تشعرون
26	117	2	1	rab~i	رَبِّ	rab~	N	STEM|POS:N|LEM:rab~|ROOT:rbb|M|NOM	قَالَ رَبِّ إِنَّ قَوْمِى كَذَّبُونِ	قال رب إن قومي كذبون
26	122	2	1	rab~a	رَبَّ	rab~	N	STEM|POS:N|LEM:rab~|ROOT:rbb|M|ACC	وَإِنَّ رَبَّكَ لَهُوَ ٱلْعَزِيزُ ٱلرَّحِيمُ	وإن ربك لهو العزيز الرحيم
26	127	10	1	rab~i	رَبِّ	rab~	N	STEM|POS:N|LEM:rab~|ROOT:rbb|M|GEN	وَمَآ أَسْـَٔلُكُمْ عَلَيْهِ مِنْ أَجْرٍ إِنْ أَجْرِىَ إِلَّا عَلَىٰ رَبِّ ٱلْعَٰلَمِينَ	وما أسألكم عليه من أجر إن أجري إلا على رب العالمين
26	140	2	1	rab~a	رَبَّ	rab~	N	STEM|POS:N|LEM:rab~|ROOT:rbb|M|ACC	وَإِنَّ رَبَّكَ لَهُوَ ٱلْعَزِيزُ ٱلرَّحِيمُ	وإن ربك لهو العزيز الرحيم
26	145	10	1	rab~i	رَبِّ	rab~	N	STEM|POS:N|LEM:rab~|ROOT:rbb|M|GEN	وَمَآ أَسْـَٔلُكُمْ عَلَيْهِ مِنْ أَجْرٍ إِنْ أَجْرِىَ إِلَّا عَلَىٰ رَبِّ ٱلْعَٰلَمِينَ	وما أسألكم عليه من أجر إن أجري إلا على رب العالمين
26	159	2	1	rab~a	رَبَّ	rab~	N	STEM|POS:N|LEM:rab~|ROOT:rbb|M|ACC	وَإِنَّ رَبَّكَ لَهُوَ ٱلْعَزِيزُ ٱلرَّحِيمُ	وإن ربك لهو العزيز الرحيم
26	164	10	1	rab~i	رَبِّ	rab~	N	STEM|POS:N|LEM:rab~|ROOT:rbb|M|GEN	وَمَآ أَسْـَٔلُكُمْ عَلَيْهِ مِنْ أَجْرٍ إِنْ أَجْرِىَ إِلَّا عَلَىٰ رَبِّ ٱلْعَٰلَمِينَ	وما أسألكم عليه من أجر إن أجري إلا على رب العالمين
26	166	5	1	rab~u	رَبُّ	rab~	N	STEM|POS:N|LEM:rab~|ROOT:rbb|M|NOM	وَتَذَرُونَ مَا خَلَقَ لَكُمْ رَبُّكُم مِّنْ أَزْوَٰجِكُم بَلْ أَنتُمْ قَوْمٌ عَادُونَ	وتذرون ما خلق لكم ربكم من أزواجكم بل أنتم قوم عادون
26	169	1	1	rab~i	رَبِّ	rab~	N	STEM|POS:N|LEM:rab~|ROOT:rbb|M|NOM	رَبِّ نَجِّنِى وَأَهْلِى مِمَّا يَعْمَلُونَ	رب نجني وأهلي مما يعملون
26	175	2	1	rab~a	رَبَّ	rab~	N	STEM|POS:N|LEM:rab~|ROOT:rbb|M|ACC	وَإِنَّ رَبَّكَ لَهُوَ ٱلْعَزِيزُ ٱلرَّحِيمُ	وإن ربك لهو العزيز الرحيم
26	180	10	1	rab~i	رَبِّ	rab~	N	STEM|POS:N|LEM:rab~|ROOT:rbb|M|GEN	وَمَآ أَسْـَٔلُكُمْ عَلَيْهِ مِنْ أَجْرٍ إِنْ أَجْرِىَ إِلَّا عَلَىٰ رَبِّ ٱلْعَٰلَمِينَ	وما أسألكم عليه من أجر إن أجري إلا على رب العالمين
26	188	2	1	rab~i	رَبِّ	rab~	N	STEM|POS:N|LEM:rab~|ROOT:rbb|M|NOM	قَالَ رَبِّىٓ أَعْلَمُ بِمَا تَعْمَلُونَ	قال ربي أعلم بما تعملون
26	191	2	1	rab~a	رَبَّ	rab~	N	STEM|POS:N|LEM:rab~|ROOT:rbb|M|ACC	وَإِنَّ رَبَّكَ لَهُوَ ٱلْعَزِيزُ ٱلرَّحِيمُ	وإن ربك لهو العزيز الرحيم
26	192	3	1	rab~i	رَبِّ	rab~	N	STEM|POS:N|LEM:rab~|ROOT:rbb|M|GEN	وَإِنَّهُۥ لَتَنزِيلُ رَبِّ ٱلْعَٰلَمِينَ	وإنه لتنزيل رب العالمين
27	8	13	1	rab~i	رَبِّ	rab~	N	STEM|POS:N|LEM:rab~|ROOT:rbb|M|GEN	فَلَمَّا جَآءَهَا نُودِىَ أَنۢ بُورِكَ مَن فِى ٱلنَّارِ وَمَنْ حَوْلَهَا وَسُبْحَٰنَ ٱللَّهِ رَبِّ ٱلْعَٰلَمِينَ	فلما جاءها نودي أن بورك من في النار ومن حولها وسبحان الله رب العالمين
27	19	6	1	rab~i	رَبِّ	rab~	N	STEM|POS:N|LEM:rab~|ROOT:rbb|M|ACC	فَتَبَسَّمَ ضَاحِكًا مِّن قَوْلِهَا وَقَالَ رَبِّ أَوْزِعْنِىٓ أَنْ أَشْكُرَ نِعْمَتَكَ ٱلَّتِىٓ أَنْعَمْتَ عَلَىَّ وَعَلَىٰ وَٰلِدَىَّ وَأَنْ أَعْمَلَ صَٰلِحًا تَرْضَىٰهُ وَأَدْخِلْنِى بِرَحْمَتِكَ فِى عِبَادِكَ ٱلصَّٰلِحِينَ	فتبسم ضاحكا من قولها وقال رب أوزعني أن أشكر نعمتك التي أنعمت علي وعلى والدي وأن أعمل صالحا ترضاه وأدخلني برحمتك في عبادك الصالحين
27	26	6	1	rab~u	رَبُّ	rab~	N	STEM|POS:N|LEM:rab~|ROOT:rbb|M|NOM	ٱللَّهُ لَآ إِلَٰهَ إِلَّا هُوَ رَبُّ ٱلْعَرْشِ ٱلْعَظِيمِ	الله لا إله إلا هو رب العرش العظيم
27	40	23	1	rab~i	رَبِّ	rab~	N	STEM|POS:N|LEM:rab~|ROOT:rbb|M|NOM	قَالَ ٱلَّذِى عِندَهُۥ عِلْمٌ مِّنَ ٱلْكِتَٰبِ أَنَا۠ ءَاتِيكَ بِهِۦ قَبْلَ أَن يَرْتَدَّ إِلَيْكَ طَرْفُكَ فَلَمَّا رَءَاهُ مُسْتَقِرًّا عِندَهُۥ قَالَ هَٰذَا مِن فَضْلِ رَبِّى لِيَبْلُوَنِىٓ ءَأَشْكُرُ أَمْ أَكْفُرُ وَمَن شَكَرَ فَإِنَّمَا يَشْكُرُ لِنَفْسِهِۦ وَمَن كَفَرَ فَإِنَّ رَبِّى غَنِىٌّ كَرِيمٌ	قال الذي عنده علم من الكتاب أنا آتيك به قبل أن يرتد إليك طرفك فلما رآه مستقرا عنده قال هذا من فضل ربي ليبلوني أأشكر أم أكفر ومن شكر فإنما يشكر لنفسه ومن كفر فإن ربي غني كريم
27	40	36	1	rab~i	رَبِّ	rab~	N	STEM|POS:N|LEM:rab~|ROOT:rbb|M|NOM	قَالَ ٱلَّذِى عِندَهُۥ عِلْمٌ مِّنَ ٱلْكِتَٰبِ أَنَا۠ ءَاتِيكَ بِهِۦ قَبْلَ أَن يَرْتَدَّ إِلَيْكَ طَرْفُكَ فَلَمَّا رَءَاهُ مُسْتَقِرًّا عِندَهُۥ قَالَ هَٰذَا مِن فَضْلِ رَبِّى لِيَبْلُوَنِىٓ ءَأَشْكُرُ أَمْ أَكْفُرُ وَمَن شَكَرَ فَإِنَّمَا يَشْكُرُ لِنَفْسِهِۦ وَمَن كَفَرَ فَإِنَّ رَبِّى غَنِىٌّ كَرِيمٌ	قال الذي عنده علم من الكتاب أنا آتيك به قبل أن يرتد إليك طرفك فلما رآه مستقرا عنده قال هذا من فضل ربي ليبلوني أأشكر أم أكفر ومن شكر فإنما يشكر لنفسه ومن كفر فإن ربي غني كريم
27	44	19	1	rab~i	رَبِّ	rab~	N	STEM|POS:N|LEM:rab~|ROOT:rbb|M|NOM	قِيلَ لَهَا ٱدْخُلِى ٱلصَّرْحَ فَلَمَّا رَأَتْهُ حَسِبَتْهُ لُجَّةً وَكَشَفَتْ عَن سَاقَيْهَا قَالَ إِنَّهُۥ صَرْحٌ مُّمَرَّدٌ مِّن قَوَارِيرَ قَالَتْ رَبِّ إِنِّى ظَلَمْتُ نَفْسِى وَأَسْلَمْتُ مَعَ سُلَيْمَٰنَ لِلَّهِ رَبِّ ٱلْعَٰلَمِينَ	قيل لها ادخلي الصرح فلما رأته حسبته لجة وكشفت عن ساقيها قال إنه صرح ممرد من قوارير قالت رب إني ظلمت نفسي وأسلمت مع سليمان لله رب العالمين
27	44	27	1	rab~i	رَبِّ	rab~	N	STEM|POS:N|LEM:rab~|ROOT:rbb|M|GEN	قِيلَ لَهَا ٱدْخُلِى ٱلصَّرْحَ فَلَمَّا رَأَتْهُ حَسِبَتْهُ لُجَّةً وَكَشَفَتْ عَن سَاقَيْهَا قَالَ إِنَّهُۥ صَرْحٌ مُّمَرَّدٌ مِّن قَوَارِيرَ قَالَتْ رَبِّ إِنِّى ظَلَمْتُ نَفْسِى وَأَسْلَمْتُ مَعَ سُلَيْمَٰنَ لِلَّهِ رَبِّ ٱلْعَٰلَمِينَ	قيل لها ادخلي الصرح فلما رأته حسبته لجة وكشفت عن ساقيها قال إنه صرح ممرد من قوارير قالت رب إني ظلمت نفسي وأسلمت مع سليمان لله رب العالمين
27	73	2	1	rab~a	رَبَّ	rab~	N	STEM|POS:N|LEM:rab~|ROOT:rbb|M|ACC	وَإِنَّ رَبَّكَ لَذُو فَضْلٍ عَلَى ٱلنَّاسِ وَلَٰكِنَّ أَكْثَرَهُمْ لَا يَشْكُرُونَ	وإن ربك لذو فضل على الناس ولكن أكثرهم لا يشكرون
27	74	2	1	rab~a	رَبَّ	rab~	N	STEM|POS:N|LEM:rab~|ROOT:rbb|M|ACC	وَإِنَّ رَبَّكَ لَيَعْلَمُ مَا تُكِنُّ صُدُورُهُمْ وَمَا يُعْلِنُونَ	وإن ربك ليعلم ما تكن صدورهم وما يعلنون
27	78	2	1	rab~a	رَبَّ	rab~	N	STEM|POS:N|LEM:rab~|ROOT:rbb|M|ACC	إِنَّ رَبَّكَ يَقْضِى بَيْنَهُم بِحُكْمِهِۦ وَهُوَ ٱلْعَزِيزُ ٱلْعَلِيمُ	إن ربك يقضي بينهم بحكمه وهو العزيز العليم
27	91	5	1	rab~a	رَبَّ	rab~	N	STEM|POS:N|LEM:rab~|ROOT:rbb|M|ACC	إِنَّمَآ أُمِرْتُ أَنْ أَعْبُدَ رَبَّ هَٰذِهِ ٱلْبَلْدَةِ ٱلَّذِى حَرَّمَهَا وَلَهُۥ كُلُّ شَىْءٍ وَأُمِرْتُ أَنْ أَكُونَ مِنَ ٱلْمُسْلِمِينَ	إنما أمرت أن أعبد رب هذه البلدة الذي حرمها وله كل شيء وأمرت أن أكون من المسلمين
27	93	8	1	rab~u	رَبُّ	rab~	N	STEM|POS:N|LEM:rab~|ROOT:rbb|M|NOM	وَقُلِ ٱلْحَمْدُ لِلَّهِ سَيُرِيكُمْ ءَايَٰتِهِۦ فَتَعْرِفُونَهَا وَمَا رَبُّكَ بِغَٰفِلٍ عَمَّا تَعْمَلُونَ	وقل الحمد لله سيريكم آياته فتعرفونها وما ربك بغافل عما تعملون
28	16	2	1	rab~i	رَبِّ	rab~	N	STEM|POS:N|LEM:rab~|ROOT:rbb|M|NOM	قَالَ رَبِّ إِنِّى ظَلَمْتُ نَفْسِى فَٱغْفِرْ لِى فَغَفَرَ لَهُۥٓ إِنَّهُۥ هُوَ ٱلْغَفُورُ ٱلرَّحِيمُ	قال رب إني ظلمت نفسي فاغفر لي فغفر له إنه هو الغفور الرحيم
28	17	2	1	rab~i	رَبِّ	rab~	N	STEM|POS:N|LEM:rab~|ROOT:rbb|M|NOM	قَالَ رَبِّ بِمَآ أَنْعَمْتَ عَلَىَّ فَلَنْ أَكُونَ ظَهِيرًا لِّلْمُجْرِمِينَ	قال رب بما أنعمت علي فلن أكون ظهيرا للمجرمين
28	21	6	1	rab~i	رَبِّ	rab~	N	STEM|POS:N|LEM:rab~|ROOT:rbb|M|NOM	فَخَرَجَ مِنْهَا خَآئِفًا يَتَرَقَّبُ قَالَ رَبِّ نَجِّنِى مِنَ ٱلْقَوْمِ ٱلظَّٰلِمِينَ	فخرج منها خائفا يترقب قال رب نجني من القوم الظالمين
28	22	7	1	rab~i	رَبِّ	rab~	N	STEM|POS:N|LEM:rab~|ROOT:rbb|M|NOM	وَلَمَّا تَوَجَّهَ تِلْقَآءَ مَدْيَنَ قَالَ عَسَىٰ رَبِّىٓ أَن يَهْدِيَنِى سَوَآءَ ٱلسَّبِيلِ	ولما توجه تلقاء مدين قال عسى ربي أن يهديني سواء السبيل
28	24	8	1	rab~i	رَبِّ	rab~	N	STEM|POS:N|LEM:rab~|ROOT:rbb|M|NOM	فَسَقَىٰ لَهُمَا ثُمَّ تَوَلَّىٰٓ إِلَى ٱلظِّلِّ فَقَالَ رَبِّ إِنِّى لِمَآ أَنزَلْتَ إِلَىَّ مِنْ خَيْرٍ فَقِيرٌ	فسقى لهما ثم تولى إلى الظل فقال رب إني لما أنزلت إلي من خير فقير
28	30	18	1	rab~u	رَبُّ	rab~	N	STEM|POS:N|LEM:rab~|ROOT:rbb|M|NOM	فَلَمَّآ أَتَىٰهَا نُودِىَ مِن شَٰطِئِ ٱلْوَادِ ٱلْأَيْمَنِ فِى ٱلْبُقْعَةِ ٱلْمُبَٰرَكَةِ مِنَ ٱلشَّجَرَةِ أَن يَٰمُوسَىٰٓ إِنِّىٓ أَنَا ٱللَّهُ رَبُّ ٱلْعَٰلَمِينَ	فلما أتاها نودي من شاطئ الواد الأيمن في البقعة المباركة من الشجرة أن يا موسى إني أنا الله رب العالمين
28	32	18	1	r~ab~i	رَّبِّ	rab~	N	STEM|POS:N|LEM:rab~|ROOT:rbb|M|GEN	ٱسْلُكْ يَدَكَ فِى جَيْبِكَ تَخْرُجْ بَيْضَآءَ مِنْ غَيْرِ سُوٓءٍ وَٱضْمُمْ إِلَيْكَ جَنَاحَكَ مِنَ ٱلرَّهْبِ فَذَٰنِكَ بُرْهَٰنَانِ مِن رَّبِّكَ إِلَىٰ فِرْعَوْنَ وَمَلَإِي۟هِۦٓ إِنَّهُمْ كَانُوا۟ قَوْمًا فَٰسِقِينَ	اسلك يدك في جيبك تخرج بيضاء من غير سوء واضمم إليك جناحك من الرهب فذانك برهانان من ربك إلى فرعون وملئه إنهم كانوا قوما فاسقين
28	33	2	1	rab~i	رَبِّ	rab~	N	STEM|POS:N|LEM:rab~|ROOT:rbb|M|NOM	قَالَ رَبِّ إِنِّى قَتَلْتُ مِنْهُمْ نَفْسًا فَأَخَافُ أَن يَقْتُلُونِ	قال رب إني قتلت منهم نفسا فأخاف أن يقتلون
28	37	3	1	rab~i	رَبِّ	rab~	N	STEM|POS:N|LEM:rab~|ROOT:rbb|M|NOM	وَقَالَ مُوسَىٰ رَبِّىٓ أَعْلَمُ بِمَن جَآءَ بِٱلْهُدَىٰ مِنْ عِندِهِۦ وَمَن تَكُونُ لَهُۥ عَٰقِبَةُ ٱلدَّارِ إِنَّهُۥ لَا يُفْلِحُ ٱلظَّٰلِمُونَ	وقال موسى ربي أعلم بمن جاء بالهدى من عنده ومن تكون له عاقبة الدار إنه لا يفلح الظالمون
28	46	10	1	r~ab~i	رَّبِّ	rab~	N	STEM|POS:N|LEM:rab~|ROOT:rbb|M|GEN	وَمَا كُنتَ بِجَانِبِ ٱلطُّورِ إِذْ نَادَيْنَا وَلَٰكِن رَّحْمَةً مِّن رَّبِّكَ لِتُنذِرَ قَوْمًا مَّآ أَتَىٰهُم مِّن نَّذِيرٍ مِّن قَبْلِكَ لَعَلَّهُمْ يَتَذَكَّرُونَ	وما كنت بجانب الطور إذ نادينا ولكن رحمة من ربك لتنذر قوما ما أتاهم من نذير من قبلك لعلهم يتذكرون
28	47	9	1	rab~a	رَبَّ	rab~	N	STEM|POS:N|LEM:rab~|ROOT:rbb|M|ACC	وَلَوْلَآ أَن تُصِيبَهُم مُّصِيبَةٌۢ بِمَا قَدَّمَتْ أَيْدِيهِمْ فَيَقُولُوا۟ رَبَّنَا لَوْلَآ أَرْسَلْتَ إِلَيْنَا رَسُولًا فَنَتَّبِعَ ءَايَٰتِكَ وَنَكُونَ مِنَ ٱلْمُؤْمِنِينَ	ولولا أن تصيبهم مصيبة بما قدمت أيديهم فيقولوا ربنا لولا أرسلت إلينا رسولا فنتبع آياتك ونكون من المؤمنين
28	53	10	1	r~ab~i	رَّبِّ	rab~	N	STEM|POS:N|LEM:rab~|ROOT:rbb|M|GEN	وَإِذَا يُتْلَىٰ عَلَيْهِمْ قَالُوٓا۟ ءَامَنَّا بِهِۦٓ إِنَّهُ ٱلْحَقُّ مِن رَّبِّنَآ إِنَّا كُنَّا مِن قَبْلِهِۦ مُسْلِمِينَ	وإذا يتلى عليهم قالوا آمنا به إنه الحق من ربنا إنا كنا من قبله مسلمين
28	59	3	1	rab~u	رَبُّ	rab~	N	STEM|POS:N|LEM:rab~|ROOT:rbb|M|NOM	وَمَا كَانَ رَبُّكَ مُهْلِكَ ٱلْقُرَىٰ حَتَّىٰ يَبْعَثَ فِىٓ أُمِّهَا رَسُولًا يَتْلُوا۟ عَلَيْهِمْ ءَايَٰتِنَا وَمَا كُنَّا مُهْلِكِى ٱلْقُرَىٰٓ إِلَّا وَأَهْلُهَا ظَٰلِمُونَ	وما كان ربك مهلك القرى حتى يبعث في أمها رسولا يتلو عليهم آياتنا وما كنا مهلكي القرى إلا وأهلها ظالمون
28	63	6	1	rab~a	رَبَّ	rab~	N	STEM|POS:N|LEM:rab~|ROOT:rbb|M|ACC	قَالَ ٱلَّذِينَ حَقَّ عَلَيْهِمُ ٱلْقَوْلُ رَبَّنَا هَٰٓؤُلَآءِ ٱلَّذِينَ أَغْوَيْنَآ أَغْوَيْنَٰهُمْ كَمَا غَوَيْنَا تَبَرَّأْنَآ إِلَيْكَ مَا كَانُوٓا۟ إِيَّانَا يَعْبُدُونَ	قال الذين حق عليهم القول ربنا هؤلاء الذين أغوينا أغويناهم كما غوينا تبرأنا إليك ما كانوا إيانا يعبدون
28	68	1	2	rab~u	رَبُّ	rab~	N	STEM|POS:N|LEM:rab~|ROOT:rbb|M|NOM	وَرَبُّكَ يَخْلُقُ مَا يَشَآءُ وَيَخْتَارُ مَا كَانَ لَهُمُ ٱلْخِيَرَةُ سُبْحَٰنَ ٱللَّهِ وَتَعَٰلَىٰ عَمَّا يُشْرِكُونَ	وربك يخلق ما يشاء ويختار ما كان لهم الخيرة سبحان الله وتعالى عما يشركون
28	69	1	2	rab~u	رَبُّ	rab~	N	STEM|POS:N|LEM:rab~|ROOT:rbb|M|NOM	وَرَبُّكَ يَعْلَمُ مَا تُكِنُّ صُدُورُهُمْ وَمَا يُعْلِنُونَ	وربك يعلم ما تكن صدورهم وما يعلنون
28	85	10	1	r~ab~i	رَّبِّ	rab~	N	STEM|POS:N|LEM:rab~|ROOT:rbb|M|NOM	إِنَّ ٱلَّذِى فَرَضَ عَلَيْكَ ٱلْقُرْءَانَ لَرَآدُّكَ إِلَىٰ مَعَادٍ قُل رَّبِّىٓ أَعْلَمُ مَن جَآءَ بِٱلْهُدَىٰ وَمَنْ هُوَ فِى ضَلَٰلٍ مُّبِينٍ	إن الذي فرض عليك القرآن لرادك إلى معاد قل ربي أعلم من جاء بالهدى ومن هو في ضلال مبين
28	86	11	1	r~ab~i	رَّبِّ	rab~	N	STEM|POS:N|LEM:rab~|ROOT:rbb|M|GEN	وَمَا كُنتَ تَرْجُوٓا۟ أَن يُلْقَىٰٓ إِلَيْكَ ٱلْكِتَٰبُ إِلَّا رَحْمَةً مِّن رَّبِّكَ فَلَا تَكُونَنَّ ظَهِيرًا لِّلْكَٰفِرِينَ	وما كنت ترجو أن يلقى إليك الكتاب إلا رحمة من ربك فلا تكونن ظهيرا للكافرين
28	87	12	1	rab~i	رَبِّ	rab~	N	STEM|POS:N|LEM:rab~|ROOT:rbb|M|GEN	وَلَا يَصُدُّنَّكَ عَنْ ءَايَٰتِ ٱللَّهِ بَعْدَ إِذْ أُنزِلَتْ إِلَيْكَ وَٱدْعُ إِلَىٰ رَبِّكَ وَلَا تَكُونَنَّ مِنَ ٱلْمُشْرِكِينَ	ولا يصدنك عن آيات الله بعد إذ أنزلت إليك وادع إلى ربك ولا تكونن من المشركين
29	10	20	1	r~ab~i	رَّبِّ	rab~	N	STEM|POS:N|LEM:rab~|ROOT:rbb|M|GEN	وَمِنَ ٱلنَّاسِ مَن يَقُولُ ءَامَنَّا بِٱللَّهِ فَإِذَآ أُوذِىَ فِى ٱللَّهِ جَعَلَ فِتْنَةَ ٱلنَّاسِ كَعَذَابِ ٱللَّهِ وَلَئِن جَآءَ نَصْرٌ مِّن رَّبِّكَ لَيَقُولُنَّ إِنَّا كُنَّا مَعَكُمْ أَوَلَيْسَ ٱللَّهُ بِأَعْلَمَ بِمَا فِى صُدُورِ ٱلْعَٰلَمِينَ	ومن الناس من يقول آمنا بالله فإذا أوذي في الله جعل فتنة الناس كعذاب الله ولئن جاء نصر من ربك ليقولن إنا كنا معكم أوليس الله بأعلم بما في صدور العالمين
29	26	8	1	rab~i	رَبِّ	rab~	N	STEM|POS:N|LEM:rab~|ROOT:rbb|M|GEN	فَـَٔامَنَ لَهُۥ لُوطٌ وَقَالَ إِنِّى مُهَاجِرٌ إِلَىٰ رَبِّىٓ إِنَّهُۥ هُوَ ٱلْعَزِيزُ ٱلْحَكِيمُ	فآمن له لوط وقال إني مهاجر إلى ربي إنه هو العزيز الحكيم
29	30	2	1	rab~i	رَبِّ	rab~	N	STEM|POS:N|LEM:rab~|ROOT:rbb|M|NOM	قَالَ رَبِّ ٱنصُرْنِى عَلَى ٱلْقَوْمِ ٱلْمُفْسِدِينَ	قال رب انصرني على القوم المفسدين
29	50	7	1	r~ab~i	رَّبِّ	rab~	N	STEM|POS:N|LEM:rab~|ROOT:rbb|M|GEN	وَقَالُوا۟ لَوْلَآ أُنزِلَ عَلَيْهِ ءَايَٰتٌ مِّن رَّبِّهِۦ قُلْ إِنَّمَا ٱلْـَٔايَٰتُ عِندَ ٱللَّهِ وَإِنَّمَآ أَنَا۠ نَذِيرٌ مُّبِينٌ	وقالوا لولا أنزل عليه آيات من ربه قل إنما الآيات عند الله وإنما أنا نذير مبين
29	59	4	1	rab~i	رَبِّ	rab~	N	STEM|POS:N|LEM:rab~|ROOT:rbb|M|GEN	ٱلَّذِينَ صَبَرُوا۟ وَعَلَىٰ رَبِّهِمْ يَتَوَكَّلُونَ	الذين صبروا وعلى ربهم يتوكلون
30	8	21	1	rab~i	رَبِّ	rab~	N	STEM|POS:N|LEM:rab~|ROOT:rbb|M|GEN	أَوَلَمْ يَتَفَكَّرُوا۟ فِىٓ أَنفُسِهِم مَّا خَلَقَ ٱللَّهُ ٱلسَّمَٰوَٰتِ وَٱلْأَرْضَ وَمَا بَيْنَهُمَآ إِلَّا بِٱلْحَقِّ وَأَجَلٍ مُّسَمًّى وَإِنَّ كَثِيرًا مِّنَ ٱلنَّاسِ بِلِقَآئِ رَبِّهِمْ لَكَٰفِرُونَ	أولم يتفكروا في أنفسهم ما خلق الله السماوات والأرض وما بينهما إلا بالحق وأجل مسمى وإن كثيرا من الناس بلقاء ربهم لكافرون
30	33	6	1	rab~a	رَبَّ	rab~	N	STEM|POS:N|LEM:rab~|ROOT:rbb|M|ACC	وَإِذَا مَسَّ ٱلنَّاسَ ضُرٌّ دَعَوْا۟ رَبَّهُم مُّنِيبِينَ إِلَيْهِ ثُمَّ إِذَآ أَذَاقَهُم مِّنْهُ رَحْمَةً إِذَا فَرِيقٌ مِّنْهُم بِرَبِّهِمْ يُشْرِكُونَ	وإذا مس الناس ضر دعوا ربهم منيبين إليه ثم إذا أذاقهم منه رحمة إذا فريق منهم بربهم يشركون
30	33	17	2	rab~i	رَبِّ	rab~	N	STEM|POS:N|LEM:rab~|ROOT:rbb|M|GEN	وَإِذَا مَسَّ ٱلنَّاسَ ضُرٌّ دَعَوْا۟ رَبَّهُم مُّنِيبِينَ إِلَيْهِ ثُمَّ إِذَآ أَذَاقَهُم مِّنْهُ رَحْمَةً إِذَا فَرِيقٌ مِّنْهُم بِرَبِّهِمْ يُشْرِكُونَ	وإذا مس الناس ضر دعوا ربهم منيبين إليه ثم إذا أذاقهم منه رحمة إذا فريق منهم بربهم يشركون
31	5	5	1	r~ab~i	رَّبِّ	rab~	N	STEM|POS:N|LEM:rab~|ROOT:rbb|M|GEN	أُو۟لَٰٓئِكَ عَلَىٰ هُدًى مِّن رَّبِّهِمْ وَأُو۟لَٰٓئِكَ هُمُ ٱلْمُفْلِحُونَ	أولئك على هدى من ربهم وأولئك هم المفلحون
31	33	4	1	rab~a	رَبَّ	rab~	N	STEM|POS:N|LEM:rab~|ROOT:rbb|M|ACC	يَٰٓأَيُّهَا ٱلنَّاسُ ٱتَّقُوا۟ رَبَّكُمْ وَٱخْشَوْا۟ يَوْمًا لَّا يَجْزِى وَالِدٌ عَن وَلَدِهِۦ وَلَا مَوْلُودٌ هُوَ جَازٍ عَن وَالِدِهِۦ شَيْـًٔا إِنَّ وَعْدَ ٱللَّهِ حَقٌّ فَلَا تَغُرَّنَّكُمُ ٱلْحَيَوٰةُ ٱلدُّنْيَا وَلَا يَغُرَّنَّكُم بِٱللَّهِ ٱلْغَرُورُ	يا أيها الناس اتقوا ربكم واخشوا يوما لا يجزي والد عن ولده ولا مولود هو جاز عن والده شيئا إن وعد الله حق فلا تغرنكم الحياة الدنيا ولا يغرنكم بالله الغرور
32	2	7	1	r~ab~i	رَّبِّ	rab~	N	STEM|POS:N|LEM:rab~|ROOT:rbb|M|GEN	تَنزِيلُ ٱلْكِتَٰبِ لَا رَيْبَ فِيهِ مِن رَّبِّ ٱلْعَٰلَمِينَ	تنزيل الكتاب لا ريب فيه من رب العالمين
32	3	8	1	r~ab~i	رَّبِّ	rab~	N	STEM|POS:N|LEM:rab~|ROOT:rbb|M|GEN	أَمْ يَقُولُونَ ٱفْتَرَىٰهُ بَلْ هُوَ ٱلْحَقُّ مِن رَّبِّكَ لِتُنذِرَ قَوْمًا مَّآ أَتَىٰهُم مِّن نَّذِيرٍ مِّن قَبْلِكَ لَعَلَّهُمْ يَهْتَدُونَ	أم يقولون افتراه بل هو الحق من ربك لتنذر قوما ما أتاهم من نذير من قبلك لعلهم يهتدون
32	10	13	1	rab~i	رَبِّ	rab~	N	STEM|POS:N|LEM:rab~|ROOT:rbb|M|GEN	وَقَالُوٓا۟ أَءِذَا ضَلَلْنَا فِى ٱلْأَرْضِ أَءِنَّا لَفِى خَلْقٍ جَدِيدٍۭ بَلْ هُم بِلِقَآءِ رَبِّهِمْ كَٰفِرُونَ	وقالوا أإذا ضللنا في الأرض أإنا لفي خلق جديد بل هم بلقاء ربهم كافرون
32	11	10	1	rab~i	رَبِّ	rab~	N	STEM|POS:N|LEM:rab~|ROOT:rbb|M|GEN	قُلْ يَتَوَفَّىٰكُم مَّلَكُ ٱلْمَوْتِ ٱلَّذِى وُكِّلَ بِكُمْ ثُمَّ إِلَىٰ رَبِّكُمْ تُرْجَعُونَ	قل يتوفاكم ملك الموت الذي وكل بكم ثم إلى ربكم ترجعون
32	12	8	1	rab~i	رَبِّ	rab~	N	STEM|POS:N|LEM:rab~|ROOT:rbb|M|GEN	وَلَوْ تَرَىٰٓ إِذِ ٱلْمُجْرِمُونَ نَاكِسُوا۟ رُءُوسِهِمْ عِندَ رَبِّهِمْ رَبَّنَآ أَبْصَرْنَا وَسَمِعْنَا فَٱرْجِعْنَا نَعْمَلْ صَٰلِحًا إِنَّا مُوقِنُونَ	ولو ترى إذ المجرمون ناكسو رءوسهم عند ربهم ربنا أبصرنا وسمعنا فارجعنا نعمل صالحا إنا موقنون
32	12	9	1	rab~a	رَبَّ	rab~	N	STEM|POS:N|LEM:rab~|ROOT:rbb|M|ACC	وَلَوْ تَرَىٰٓ إِذِ ٱلْمُجْرِمُونَ نَاكِسُوا۟ رُءُوسِهِمْ عِندَ رَبِّهِمْ رَبَّنَآ أَبْصَرْنَا وَسَمِعْنَا فَٱرْجِعْنَا نَعْمَلْ صَٰلِحًا إِنَّا مُوقِنُونَ	ولو ترى إذ المجرمون ناكسو رءوسهم عند ربهم ربنا أبصرنا وسمعنا فارجعنا نعمل صالحا إنا موقنون
32	15	12	1	rab~i	رَبِّ	rab~	N	STEM|POS:N|LEM:rab~|ROOT:rbb|M|GEN	إِنَّمَا يُؤْمِنُ بِـَٔايَٰتِنَا ٱلَّذِينَ إِذَا ذُكِّرُوا۟ بِهَا خَرُّوا۟ سُجَّدًا وَسَبَّحُوا۟ بِحَمْدِ رَبِّهِمْ وَهُمْ لَا يَسْتَكْبِرُونَ	إنما يؤمن بآياتنا الذين إذا ذكروا بها خروا سجدا وسبحوا بحمد ربهم وهم لا يستكبرون
32	16	6	1	rab~a	رَبَّ	rab~	N	STEM|POS:N|LEM:rab~|ROOT:rbb|M|ACC	تَتَجَافَىٰ جُنُوبُهُمْ عَنِ ٱلْمَضَاجِعِ يَدْعُونَ رَبَّهُمْ خَوْفًا وَطَمَعًا وَمِمَّا رَزَقْنَٰهُمْ يُنفِقُونَ	تتجافى جنوبهم عن المضاجع يدعون ربهم خوفا وطمعا ومما رزقناهم ينفقون
32	22	6	1	rab~i	رَبِّ	rab~	N	STEM|POS:N|LEM:rab~|ROOT:rbb|M|GEN	وَمَنْ أَظْلَمُ مِمَّن ذُكِّرَ بِـَٔايَٰتِ رَبِّهِۦ ثُمَّ أَعْرَضَ عَنْهَآ إِنَّا مِنَ ٱلْمُجْرِمِينَ مُنتَقِمُونَ	ومن أظلم ممن ذكر بآيات ربه ثم أعرض عنها إنا من المجرمين منتقمون
32	25	2	1	rab~a	رَبَّ	rab~	N	STEM|POS:N|LEM:rab~|ROOT:rbb|M|ACC	إِنَّ رَبَّكَ هُوَ يَفْصِلُ بَيْنَهُمْ يَوْمَ ٱلْقِيَٰمَةِ فِيمَا كَانُوا۟ فِيهِ يَخْتَلِفُونَ	إن ربك هو يفصل بينهم يوم القيامة فيما كانوا فيه يختلفون
33	2	6	1	r~ab~i	رَّبِّ	rab~	N	STEM|POS:N|LEM:rab~|ROOT:rbb|M|GEN	وَٱتَّبِعْ مَا يُوحَىٰٓ إِلَيْكَ مِن رَّبِّكَ إِنَّ ٱللَّهَ كَانَ بِمَا تَعْمَلُونَ خَبِيرًا	واتبع ما يوحى إليك من ربك إن الله كان بما تعملون خبيرا
33	67	2	1	rab~a	رَبَّ	rab~	N	STEM|POS:N|LEM:rab~|ROOT:rbb|M|ACC	وَقَالُوا۟ رَبَّنَآ إِنَّآ أَطَعْنَا سَادَتَنَا وَكُبَرَآءَنَا فَأَضَلُّونَا ٱلسَّبِيلَا۠	وقالوا ربنا إنا أطعنا سادتنا وكبراءنا فأضلونا السبيلا
33	68	1	1	rab~a	رَبَّ	rab~	N	STEM|POS:N|LEM:rab~|ROOT:rbb|M|ACC	رَبَّنَآ ءَاتِهِمْ ضِعْفَيْنِ مِنَ ٱلْعَذَابِ وَٱلْعَنْهُمْ لَعْنًا كَبِيرًا	ربنا آتهم ضعفين من العذاب والعنهم لعنا كبيرا
34	3	9	2	rab~i	رَبِّ	rab~	N	STEM|POS:N|LEM:rab~|ROOT:rbb|M|NOM	وَقَالَ ٱلَّذِينَ كَفَرُوا۟ لَا تَأْتِينَا ٱلسَّاعَةُ قُلْ بَلَىٰ وَرَبِّى لَتَأْتِيَنَّكُمْ عَٰلِمِ ٱلْغَيْبِ لَا يَعْزُبُ عَنْهُ مِثْقَالُ ذَرَّةٍ فِى ٱلسَّمَٰوَٰتِ وَلَا فِى ٱلْأَرْضِ وَلَآ أَصْغَرُ مِن ذَٰلِكَ وَلَآ أَكْبَرُ إِلَّا فِى كِتَٰبٍ مُّبِينٍ	وقال الذين كفروا لا تأتينا الساعة قل بلى وربي لتأتينكم عالم الغيب لا يعزب عنه مثقال ذرة في السماوات ولا في الأرض ولا أصغر من ذلك ولا أكبر إلا في كتاب مبين
34	6	9	1	r~ab~i	رَّبِّ	rab~	N	STEM|POS:N|LEM:rab~|ROOT:rbb|M|GEN	وَيَرَى ٱلَّذِينَ أُوتُوا۟ ٱلْعِلْمَ ٱلَّذِىٓ أُنزِلَ إِلَيْكَ مِن رَّبِّكَ هُوَ ٱلْحَقَّ وَيَهْدِىٓ إِلَىٰ صِرَٰطِ ٱلْعَزِيزِ ٱلْحَمِيدِ	ويرى الذين أوتوا العلم الذي أنزل إليك من ربك هو الحق ويهدي إلى صراط العزيز الحميد
34	12	18	1	rab~i	رَبِّ	rab~	N	STEM|POS:N|LEM:rab~|ROOT:rbb|M|GEN	وَلِسُلَيْمَٰنَ ٱلرِّيحَ غُدُوُّهَا شَهْرٌ وَرَوَاحُهَا شَهْرٌ وَأَسَلْنَا لَهُۥ عَيْنَ ٱلْقِطْرِ وَمِنَ ٱلْجِنِّ مَن يَعْمَلُ بَيْنَ يَدَيْهِ بِإِذْنِ رَبِّهِۦ وَمَن يَزِغْ مِنْهُمْ عَنْ أَمْرِنَا نُذِقْهُ مِنْ عَذَابِ ٱلسَّعِيرِ	ولسليمان الريح غدوها شهر ورواحها شهر وأسلنا له عين القطر ومن الجن من يعمل بين يديه بإذن ربه ومن يزغ منهم عن أمرنا نذقه من عذاب السعير
34	15	14	1	rab~i	رَبِّ	rab~	N	STEM|POS:N|LEM:rab~|ROOT:rbb|M|GEN	لَقَدْ كَانَ لِسَبَإٍ فِى مَسْكَنِهِمْ ءَايَةٌ جَنَّتَانِ عَن يَمِينٍ وَشِمَالٍ كُلُوا۟ مِن رِّزْقِ رَبِّكُمْ وَٱشْكُرُوا۟ لَهُۥ بَلْدَةٌ طَيِّبَةٌ وَرَبٌّ غَفُورٌ	لقد كان لسبإ في مسكنهم آية جنتان عن يمين وشمال كلوا من رزق ربكم واشكروا له بلدة طيبة ورب غفور
34	15	19	2	rab~N	رَبٌّ	rab~	N	STEM|POS:N|LEM:rab~|ROOT:rbb|M|INDEF|NOM	لَقَدْ كَانَ لِسَبَإٍ فِى مَسْكَنِهِمْ ءَايَةٌ جَنَّتَانِ عَن يَمِينٍ وَشِمَالٍ كُلُوا۟ مِن رِّزْقِ رَبِّكُمْ وَٱشْكُرُوا۟ لَهُۥ بَلْدَةٌ طَيِّبَةٌ وَرَبٌّ غَفُورٌ	لقد كان لسبإ في مسكنهم آية جنتان عن يمين وشمال كلوا من رزق ربكم واشكروا له بلدة طيبة ورب غفور
34	19	2	1	rab~a	رَبَّ	rab~	N	STEM|POS:N|LEM:rab~|ROOT:rbb|M|ACC	فَقَالُوا۟ رَبَّنَا بَٰعِدْ بَيْنَ أَسْفَارِنَا وَظَلَمُوٓا۟ أَنفُسَهُمْ فَجَعَلْنَٰهُمْ أَحَادِيثَ وَمَزَّقْنَٰهُمْ كُلَّ مُمَزَّقٍ إِنَّ فِى ذَٰلِكَ لَـَٔايَٰتٍ لِّكُلِّ صَبَّارٍ شَكُورٍ	فقالوا ربنا باعد بين أسفارنا وظلموا أنفسهم فجعلناهم أحاديث ومزقناهم كل ممزق إن في ذلك لآيات لكل صبار شكور
34	21	17	2	rab~u	رَبُّ	rab~	N	STEM|POS:N|LEM:rab~|ROOT:rbb|M|NOM	وَمَا كَانَ لَهُۥ عَلَيْهِم مِّن سُلْطَٰنٍ إِلَّا لِنَعْلَمَ مَن يُؤْمِنُ بِٱلْـَٔاخِرَةِ مِمَّنْ هُوَ مِنْهَا فِى شَكٍّ وَرَبُّكَ عَلَىٰ كُلِّ شَىْءٍ حَفِيظٌ	وما كان له عليهم من سلطان إلا لنعلم من يؤمن بالآخرة ممن هو منها في شك وربك على كل شيء حفيظ
34	23	17	1	rab~u	رَبُّ	rab~	N	STEM|POS:N|LEM:rab~|ROOT:rbb|M|NOM	وَلَا تَنفَعُ ٱلشَّفَٰعَةُ عِندَهُۥٓ إِلَّا لِمَنْ أَذِنَ لَهُۥ حَتَّىٰٓ إِذَا فُزِّعَ عَن قُلُوبِهِمْ قَالُوا۟ مَاذَا قَالَ رَبُّكُمْ قَالُوا۟ ٱلْحَقَّ وَهُوَ ٱلْعَلِىُّ ٱلْكَبِيرُ	ولا تنفع الشفاعة عنده إلا لمن أذن له حتى إذا فزع عن قلوبهم قالوا ماذا قال ربكم قالوا الحق وهو العلي الكبير
34	26	4	1	rab~u	رَبُّ	rab~	N	STEM|POS:N|LEM:rab~|ROOT:rbb|M|NOM	قُلْ يَجْمَعُ بَيْنَنَا رَبُّنَا ثُمَّ يَفْتَحُ بَيْنَنَا بِٱلْحَقِّ وَهُوَ ٱلْفَتَّاحُ ٱلْعَلِيمُ	قل يجمع بيننا ربنا ثم يفتح بيننا بالحق وهو الفتاح العليم
34	31	18	1	rab~i	رَبِّ	rab~	N	STEM|POS:N|LEM:rab~|ROOT:rbb|M|GEN	وَقَالَ ٱلَّذِينَ كَفَرُوا۟ لَن نُّؤْمِنَ بِهَٰذَا ٱلْقُرْءَانِ وَلَا بِٱلَّذِى بَيْنَ يَدَيْهِ وَلَوْ تَرَىٰٓ إِذِ ٱلظَّٰلِمُونَ مَوْقُوفُونَ عِندَ رَبِّهِمْ يَرْجِعُ بَعْضُهُمْ إِلَىٰ بَعْضٍ ٱلْقَوْلَ يَقُولُ ٱلَّذِينَ ٱسْتُضْعِفُوا۟ لِلَّذِينَ ٱسْتَكْبَرُوا۟ لَوْلَآ أَنتُمْ لَكُنَّا مُؤْمِنِينَ	وقال الذين كفروا لن نؤمن بهذا القرآن ولا بالذي بين يديه ولو ترى إذ الظالمون موقوفون عند ربهم يرجع بعضهم إلى بعض القول يقول الذين استضعفوا للذين استكبروا لولا أنتم لكنا مؤمنين
34	36	3	1	rab~i	رَبِّ	rab~	N	STEM|POS:N|LEM:rab~|ROOT:rbb|M|NOM	قُلْ إِنَّ رَبِّى يَبْسُطُ ٱلرِّزْقَ لِمَن يَشَآءُ وَيَقْدِرُ وَلَٰكِنَّ أَكْثَرَ ٱلنَّاسِ لَا يَعْلَمُونَ	قل إن ربي يبسط الرزق لمن يشاء ويقدر ولكن أكثر الناس لا يعلمون
34	39	3	1	rab~i	رَبِّ	rab~	N	STEM|POS:N|LEM:rab~|ROOT:rbb|M|NOM	قُلْ إِنَّ رَبِّى يَبْسُطُ ٱلرِّزْقَ لِمَن يَشَآءُ مِنْ عِبَادِهِۦ وَيَقْدِرُ لَهُۥ وَمَآ أَنفَقْتُم مِّن شَىْءٍ فَهُوَ يُخْلِفُهُۥ وَهُوَ خَيْرُ ٱلرَّٰزِقِينَ	قل إن ربي يبسط الرزق لمن يشاء من عباده ويقدر له وما أنفقتم من شيء فهو يخلفه وهو خير الرازقين
34	48	3	1	rab~i	رَبِّ	rab~	N	STEM|POS:N|LEM:rab~|ROOT:rbb|M|NOM	قُلْ إِنَّ رَبِّى يَقْذِفُ بِٱلْحَقِّ عَلَّٰمُ ٱلْغُيُوبِ	قل إن ربي يقذف بالحق علام الغيوب
34	50	13	1	rab~i	رَبِّ	rab~	N	STEM|POS:N|LEM:rab~|ROOT:rbb|M|NOM	قُلْ إِن ضَلَلْتُ فَإِنَّمَآ أَضِلُّ عَلَىٰ نَفْسِى وَإِنِ ٱهْتَدَيْتُ فَبِمَا يُوحِىٓ إِلَىَّ رَبِّىٓ إِنَّهُۥ سَمِيعٌ قَرِيبٌ	قل إن ضللت فإنما أضل على نفسي وإن اهتديت فبما يوحي إلي ربي إنه سميع قريب
35	13	18	1	rab~u	رَبُّ	rab~	N	STEM|POS:N|LEM:rab~|ROOT:rbb|M|NOM	يُولِجُ ٱلَّيْلَ فِى ٱلنَّهَارِ وَيُولِجُ ٱلنَّهَارَ فِى ٱلَّيْلِ وَسَخَّرَ ٱلشَّمْسَ وَٱلْقَمَرَ كُلٌّ يَجْرِى لِأَجَلٍ مُّسَمًّى ذَٰلِكُمُ ٱللَّهُ رَبُّكُمْ لَهُ ٱلْمُلْكُ وَٱلَّذِينَ تَدْعُونَ مِن دُونِهِۦ مَا يَمْلِكُونَ مِن قِطْمِيرٍ	يولج الليل في النهار ويولج النهار في الليل وسخر الشمس والقمر كل يجري لأجل مسمى ذلكم الله ربكم له الملك والذين تدعون من دونه ما يملكون من قطمير
35	18	23	1	rab~a	رَبَّ	rab~	N	STEM|POS:N|LEM:rab~|ROOT:rbb|M|ACC	وَلَا تَزِرُ وَازِرَةٌ وِزْرَ أُخْرَىٰ وَإِن تَدْعُ مُثْقَلَةٌ إِلَىٰ حِمْلِهَا لَا يُحْمَلْ مِنْهُ شَىْءٌ وَلَوْ كَانَ ذَا قُرْبَىٰٓ إِنَّمَا تُنذِرُ ٱلَّذِينَ يَخْشَوْنَ رَبَّهُم بِٱلْغَيْبِ وَأَقَامُوا۟ ٱلصَّلَوٰةَ وَمَن تَزَكَّىٰ فَإِنَّمَا يَتَزَكَّىٰ لِنَفْسِهِۦ وَإِلَى ٱللَّهِ ٱلْمَصِيرُ	ولا تزر وازرة وزر أخرى وإن تدع مثقلة إلى حملها لا يحمل منه شيء ولو كان ذا قربى إنما تنذر الذين يخشون ربهم بالغيب وأقاموا الصلاة ومن تزكى فإنما يتزكى لنفسه وإلى الله المصير
35	34	9	1	rab~a	رَبَّ	rab~	N	STEM|POS:N|LEM:rab~|ROOT:rbb|M|ACC	وَقَالُوا۟ ٱلْحَمْدُ لِلَّهِ ٱلَّذِىٓ أَذْهَبَ عَنَّا ٱلْحَزَنَ إِنَّ رَبَّنَا لَغَفُورٌ شَكُورٌ	وقالوا الحمد لله الذي أذهب عنا الحزن إن ربنا لغفور شكور
35	37	4	1	rab~a	رَبَّ	rab~	N	STEM|POS:N|LEM:rab~|ROOT:rbb|M|ACC	وَهُمْ يَصْطَرِخُونَ فِيهَا رَبَّنَآ أَخْرِجْنَا نَعْمَلْ صَٰلِحًا غَيْرَ ٱلَّذِى كُنَّا نَعْمَلُ أَوَلَمْ نُعَمِّرْكُم مَّا يَتَذَكَّرُ فِيهِ مَن تَذَكَّرَ وَجَآءَكُمُ ٱلنَّذِيرُ فَذُوقُوا۟ فَمَا لِلظَّٰلِمِينَ مِن نَّصِيرٍ	وهم يصطرخون فيها ربنا أخرجنا نعمل صالحا غير الذي كنا نعمل أولم نعمركم ما يتذكر فيه من تذكر وجاءكم النذير فذوقوا فما للظالمين من نصير
35	39	16	1	rab~i	رَبِّ	rab~	N	STEM|POS:N|LEM:rab~|ROOT:rbb|M|GEN	هُوَ ٱلَّذِى جَعَلَكُمْ خَلَٰٓئِفَ فِى ٱلْأَرْضِ فَمَن كَفَرَ فَعَلَيْهِ كُفْرُهُۥ وَلَا يَزِيدُ ٱلْكَٰفِرِينَ كُفْرُهُمْ عِندَ رَبِّهِمْ إِلَّا مَقْتًا وَلَا يَزِيدُ ٱلْكَٰفِرِينَ كُفْرُهُمْ إِلَّا خَسَارًا	هو الذي جعلكم خلائف في الأرض فمن كفر فعليه كفره ولا يزيد الكافرين كفرهم عند ربهم إلا مقتا ولا يزيد الكافرين كفرهم إلا خسارا
36	16	2	1	rab~u	رَبُّ	rab~	N	STEM|POS:N|LEM:rab~|ROOT:rbb|M|NOM	قَالُوا۟ رَبُّنَا يَعْلَمُ إِنَّآ إِلَيْكُمْ لَمُرْسَلُونَ	قالوا ربنا يعلم إنا إليكم لمرسلون
36	25	3	2	rab~i	رَبِّ	rab~	N	STEM|POS:N|LEM:rab~|ROOT:rbb|M|GEN	إِنِّىٓ ءَامَنتُ بِرَبِّكُمْ فَٱسْمَعُونِ	إني آمنت بربكم فاسمعون
36	27	4	1	rab~i	رَبِّ	rab~	N	STEM|POS:N|LEM:rab~|ROOT:rbb|M|NOM	بِمَا غَفَرَ لِى رَبِّى وَجَعَلَنِى مِنَ ٱلْمُكْرَمِينَ	بما غفر لي ربي وجعلني من المكرمين
36	46	7	1	rab~i	رَبِّ	rab~	N	STEM|POS:N|LEM:rab~|ROOT:rbb|M|GEN	وَمَا تَأْتِيهِم مِّنْ ءَايَةٍ مِّنْ ءَايَٰتِ رَبِّهِمْ إِلَّا كَانُوا۟ عَنْهَا مُعْرِضِينَ	وما تأتيهم من آية من آيات ربهم إلا كانوا عنها معرضين
36	51	9	1	rab~i	رَبِّ	rab~	N	STEM|POS:N|LEM:rab~|ROOT:rbb|M|GEN	وَنُفِخَ فِى ٱلصُّورِ فَإِذَا هُم مِّنَ ٱلْأَجْدَاثِ إِلَىٰ رَبِّهِمْ يَنسِلُونَ	ونفخ في الصور فإذا هم من الأجداث إلى ربهم ينسلون
36	58	4	1	r~ab~K	رَّبٍّ	rab~	N	STEM|POS:N|LEM:rab~|ROOT:rbb|M|INDEF|GEN	سَلَٰمٌ قَوْلًا مِّن رَّبٍّ رَّحِيمٍ	سلام قولا من رب رحيم
37	5	1	1	r~ab~u	رَّبُّ	rab~	N	STEM|POS:N|LEM:rab~|ROOT:rbb|M|NOM	رَّبُّ ٱلسَّمَٰوَٰتِ وَٱلْأَرْضِ وَمَا بَيْنَهُمَا وَرَبُّ ٱلْمَشَٰرِقِ	رب السماوات والأرض وما بينهما ورب المشارق
37	5	6	2	rab~u	رَبُّ	rab~	N	STEM|POS:N|LEM:rab~|ROOT:rbb|M|NOM	رَّبُّ ٱلسَّمَٰوَٰتِ وَٱلْأَرْضِ وَمَا بَيْنَهُمَا وَرَبُّ ٱلْمَشَٰرِقِ	رب السماوات والأرض وما بينهما ورب المشارق
37	31	4	1	rab~i	رَبِّ	rab~	N	STEM|POS:N|LEM:rab~|ROOT:rbb|M|GEN	فَحَقَّ عَلَيْنَا قَوْلُ رَبِّنَآ إِنَّا لَذَآئِقُونَ	فحق علينا قول ربنا إنا لذائقون
37	57	3	1	rab~i	رَبِّ	rab~	N	STEM|POS:N|LEM:rab~|ROOT:rbb|M|NOM	وَلَوْلَا نِعْمَةُ رَبِّى لَكُنتُ مِنَ ٱلْمُحْضَرِينَ	ولولا نعمة ربي لكنت من المحضرين
37	84	3	1	rab~a	رَبَّ	rab~	N	STEM|POS:N|LEM:rab~|ROOT:rbb|M|ACC	إِذْ جَآءَ رَبَّهُۥ بِقَلْبٍ سَلِيمٍ	إذ جاء ربه بقلب سليم
37	87	3	2	rab~i	رَبِّ	rab~	N	STEM|POS:N|LEM:rab~|ROOT:rbb|M|GEN	فَمَا ظَنُّكُم بِرَبِّ ٱلْعَٰلَمِينَ	فما ظنكم برب العالمين
37	99	5	1	rab~i	رَبِّ	rab~	N	STEM|POS:N|LEM:rab~|ROOT:rbb|M|GEN	وَقَالَ إِنِّى ذَاهِبٌ إِلَىٰ رَبِّى سَيَهْدِينِ	وقال إني ذاهب إلى ربي سيهدين
37	100	1	1	rab~i	رَبِّ	rab~	N	STEM|POS:N|LEM:rab~|ROOT:rbb|M|ACC	رَبِّ هَبْ لِى مِنَ ٱلصَّٰلِحِينَ	رب هب لي من الصالحين
37	126	2	1	rab~a	رَبَّ	rab~	N	STEM|POS:N|LEM:rab~|ROOT:rbb|M|ACC	ٱللَّهَ رَبَّكُمْ وَرَبَّ ءَابَآئِكُمُ ٱلْأَوَّلِينَ	الله ربكم ورب آبائكم الأولين
37	126	3	2	rab~a	رَبَّ	rab~	N	STEM|POS:N|LEM:rab~|ROOT:rbb|M|ACC	ٱللَّهَ رَبَّكُمْ وَرَبَّ ءَابَآئِكُمُ ٱلْأَوَّلِينَ	الله ربكم ورب آبائكم الأولين
37	149	2	3	rab~i	رَبِّ	rab~	N	STEM|POS:N|LEM:rab~|ROOT:rbb|M|GEN	فَٱسْتَفْتِهِمْ أَلِرَبِّكَ ٱلْبَنَاتُ وَلَهُمُ ٱلْبَنُونَ	فاستفتهم ألربك البنات ولهم البنون
37	180	2	1	rab~i	رَبِّ	rab~	N	STEM|POS:N|LEM:rab~|ROOT:rbb|M|GEN	سُبْحَٰنَ رَبِّكَ رَبِّ ٱلْعِزَّةِ عَمَّا يَصِفُونَ	سبحان ربك رب العزة عما يصفون
37	180	3	1	rab~i	رَبِّ	rab~	N	STEM|POS:N|LEM:rab~|ROOT:rbb|M|GEN	سُبْحَٰنَ رَبِّكَ رَبِّ ٱلْعِزَّةِ عَمَّا يَصِفُونَ	سبحان ربك رب العزة عما يصفون
37	182	3	1	rab~i	رَبِّ	rab~	N	STEM|POS:N|LEM:rab~|ROOT:rbb|M|GEN	وَٱلْحَمْدُ لِلَّهِ رَبِّ ٱلْعَٰلَمِينَ	والحمد لله رب العالمين
38	9	5	1	rab~i	رَبِّ	rab~	N	STEM|POS:N|LEM:rab~|ROOT:rbb|M|GEN	أَمْ عِندَهُمْ خَزَآئِنُ رَحْمَةِ رَبِّكَ ٱلْعَزِيزِ ٱلْوَهَّابِ	أم عندهم خزائن رحمة ربك العزيز الوهاب
38	16	2	1	rab~a	رَبَّ	rab~	N	STEM|POS:N|LEM:rab~|ROOT:rbb|M|ACC	وَقَالُوا۟ رَبَّنَا عَجِّل لَّنَا قِطَّنَا قَبْلَ يَوْمِ ٱلْحِسَابِ	وقالوا ربنا عجل لنا قطنا قبل يوم الحساب
38	24	29	1	rab~a	رَبَّ	rab~	N	STEM|POS:N|LEM:rab~|ROOT:rbb|M|ACC	قَالَ لَقَدْ ظَلَمَكَ بِسُؤَالِ نَعْجَتِكَ إِلَىٰ نِعَاجِهِۦ وَإِنَّ كَثِيرًا مِّنَ ٱلْخُلَطَآءِ لَيَبْغِى بَعْضُهُمْ عَلَىٰ بَعْضٍ إِلَّا ٱلَّذِينَ ءَامَنُوا۟ وَعَمِلُوا۟ ٱلصَّٰلِحَٰتِ وَقَلِيلٌ مَّا هُمْ وَظَنَّ دَاوُۥدُ أَنَّمَا فَتَنَّٰهُ فَٱسْتَغْفَرَ رَبَّهُۥ وَخَرَّ رَاكِعًا وَأَنَابَ	قال لقد ظلمك بسؤال نعجتك إلى نعاجه وإن كثيرا من الخلطاء ليبغي بعضهم على بعض إلا الذين آمنوا وعملوا الصالحات وقليل ما هم وظن داوود أنما فتناه فاستغفر ربه وخر راكعا وأناب
38	32	8	1	rab~i	رَبِّ	rab~	N	STEM|POS:N|LEM:rab~|ROOT:rbb|M|NOM	فَقَالَ إِنِّىٓ أَحْبَبْتُ حُبَّ ٱلْخَيْرِ عَن ذِكْرِ رَبِّى حَتَّىٰ تَوَارَتْ بِٱلْحِجَابِ	فقال إني أحببت حب الخير عن ذكر ربي حتى توارت بالحجاب
38	35	2	1	rab~i	رَبِّ	rab~	N	STEM|POS:N|LEM:rab~|ROOT:rbb|M|NOM	قَالَ رَبِّ ٱغْفِرْ لِى وَهَبْ لِى مُلْكًا لَّا يَنۢبَغِى لِأَحَدٍ مِّنۢ بَعْدِىٓ إِنَّكَ أَنتَ ٱلْوَهَّابُ	قال رب اغفر لي وهب لي ملكا لا ينبغي لأحد من بعدي إنك أنت الوهاب
38	41	6	1	rab~a	رَبَّ	rab~	N	STEM|POS:N|LEM:rab~|ROOT:rbb|M|ACC	وَٱذْكُرْ عَبْدَنَآ أَيُّوبَ إِذْ نَادَىٰ رَبَّهُۥٓ أَنِّى مَسَّنِىَ ٱلشَّيْطَٰنُ بِنُصْبٍ وَعَذَابٍ	واذكر عبدنا أيوب إذ نادى ربه أني مسني الشيطان بنصب وعذاب
38	61	2	1	rab~a	رَبَّ	rab~	N	STEM|POS:N|LEM:rab~|ROOT:rbb|M|ACC	قَالُوا۟ رَبَّنَا مَن قَدَّمَ لَنَا هَٰذَا فَزِدْهُ عَذَابًا ضِعْفًا فِى ٱلنَّارِ	قالوا ربنا من قدم لنا هذا فزده عذابا ضعفا في النار
38	66	1	1	rab~u	رَبُّ	rab~	N	STEM|POS:N|LEM:rab~|ROOT:rbb|M|NOM	رَبُّ ٱلسَّمَٰوَٰتِ وَٱلْأَرْضِ وَمَا بَيْنَهُمَا ٱلْعَزِيزُ ٱلْغَفَّٰرُ	رب السماوات والأرض وما بينهما العزيز الغفار
38	71	3	1	rab~u	رَبُّ	rab~	N	STEM|POS:N|LEM:rab~|ROOT:rbb|M|NOM	إِذْ قَالَ رَبُّكَ لِلْمَلَٰٓئِكَةِ إِنِّى خَٰلِقٌۢ بَشَرًا مِّن طِينٍ	إذ قال ربك للملائكة إني خالق بشرا من طين
38	79	2	1	rab~i	رَبِّ	rab~	N	STEM|POS:N|LEM:rab~|ROOT:rbb|M|NOM	قَالَ رَبِّ فَأَنظِرْنِىٓ إِلَىٰ يَوْمِ يُبْعَثُونَ	قال رب فأنظرني إلى يوم يبعثون
39	6	28	1	rab~u	رَبُّ	rab~	N	STEM|POS:N|LEM:rab~|ROOT:rbb|M|NOM	خَلَقَكُم مِّن نَّفْسٍ وَٰحِدَةٍ ثُمَّ جَعَلَ مِنْهَا زَوْجَهَا وَأَنزَلَ لَكُم مِّنَ ٱلْأَنْعَٰمِ ثَمَٰنِيَةَ أَزْوَٰجٍ يَخْلُقُكُمْ فِى بُطُونِ أُمَّهَٰتِكُمْ خَلْقًا مِّنۢ بَعْدِ خَلْقٍ فِى ظُلُمَٰتٍ ثَلَٰثٍ ذَٰلِكُمُ ٱللَّهُ رَبُّكُمْ لَهُ ٱلْمُلْكُ لَآ إِلَٰهَ إِلَّا هُوَ فَأَنَّىٰ تُصْرَفُونَ	خلقكم من نفس واحدة ثم جعل منها زوجها وأنزل لكم من الأنعام ثمانية أزواج يخلقكم في بطون أمهاتكم خلقا من بعد خلق في ظلمات ثلاث ذلكم الله ربكم له الملك لا إله إلا هو فأنى تصرفون
39	7	22	1	rab~i	رَبِّ	rab~	N	STEM|POS:N|LEM:rab~|ROOT:rbb|M|GEN	إِن تَكْفُرُوا۟ فَإِنَّ ٱللَّهَ غَنِىٌّ عَنكُمْ وَلَا يَرْضَىٰ لِعِبَادِهِ ٱلْكُفْرَ وَإِن تَشْكُرُوا۟ يَرْضَهُ لَكُمْ وَلَا تَزِرُ وَازِرَةٌ وِزْرَ أُخْرَىٰ ثُمَّ إِلَىٰ رَبِّكُم مَّرْجِعُكُمْ فَيُنَبِّئُكُم بِمَا كُنتُمْ تَعْمَلُونَ إِنَّهُۥ عَلِيمٌۢ بِذَاتِ ٱلصُّدُورِ	إن تكفروا فإن الله غني عنكم ولا يرضى لعباده الكفر وإن تشكروا يرضه لكم ولا تزر وازرة وزر أخرى ثم إلى ربكم مرجعكم فينبئكم بما كنتم تعملون إنه عليم بذات الصدور
39	8	6	1	rab~a	رَبَّ	rab~	N	STEM|POS:N|LEM:rab~|ROOT:rbb|M|ACC	وَإِذَا مَسَّ ٱلْإِنسَٰنَ ضُرٌّ دَعَا رَبَّهُۥ مُنِيبًا إِلَيْهِ ثُمَّ إِذَا خَوَّلَهُۥ نِعْمَةً مِّنْهُ نَسِىَ مَا كَانَ يَدْعُوٓا۟ إِلَيْهِ مِن قَبْلُ وَجَعَلَ لِلَّهِ أَندَادًا لِّيُضِلَّ عَن سَبِيلِهِۦ قُلْ تَمَتَّعْ بِكُفْرِكَ قَلِيلًا إِنَّكَ مِنْ أَصْحَٰبِ ٱلنَّارِ	وإذا مس الإنسان ضر دعا ربه منيبا إليه ثم إذا خوله نعمة منه نسي ما كان يدعو إليه من قبل وجعل لله أندادا ليضل عن سبيله قل تمتع بكفرك قليلا إنك من أصحاب النار
39	9	12	1	rab~i	رَبِّ	rab~	N	STEM|POS:N|LEM:rab~|ROOT:rbb|M|GEN	أَمَّنْ هُوَ قَٰنِتٌ ءَانَآءَ ٱلَّيْلِ سَاجِدًا وَقَآئِمًا يَحْذَرُ ٱلْـَٔاخِرَةَ وَيَرْجُوا۟ رَحْمَةَ رَبِّهِۦ قُلْ هَلْ يَسْتَوِى ٱلَّذِينَ يَعْلَمُونَ وَٱلَّذِينَ لَا يَعْلَمُونَ إِنَّمَا يَتَذَكَّرُ أُو۟لُوا۟ ٱلْأَلْبَٰبِ	أمن هو قانت آناء الليل ساجدا وقائما يحذر الآخرة ويرجو رحمة ربه قل هل يستوي الذين يعلمون والذين لا يعلمون إنما يتذكر أولو الألباب
39	10	6	1	rab~a	رَبَّ	rab~	N	STEM|POS:N|LEM:rab~|ROOT:rbb|M|ACC	قُلْ يَٰعِبَادِ ٱلَّذِينَ ءَامَنُوا۟ ٱتَّقُوا۟ رَبَّكُمْ لِلَّذِينَ أَحْسَنُوا۟ فِى هَٰذِهِ ٱلدُّنْيَا حَسَنَةٌ وَأَرْضُ ٱللَّهِ وَٰسِعَةٌ إِنَّمَا يُوَفَّى ٱلصَّٰبِرُونَ أَجْرَهُم بِغَيْرِ حِسَابٍ	قل يا عباد الذين آمنوا اتقوا ربكم للذين أحسنوا في هذه الدنيا حسنة وأرض الله واسعة إنما يوفى الصابرون أجرهم بغير حساب
39	13	6	1	rab~i	رَبِّ	rab~	N	STEM|POS:N|LEM:rab~|ROOT:rbb|M|NOM	قُلْ إِنِّىٓ أَخَافُ إِنْ عَصَيْتُ رَبِّى عَذَابَ يَوْمٍ عَظِيمٍ	قل إني أخاف إن عصيت ربي عذاب يوم عظيم
39	20	4	1	rab~a	رَبَّ	rab~	N	STEM|POS:N|LEM:rab~|ROOT:rbb|M|ACC	لَٰكِنِ ٱلَّذِينَ ٱتَّقَوْا۟ رَبَّهُمْ لَهُمْ غُرَفٌ مِّن فَوْقِهَا غُرَفٌ مَّبْنِيَّةٌ تَجْرِى مِن تَحْتِهَا ٱلْأَنْهَٰرُ وَعْدَ ٱللَّهِ لَا يُخْلِفُ ٱللَّهُ ٱلْمِيعَادَ	لكن الذين اتقوا ربهم لهم غرف من فوقها غرف مبنية تجري من تحتها الأنهار وعد الله لا يخلف الله الميعاد
39	22	10	1	r~ab~i	رَّبِّ	rab~	N	STEM|POS:N|LEM:rab~|ROOT:rbb|M|GEN	أَفَمَن شَرَحَ ٱللَّهُ صَدْرَهُۥ لِلْإِسْلَٰمِ فَهُوَ عَلَىٰ نُورٍ مِّن رَّبِّهِۦ فَوَيْلٌ لِّلْقَٰسِيَةِ قُلُوبُهُم مِّن ذِكْرِ ٱللَّهِ أُو۟لَٰٓئِكَ فِى ضَلَٰلٍ مُّبِينٍ	أفمن شرح الله صدره للإسلام فهو على نور من ربه فويل للقاسية قلوبهم من ذكر الله أولئك في ضلال مبين
39	23	13	1	rab~a	رَبَّ	rab~	N	STEM|POS:N|LEM:rab~|ROOT:rbb|M|ACC	ٱللَّهُ نَزَّلَ أَحْسَنَ ٱلْحَدِيثِ كِتَٰبًا مُّتَشَٰبِهًا مَّثَانِىَ تَقْشَعِرُّ مِنْهُ جُلُودُ ٱلَّذِينَ يَخْشَوْنَ رَبَّهُمْ ثُمَّ تَلِينُ جُلُودُهُمْ وَقُلُوبُهُمْ إِلَىٰ ذِكْرِ ٱللَّهِ ذَٰلِكَ هُدَى ٱللَّهِ يَهْدِى بِهِۦ مَن يَشَآءُ وَمَن يُضْلِلِ ٱللَّهُ فَمَا لَهُۥ مِنْ هَادٍ	الله نزل أحسن الحديث كتابا متشابها مثاني تقشعر منه جلود الذين يخشون ربهم ثم تلين جلودهم وقلوبهم إلى ذكر الله ذلك هدى الله يهدي به من يشاء ومن يضلل الله فما له من هاد
39	31	6	1	rab~i	رَبِّ	rab~	N	STEM|POS:N|LEM:rab~|ROOT:rbb|M|GEN	ثُمَّ إِنَّكُمْ يَوْمَ ٱلْقِيَٰمَةِ عِندَ رَبِّكُمْ تَخْتَصِمُونَ	ثم إنكم يوم القيامة عند ربكم تختصمون
39	34	5	1	rab~i	رَبِّ	rab~	N	STEM|POS:N|LEM:rab~|ROOT:rbb|M|GEN	لَهُم مَّا يَشَآءُونَ عِندَ رَبِّهِمْ ذَٰلِكَ جَزَآءُ ٱلْمُحْسِنِينَ	لهم ما يشاءون عند ربهم ذلك جزاء المحسنين
39	54	3	1	rab~i	رَبِّ	rab~	N	STEM|POS:N|LEM:rab~|ROOT:rbb|M|GEN	وَأَنِيبُوٓا۟ إِلَىٰ رَبِّكُمْ وَأَسْلِمُوا۟ لَهُۥ مِن قَبْلِ أَن يَأْتِيَكُمُ ٱلْعَذَابُ ثُمَّ لَا تُنصَرُونَ	وأنيبوا إلى ربكم وأسلموا له من قبل أن يأتيكم العذاب ثم لا تنصرون
39	55	7	1	r~ab~i	رَّبِّ	rab~	N	STEM|POS:N|LEM:rab~|ROOT:rbb|M|GEN	وَٱتَّبِعُوٓا۟ أَحْسَنَ مَآ أُنزِلَ إِلَيْكُم مِّن رَّبِّكُم مِّن قَبْلِ أَن يَأْتِيَكُمُ ٱلْعَذَابُ بَغْتَةً وَأَنتُمْ لَا تَشْعُرُونَ	واتبعوا أحسن ما أنزل إليكم من ربكم من قبل أن يأتيكم العذاب بغتة وأنتم لا تشعرون
39	69	4	1	rab~i	رَبِّ	rab~	N	STEM|POS:N|LEM:rab~|ROOT:rbb|M|GEN	وَأَشْرَقَتِ ٱلْأَرْضُ بِنُورِ رَبِّهَا وَوُضِعَ ٱلْكِتَٰبُ وَجِا۟ىٓءَ بِٱلنَّبِيِّـۧنَ وَٱلشُّهَدَآءِ وَقُضِىَ بَيْنَهُم بِٱلْحَقِّ وَهُمْ لَا يُظْلَمُونَ	وأشرقت الأرض بنور ربها ووضع الكتاب وجيء بالنبيين والشهداء وقضي بينهم بالحق وهم لا يظلمون
39	71	22	1	rab~i	رَبِّ	rab~	N	STEM|POS:N|LEM:rab~|ROOT:rbb|M|GEN	وَسِيقَ ٱلَّذِينَ كَفَرُوٓا۟ إِلَىٰ جَهَنَّمَ زُمَرًا حَتَّىٰٓ إِذَا جَآءُوهَا فُتِحَتْ أَبْوَٰبُهَا وَقَالَ لَهُمْ خَزَنَتُهَآ أَلَمْ يَأْتِكُمْ رُسُلٌ مِّنكُمْ يَتْلُونَ عَلَيْكُمْ ءَايَٰتِ رَبِّكُمْ وَيُنذِرُونَكُمْ لِقَآءَ يَوْمِكُمْ هَٰذَا قَالُوا۟ بَلَىٰ وَلَٰكِنْ حَقَّتْ كَلِمَةُ ٱلْعَذَابِ عَلَى ٱلْكَٰفِرِينَ	وسيق الذين كفروا إلى جهنم زمرا حتى إذا جاءوها فتحت أبوابها وقال لهم خزنتها ألم يأتكم رسل منكم يتلون عليكم آيات ربكم وينذرونكم لقاء يومكم هذا قالوا بلى ولكن حقت كلمة العذاب على الكافرين
39	73	4	1	rab~a	رَبَّ	rab~	N	STEM|POS:N|LEM:rab~|ROOT:rbb|M|ACC	وَسِيقَ ٱلَّذِينَ ٱتَّقَوْا۟ رَبَّهُمْ إِلَى ٱلْجَنَّةِ زُمَرًا حَتَّىٰٓ إِذَا جَآءُوهَا وَفُتِحَتْ أَبْوَٰبُهَا وَقَالَ لَهُمْ خَزَنَتُهَا سَلَٰمٌ عَلَيْكُمْ طِبْتُمْ فَٱدْخُلُوهَا خَٰلِدِينَ	وسيق الذين اتقوا ربهم إلى الجنة زمرا حتى إذا جاءوها وفتحت أبوابها وقال لهم خزنتها سلام عليكم طبتم فادخلوها خالدين
39	75	9	1	rab~i	رَبِّ	rab~	N	STEM|POS:N|LEM:rab~|ROOT:rbb|M|GEN	وَتَرَى ٱلْمَلَٰٓئِكَةَ حَآفِّينَ مِنْ حَوْلِ ٱلْعَرْشِ يُسَبِّحُونَ بِحَمْدِ رَبِّهِمْ وَقُضِىَ بَيْنَهُم بِٱلْحَقِّ وَقِيلَ ٱلْحَمْدُ لِلَّهِ رَبِّ ٱلْعَٰلَمِينَ	وترى الملائكة حافين من حول العرش يسبحون بحمد ربهم وقضي بينهم بالحق وقيل الحمد لله رب العالمين
39	75	16	1	rab~i	رَبِّ	rab~	N	STEM|POS:N|LEM:rab~|ROOT:rbb|M|GEN	وَتَرَى ٱلْمَلَٰٓئِكَةَ حَآفِّينَ مِنْ حَوْلِ ٱلْعَرْشِ يُسَبِّحُونَ بِحَمْدِ رَبِّهِمْ وَقُضِىَ بَيْنَهُم بِٱلْحَقِّ وَقِيلَ ٱلْحَمْدُ لِلَّهِ رَبِّ ٱلْعَٰلَمِينَ	وترى الملائكة حافين من حول العرش يسبحون بحمد ربهم وقضي بينهم بالحق وقيل الحمد لله رب العالمين
40	6	4	1	rab~i	رَبِّ	rab~	N	STEM|POS:N|LEM:rab~|ROOT:rbb|M|GEN	وَكَذَٰلِكَ حَقَّتْ كَلِمَتُ رَبِّكَ عَلَى ٱلَّذِينَ كَفَرُوٓا۟ أَنَّهُمْ أَصْحَٰبُ ٱلنَّارِ	وكذلك حقت كلمت ربك على الذين كفروا أنهم أصحاب النار
40	7	8	1	rab~i	رَبِّ	rab~	N	STEM|POS:N|LEM:rab~|ROOT:rbb|M|GEN	ٱلَّذِينَ يَحْمِلُونَ ٱلْعَرْشَ وَمَنْ حَوْلَهُۥ يُسَبِّحُونَ بِحَمْدِ رَبِّهِمْ وَيُؤْمِنُونَ بِهِۦ وَيَسْتَغْفِرُونَ لِلَّذِينَ ءَامَنُوا۟ رَبَّنَا وَسِعْتَ كُلَّ شَىْءٍ رَّحْمَةً وَعِلْمًا فَٱغْفِرْ لِلَّذِينَ تَابُوا۟ وَٱتَّبَعُوا۟ سَبِيلَكَ وَقِهِمْ عَذَابَ ٱلْجَحِيمِ	الذين يحملون العرش ومن حوله يسبحون بحمد ربهم ويؤمنون به ويستغفرون للذين آمنوا ربنا وسعت كل شيء رحمة وعلما فاغفر للذين تابوا واتبعوا سبيلك وقهم عذاب الجحيم
40	7	14	1	rab~a	رَبَّ	rab~	N	STEM|POS:N|LEM:rab~|ROOT:rbb|M|ACC	ٱلَّذِينَ يَحْمِلُونَ ٱلْعَرْشَ وَمَنْ حَوْلَهُۥ يُسَبِّحُونَ بِحَمْدِ رَبِّهِمْ وَيُؤْمِنُونَ بِهِۦ وَيَسْتَغْفِرُونَ لِلَّذِينَ ءَامَنُوا۟ رَبَّنَا وَسِعْتَ كُلَّ شَىْءٍ رَّحْمَةً وَعِلْمًا فَٱغْفِرْ لِلَّذِينَ تَابُوا۟ وَٱتَّبَعُوا۟ سَبِيلَكَ وَقِهِمْ عَذَابَ ٱلْجَحِيمِ	الذين يحملون العرش ومن حوله يسبحون بحمد ربهم ويؤمنون به ويستغفرون للذين آمنوا ربنا وسعت كل شيء رحمة وعلما فاغفر للذين تابوا واتبعوا سبيلك وقهم عذاب الجحيم
40	8	1	1	rab~a	رَبَّ	rab~	N	STEM|POS:N|LEM:rab~|ROOT:rbb|M|ACC	رَبَّنَا وَأَدْخِلْهُمْ جَنَّٰتِ عَدْنٍ ٱلَّتِى وَعَدتَّهُمْ وَمَن صَلَحَ مِنْ ءَابَآئِهِمْ وَأَزْوَٰجِهِمْ وَذُرِّيَّٰتِهِمْ إِنَّكَ أَنتَ ٱلْعَزِيزُ ٱلْحَكِيمُ	ربنا وأدخلهم جنات عدن التي وعدتهم ومن صلح من آبائهم وأزواجهم وذرياتهم إنك أنت العزيز الحكيم
40	11	2	1	rab~a	رَبَّ	rab~	N	STEM|POS:N|LEM:rab~|ROOT:rbb|M|ACC	قَالُوا۟ رَبَّنَآ أَمَتَّنَا ٱثْنَتَيْنِ وَأَحْيَيْتَنَا ٱثْنَتَيْنِ فَٱعْتَرَفْنَا بِذُنُوبِنَا فَهَلْ إِلَىٰ خُرُوجٍ مِّن سَبِيلٍ	قالوا ربنا أمتنا اثنتين وأحييتنا اثنتين فاعترفنا بذنوبنا فهل إلى خروج من سبيل
40	26	7	1	rab~a	رَبَّ	rab~	N	STEM|POS:N|LEM:rab~|ROOT:rbb|M|ACC	وَقَالَ فِرْعَوْنُ ذَرُونِىٓ أَقْتُلْ مُوسَىٰ وَلْيَدْعُ رَبَّهُۥٓ إِنِّىٓ أَخَافُ أَن يُبَدِّلَ دِينَكُمْ أَوْ أَن يُظْهِرَ فِى ٱلْأَرْضِ ٱلْفَسَادَ	وقال فرعون ذروني أقتل موسى وليدع ربه إني أخاف أن يبدل دينكم أو أن يظهر في الأرض الفساد
40	27	5	2	rab~i	رَبِّ	rab~	N	STEM|POS:N|LEM:rab~|ROOT:rbb|M|GEN	وَقَالَ مُوسَىٰٓ إِنِّى عُذْتُ بِرَبِّى وَرَبِّكُم مِّن كُلِّ مُتَكَبِّرٍ لَّا يُؤْمِنُ بِيَوْمِ ٱلْحِسَابِ	وقال موسى إني عذت بربي وربكم من كل متكبر لا يؤمن بيوم الحساب
40	27	6	2	rab~i	رَبِّ	rab~	N	STEM|POS:N|LEM:rab~|ROOT:rbb|M|GEN	وَقَالَ مُوسَىٰٓ إِنِّى عُذْتُ بِرَبِّى وَرَبِّكُم مِّن كُلِّ مُتَكَبِّرٍ لَّا يُؤْمِنُ بِيَوْمِ ٱلْحِسَابِ	وقال موسى إني عذت بربي وربكم من كل متكبر لا يؤمن بيوم الحساب
40	28	13	1	rab~i	رَبِّ	rab~	N	STEM|POS:N|LEM:rab~|ROOT:rbb|M|NOM	وَقَالَ رَجُلٌ مُّؤْمِنٌ مِّنْ ءَالِ فِرْعَوْنَ يَكْتُمُ إِيمَٰنَهُۥٓ أَتَقْتُلُونَ رَجُلًا أَن يَقُولَ رَبِّىَ ٱللَّهُ وَقَدْ جَآءَكُم بِٱلْبَيِّنَٰتِ مِن رَّبِّكُمْ وَإِن يَكُ كَٰذِبًا فَعَلَيْهِ كَذِبُهُۥ وَإِن يَكُ صَادِقًا يُصِبْكُم بَعْضُ ٱلَّذِى يَعِدُكُمْ إِنَّ ٱللَّهَ لَا يَهْدِى مَنْ هُوَ مُسْرِفٌ كَذَّابٌ	وقال رجل مؤمن من آل فرعون يكتم إيمانه أتقتلون رجلا أن يقول ربي الله وقد جاءكم بالبينات من ربكم وإن يك كاذبا فعليه كذبه وإن يك صادقا يصبكم بعض الذي يعدكم إن الله لا يهدي من هو مسرف كذاب
40	28	19	1	r~ab~i	رَّبِّ	rab~	N	STEM|POS:N|LEM:rab~|ROOT:rbb|M|GEN	وَقَالَ رَجُلٌ مُّؤْمِنٌ مِّنْ ءَالِ فِرْعَوْنَ يَكْتُمُ إِيمَٰنَهُۥٓ أَتَقْتُلُونَ رَجُلًا أَن يَقُولَ رَبِّىَ ٱللَّهُ وَقَدْ جَآءَكُم بِٱلْبَيِّنَٰتِ مِن رَّبِّكُمْ وَإِن يَكُ كَٰذِبًا فَعَلَيْهِ كَذِبُهُۥ وَإِن يَكُ صَادِقًا يُصِبْكُم بَعْضُ ٱلَّذِى يَعِدُكُمْ إِنَّ ٱللَّهَ لَا يَهْدِى مَنْ هُوَ مُسْرِفٌ كَذَّابٌ	وقال رجل مؤمن من آل فرعون يكتم إيمانه أتقتلون رجلا أن يقول ربي الله وقد جاءكم بالبينات من ربكم وإن يك كاذبا فعليه كذبه وإن يك صادقا يصبكم بعض الذي يعدكم إن الله لا يهدي من هو مسرف كذاب
40	49	8	1	rab~a	رَبَّ	rab~	N	STEM|POS:N|LEM:rab~|ROOT:rbb|M|ACC	وَقَالَ ٱلَّذِينَ فِى ٱلنَّارِ لِخَزَنَةِ جَهَنَّمَ ٱدْعُوا۟ رَبَّكُمْ يُخَفِّفْ عَنَّا يَوْمًا مِّنَ ٱلْعَذَابِ	وقال الذين في النار لخزنة جهنم ادعوا ربكم يخفف عنا يوما من العذاب
40	55	10	1	rab~i	رَبِّ	rab~	N	STEM|POS:N|LEM:rab~|ROOT:rbb|M|GEN	فَٱصْبِرْ إِنَّ وَعْدَ ٱللَّهِ حَقٌّ وَٱسْتَغْفِرْ لِذَنۢبِكَ وَسَبِّحْ بِحَمْدِ رَبِّكَ بِٱلْعَشِىِّ وَٱلْإِبْكَٰرِ	فاصبر إن وعد الله حق واستغفر لذنبك وسبح بحمد ربك بالعشي والإبكار
40	60	2	1	rab~u	رَبُّ	rab~	N	STEM|POS:N|LEM:rab~|ROOT:rbb|M|NOM	وَقَالَ رَبُّكُمُ ٱدْعُونِىٓ أَسْتَجِبْ لَكُمْ إِنَّ ٱلَّذِينَ يَسْتَكْبِرُونَ عَنْ عِبَادَتِى سَيَدْخُلُونَ جَهَنَّمَ دَاخِرِينَ	وقال ربكم ادعوني أستجب لكم إن الذين يستكبرون عن عبادتي سيدخلون جهنم داخرين
40	62	3	1	rab~u	رَبُّ	rab~	N	STEM|POS:N|LEM:rab~|ROOT:rbb|M|NOM	ذَٰلِكُمُ ٱللَّهُ رَبُّكُمْ خَٰلِقُ كُلِّ شَىْءٍ لَّآ إِلَٰهَ إِلَّا هُوَ فَأَنَّىٰ تُؤْفَكُونَ	ذلكم الله ربكم خالق كل شيء لا إله إلا هو فأنى تؤفكون
40	64	17	1	rab~u	رَبُّ	rab~	N	STEM|POS:N|LEM:rab~|ROOT:rbb|M|NOM	ٱللَّهُ ٱلَّذِى جَعَلَ لَكُمُ ٱلْأَرْضَ قَرَارًا وَٱلسَّمَآءَ بِنَآءً وَصَوَّرَكُمْ فَأَحْسَنَ صُوَرَكُمْ وَرَزَقَكُم مِّنَ ٱلطَّيِّبَٰتِ ذَٰلِكُمُ ٱللَّهُ رَبُّكُمْ فَتَبَارَكَ ٱللَّهُ رَبُّ ٱلْعَٰلَمِينَ	الله الذي جعل لكم الأرض قرارا والسماء بناء وصوركم فأحسن صوركم ورزقكم من الطيبات ذلكم الله ربكم فتبارك الله رب العالمين
40	64	20	1	rab~u	رَبُّ	rab~	N	STEM|POS:N|LEM:rab~|ROOT:rbb|M|NOM	ٱللَّهُ ٱلَّذِى جَعَلَ لَكُمُ ٱلْأَرْضَ قَرَارًا وَٱلسَّمَآءَ بِنَآءً وَصَوَّرَكُمْ فَأَحْسَنَ صُوَرَكُمْ وَرَزَقَكُم مِّنَ ٱلطَّيِّبَٰتِ ذَٰلِكُمُ ٱللَّهُ رَبُّكُمْ فَتَبَارَكَ ٱللَّهُ رَبُّ ٱلْعَٰلَمِينَ	الله الذي جعل لكم الأرض قرارا والسماء بناء وصوركم فأحسن صوركم ورزقكم من الطيبات ذلكم الله ربكم فتبارك الله رب العالمين
40	65	13	1	rab~i	رَبِّ	rab~	N	STEM|POS:N|LEM:rab~|ROOT:rbb|M|GEN	هُوَ ٱلْحَىُّ لَآ إِلَٰهَ إِلَّا هُوَ فَٱدْعُوهُ مُخْلِصِينَ لَهُ ٱلدِّينَ ٱلْحَمْدُ لِلَّهِ رَبِّ ٱلْعَٰلَمِينَ	هو الحي لا إله إلا هو فادعوه مخلصين له الدين الحمد لله رب العالمين
40	66	15	1	r~ab~i	رَّبِّ	rab~	N	STEM|POS:N|LEM:rab~|ROOT:rbb|M|GEN	قُلْ إِنِّى نُهِيتُ أَنْ أَعْبُدَ ٱلَّذِينَ تَدْعُونَ مِن دُونِ ٱللَّهِ لَمَّا جَآءَنِىَ ٱلْبَيِّنَٰتُ مِن رَّبِّى وَأُمِرْتُ أَنْ أُسْلِمَ لِرَبِّ ٱلْعَٰلَمِينَ	قل إني نهيت أن أعبد الذين تدعون من دون الله لما جاءني البينات من ربي وأمرت أن أسلم لرب العالمين
40	66	19	2	rab~i	رَبِّ	rab~	N	STEM|POS:N|LEM:rab~|ROOT:rbb|M|GEN	قُلْ إِنِّى نُهِيتُ أَنْ أَعْبُدَ ٱلَّذِينَ تَدْعُونَ مِن دُونِ ٱللَّهِ لَمَّا جَآءَنِىَ ٱلْبَيِّنَٰتُ مِن رَّبِّى وَأُمِرْتُ أَنْ أُسْلِمَ لِرَبِّ ٱلْعَٰلَمِينَ	قل إني نهيت أن أعبد الذين تدعون من دون الله لما جاءني البينات من ربي وأمرت أن أسلم لرب العالمين
41	9	13	1	rab~u	رَبُّ	rab~	N	STEM|POS:N|LEM:rab~|ROOT:rbb|M|NOM	قُلْ أَئِنَّكُمْ لَتَكْفُرُونَ بِٱلَّذِى خَلَقَ ٱلْأَرْضَ فِى يَوْمَيْنِ وَتَجْعَلُونَ لَهُۥٓ أَندَادًا ذَٰلِكَ رَبُّ ٱلْعَٰلَمِينَ	قل أئنكم لتكفرون بالذي خلق الأرض في يومين وتجعلون له أندادا ذلك رب العالمين
41	14	16	1	rab~u	رَبُّ	rab~	N	STEM|POS:N|LEM:rab~|ROOT:rbb|M|NOM	إِذْ جَآءَتْهُمُ ٱلرُّسُلُ مِنۢ بَيْنِ أَيْدِيهِمْ وَمِنْ خَلْفِهِمْ أَلَّا تَعْبُدُوٓا۟ إِلَّا ٱللَّهَ قَالُوا۟ لَوْ شَآءَ رَبُّنَا لَأَنزَلَ مَلَٰٓئِكَةً فَإِنَّا بِمَآ أُرْسِلْتُم بِهِۦ كَٰفِرُونَ	إذ جاءتهم الرسل من بين أيديهم ومن خلفهم ألا تعبدوا إلا الله قالوا لو شاء ربنا لأنزل ملائكة فإنا بما أرسلتم به كافرون
41	23	5	2	rab~i	رَبِّ	rab~	N	STEM|POS:N|LEM:rab~|ROOT:rbb|M|GEN	وَذَٰلِكُمْ ظَنُّكُمُ ٱلَّذِى ظَنَنتُم بِرَبِّكُمْ أَرْدَىٰكُمْ فَأَصْبَحْتُم مِّنَ ٱلْخَٰسِرِينَ	وذلكم ظنكم الذي ظننتم بربكم أرداكم فأصبحتم من الخاسرين
41	29	4	1	rab~a	رَبَّ	rab~	N	STEM|POS:N|LEM:rab~|ROOT:rbb|M|ACC	وَقَالَ ٱلَّذِينَ كَفَرُوا۟ رَبَّنَآ أَرِنَا ٱلَّذَيْنِ أَضَلَّانَا مِنَ ٱلْجِنِّ وَٱلْإِنسِ نَجْعَلْهُمَا تَحْتَ أَقْدَامِنَا لِيَكُونَا مِنَ ٱلْأَسْفَلِينَ	وقال الذين كفروا ربنا أرنا اللذين أضلانا من الجن والإنس نجعلهما تحت أقدامنا ليكونا من الأسفلين
41	30	4	1	rab~u	رَبُّ	rab~	N	STEM|POS:N|LEM:rab~|ROOT:rbb|M|NOM	إِنَّ ٱلَّذِينَ قَالُوا۟ رَبُّنَا ٱللَّهُ ثُمَّ ٱسْتَقَٰمُوا۟ تَتَنَزَّلُ عَلَيْهِمُ ٱلْمَلَٰٓئِكَةُ أَلَّا تَخَافُوا۟ وَلَا تَحْزَنُوا۟ وَأَبْشِرُوا۟ بِٱلْجَنَّةِ ٱلَّتِى كُنتُمْ تُوعَدُونَ	إن الذين قالوا ربنا الله ثم استقاموا تتنزل عليهم الملائكة ألا تخافوا ولا تحزنوا وأبشروا بالجنة التي كنتم توعدون
41	38	5	1	rab~i	رَبِّ	rab~	N	STEM|POS:N|LEM:rab~|ROOT:rbb|M|GEN	فَإِنِ ٱسْتَكْبَرُوا۟ فَٱلَّذِينَ عِندَ رَبِّكَ يُسَبِّحُونَ لَهُۥ بِٱلَّيْلِ وَٱلنَّهَارِ وَهُمْ لَا يَسْـَٔمُونَ	فإن استكبروا فالذين عند ربك يسبحون له بالليل والنهار وهم لا يسأمون
41	43	12	1	rab~a	رَبَّ	rab~	N	STEM|POS:N|LEM:rab~|ROOT:rbb|M|ACC	مَّا يُقَالُ لَكَ إِلَّا مَا قَدْ قِيلَ لِلرُّسُلِ مِن قَبْلِكَ إِنَّ رَبَّكَ لَذُو مَغْفِرَةٍ وَذُو عِقَابٍ أَلِيمٍ	ما يقال لك إلا ما قد قيل للرسل من قبلك إن ربك لذو مغفرة وذو عقاب أليم
41	45	11	1	r~ab~i	رَّبِّ	rab~	N	STEM|POS:N|LEM:rab~|ROOT:rbb|M|GEN	وَلَقَدْ ءَاتَيْنَا مُوسَى ٱلْكِتَٰبَ فَٱخْتُلِفَ فِيهِ وَلَوْلَا كَلِمَةٌ سَبَقَتْ مِن رَّبِّكَ لَقُضِىَ بَيْنَهُمْ وَإِنَّهُمْ لَفِى شَكٍّ مِّنْهُ مُرِيبٍ	ولقد آتينا موسى الكتاب فاختلف فيه ولولا كلمة سبقت من ربك لقضي بينهم وإنهم لفي شك منه مريب
41	46	9	1	rab~u	رَبُّ	rab~	N	STEM|POS:N|LEM:rab~|ROOT:rbb|M|NOM	مَّنْ عَمِلَ صَٰلِحًا فَلِنَفْسِهِۦ وَمَنْ أَسَآءَ فَعَلَيْهَا وَمَا رَبُّكَ بِظَلَّٰمٍ لِّلْعَبِيدِ	من عمل صالحا فلنفسه ومن أساء فعليها وما ربك بظلام للعبيد
41	50	19	1	rab~i	رَبِّ	rab~	N	STEM|POS:N|LEM:rab~|ROOT:rbb|M|GEN	وَلَئِنْ أَذَقْنَٰهُ رَحْمَةً مِّنَّا مِنۢ بَعْدِ ضَرَّآءَ مَسَّتْهُ لَيَقُولَنَّ هَٰذَا لِى وَمَآ أَظُنُّ ٱلسَّاعَةَ قَآئِمَةً وَلَئِن رُّجِعْتُ إِلَىٰ رَبِّىٓ إِنَّ لِى عِندَهُۥ لَلْحُسْنَىٰ فَلَنُنَبِّئَنَّ ٱلَّذِينَ كَفَرُوا۟ بِمَا عَمِلُوا۟ وَلَنُذِيقَنَّهُم مِّنْ عَذَابٍ غَلِيظٍ	ولئن أذقناه رحمة منا من بعد ضراء مسته ليقولن هذا لي وما أظن الساعة قائمة ولئن رجعت إلى ربي إن لي عنده للحسنى فلننبئن الذين كفروا بما عملوا ولنذيقنهم من عذاب غليظ
41	53	14	2	rab~i	رَبِّ	rab~	N	STEM|POS:N|LEM:rab~|ROOT:rbb|M|GEN	سَنُرِيهِمْ ءَايَٰتِنَا فِى ٱلْـَٔافَاقِ وَفِىٓ أَنفُسِهِمْ حَتَّىٰ يَتَبَيَّنَ لَهُمْ أَنَّهُ ٱلْحَقُّ أَوَلَمْ يَكْفِ بِرَبِّكَ أَنَّهُۥ عَلَىٰ كُلِّ شَىْءٍ شَهِيدٌ	سنريهم آياتنا في الآفاق وفي أنفسهم حتى يتبين لهم أنه الحق أولم يكف بربك أنه على كل شيء شهيد
41	54	7	1	rab~i	رَبِّ	rab~	N	STEM|POS:N|LEM:rab~|ROOT:rbb|M|GEN	أَلَآ إِنَّهُمْ فِى مِرْيَةٍ مِّن لِّقَآءِ رَبِّهِمْ أَلَآ إِنَّهُۥ بِكُلِّ شَىْءٍ مُّحِيطٌۢ	ألا إنهم في مرية من لقاء ربهم ألا إنه بكل شيء محيط
42	5	9	1	rab~i	رَبِّ	rab~	N	STEM|POS:N|LEM:rab~|ROOT:rbb|M|GEN	تَكَادُ ٱلسَّمَٰوَٰتُ يَتَفَطَّرْنَ مِن فَوْقِهِنَّ وَٱلْمَلَٰٓئِكَةُ يُسَبِّحُونَ بِحَمْدِ رَبِّهِمْ وَيَسْتَغْفِرُونَ لِمَن فِى ٱلْأَرْضِ أَلَآ إِنَّ ٱللَّهَ هُوَ ٱلْغَفُورُ ٱلرَّحِيمُ	تكاد السماوات يتفطرن من فوقهن والملائكة يسبحون بحمد ربهم ويستغفرون لمن في الأرض ألا إن الله هو الغفور الرحيم
42	10	11	1	rab~i	رَبِّ	rab~	N	STEM|POS:N|LEM:rab~|ROOT:rbb|M|NOM	وَمَا ٱخْتَلَفْتُمْ فِيهِ مِن شَىْءٍ فَحُكْمُهُۥٓ إِلَى ٱللَّهِ ذَٰلِكُمُ ٱللَّهُ رَبِّى عَلَيْهِ تَوَكَّلْتُ وَإِلَيْهِ أُنِيبُ	وما اختلفتم فيه من شيء فحكمه إلى الله ذلكم الله ربي عليه توكلت وإليه أنيب
42	14	15	1	r~ab~i	رَّبِّ	rab~	N	STEM|POS:N|LEM:rab~|ROOT:rbb|M|GEN	وَمَا تَفَرَّقُوٓا۟ إِلَّا مِنۢ بَعْدِ مَا جَآءَهُمُ ٱلْعِلْمُ بَغْيًۢا بَيْنَهُمْ وَلَوْلَا كَلِمَةٌ سَبَقَتْ مِن رَّبِّكَ إِلَىٰٓ أَجَلٍ مُّسَمًّى لَّقُضِىَ بَيْنَهُمْ وَإِنَّ ٱلَّذِينَ أُورِثُوا۟ ٱلْكِتَٰبَ مِنۢ بَعْدِهِمْ لَفِى شَكٍّ مِّنْهُ مُرِيبٍ	وما تفرقوا إلا من بعد ما جاءهم العلم بغيا بينهم ولولا كلمة سبقت من ربك إلى أجل مسمى لقضي بينهم وإن الذين أورثوا الكتاب من بعدهم لفي شك منه مريب
42	15	20	1	rab~u	رَبُّ	rab~	N	STEM|POS:N|LEM:rab~|ROOT:rbb|M|NOM	فَلِذَٰلِكَ فَٱدْعُ وَٱسْتَقِمْ كَمَآ أُمِرْتَ وَلَا تَتَّبِعْ أَهْوَآءَهُمْ وَقُلْ ءَامَنتُ بِمَآ أَنزَلَ ٱللَّهُ مِن كِتَٰبٍ وَأُمِرْتُ لِأَعْدِلَ بَيْنَكُمُ ٱللَّهُ رَبُّنَا وَرَبُّكُمْ لَنَآ أَعْمَٰلُنَا وَلَكُمْ أَعْمَٰلُكُمْ لَا حُجَّةَ بَيْنَنَا وَبَيْنَكُمُ ٱللَّهُ يَجْمَعُ بَيْنَنَا وَإِلَيْهِ ٱلْمَصِيرُ	فلذلك فادع واستقم كما أمرت ولا تتبع أهواءهم وقل آمنت بما أنزل الله من كتاب وأمرت لأعدل بينكم الله ربنا وربكم لنا أعمالنا ولكم أعمالكم لا حجة بيننا وبينكم الله يجمع بيننا وإليه المصير
42	15	21	2	rab~u	رَبُّ	rab~	N	STEM|POS:N|LEM:rab~|ROOT:rbb|M|NOM	فَلِذَٰلِكَ فَٱدْعُ وَٱسْتَقِمْ كَمَآ أُمِرْتَ وَلَا تَتَّبِعْ أَهْوَآءَهُمْ وَقُلْ ءَامَنتُ بِمَآ أَنزَلَ ٱللَّهُ مِن كِتَٰبٍ وَأُمِرْتُ لِأَعْدِلَ بَيْنَكُمُ ٱللَّهُ رَبُّنَا وَرَبُّكُمْ لَنَآ أَعْمَٰلُنَا وَلَكُمْ أَعْمَٰلُكُمْ لَا حُجَّةَ بَيْنَنَا وَبَيْنَكُمُ ٱللَّهُ يَجْمَعُ بَيْنَنَا وَإِلَيْهِ ٱلْمَصِيرُ	فلذلك فادع واستقم كما أمرت ولا تتبع أهواءهم وقل آمنت بما أنزل الله من كتاب وأمرت لأعدل بينكم الله ربنا وربكم لنا أعمالنا ولكم أعمالكم لا حجة بيننا وبينكم الله يجمع بيننا وإليه المصير
42	16	13	1	rab~i	رَبِّ	rab~	N	STEM|POS:N|LEM:rab~|ROOT:rbb|M|GEN	وَٱلَّذِينَ يُحَآجُّونَ فِى ٱللَّهِ مِنۢ بَعْدِ مَا ٱسْتُجِيبَ لَهُۥ حُجَّتُهُمْ دَاحِضَةٌ عِندَ رَبِّهِمْ وَعَلَيْهِمْ غَضَبٌ وَلَهُمْ عَذَابٌ شَدِيدٌ	والذين يحاجون في الله من بعد ما استجيب له حجتهم داحضة عند ربهم وعليهم غضب ولهم عذاب شديد
42	22	20	1	rab~i	رَبِّ	rab~	N	STEM|POS:N|LEM:rab~|ROOT:rbb|M|GEN	تَرَى ٱلظَّٰلِمِينَ مُشْفِقِينَ مِمَّا كَسَبُوا۟ وَهُوَ وَاقِعٌۢ بِهِمْ وَٱلَّذِينَ ءَامَنُوا۟ وَعَمِلُوا۟ ٱلصَّٰلِحَٰتِ فِى رَوْضَاتِ ٱلْجَنَّاتِ لَهُم مَّا يَشَآءُونَ عِندَ رَبِّهِمْ ذَٰلِكَ هُوَ ٱلْفَضْلُ ٱلْكَبِيرُ	ترى الظالمين مشفقين مما كسبوا وهو واقع بهم والذين آمنوا وعملوا الصالحات في روضات الجنات لهم ما يشاءون عند ربهم ذلك هو الفضل الكبير
42	36	16	1	rab~i	رَبِّ	rab~	N	STEM|POS:N|LEM:rab~|ROOT:rbb|M|GEN	فَمَآ أُوتِيتُم مِّن شَىْءٍ فَمَتَٰعُ ٱلْحَيَوٰةِ ٱلدُّنْيَا وَمَا عِندَ ٱللَّهِ خَيْرٌ وَأَبْقَىٰ لِلَّذِينَ ءَامَنُوا۟ وَعَلَىٰ رَبِّهِمْ يَتَوَكَّلُونَ	فما أوتيتم من شيء فمتاع الحياة الدنيا وما عند الله خير وأبقى للذين آمنوا وعلى ربهم يتوكلون
42	38	3	2	rab~i	رَبِّ	rab~	N	STEM|POS:N|LEM:rab~|ROOT:rbb|M|GEN	وَٱلَّذِينَ ٱسْتَجَابُوا۟ لِرَبِّهِمْ وَأَقَامُوا۟ ٱلصَّلَوٰةَ وَأَمْرُهُمْ شُورَىٰ بَيْنَهُمْ وَمِمَّا رَزَقْنَٰهُمْ يُنفِقُونَ	والذين استجابوا لربهم وأقاموا الصلاة وأمرهم شورى بينهم ومما رزقناهم ينفقون
42	47	2	2	rab~i	رَبِّ	rab~	N	STEM|POS:N|LEM:rab~|ROOT:rbb|M|GEN	ٱسْتَجِيبُوا۟ لِرَبِّكُم مِّن قَبْلِ أَن يَأْتِىَ يَوْمٌ لَّا مَرَدَّ لَهُۥ مِنَ ٱللَّهِ مَا لَكُم مِّن مَّلْجَإٍ يَوْمَئِذٍ وَمَا لَكُم مِّن نَّكِيرٍ	استجيبوا لربكم من قبل أن يأتي يوم لا مرد له من الله ما لكم من ملجإ يومئذ وما لكم من نكير
43	13	7	1	rab~i	رَبِّ	rab~	N	STEM|POS:N|LEM:rab~|ROOT:rbb|M|GEN	لِتَسْتَوُۥا۟ عَلَىٰ ظُهُورِهِۦ ثُمَّ تَذْكُرُوا۟ نِعْمَةَ رَبِّكُمْ إِذَا ٱسْتَوَيْتُمْ عَلَيْهِ وَتَقُولُوا۟ سُبْحَٰنَ ٱلَّذِى سَخَّرَ لَنَا هَٰذَا وَمَا كُنَّا لَهُۥ مُقْرِنِينَ	لتستووا على ظهوره ثم تذكروا نعمة ربكم إذا استويتم عليه وتقولوا سبحان الذي سخر لنا هذا وما كنا له مقرنين
43	14	3	1	rab~i	رَبِّ	rab~	N	STEM|POS:N|LEM:rab~|ROOT:rbb|M|GEN	وَإِنَّآ إِلَىٰ رَبِّنَا لَمُنقَلِبُونَ	وإنا إلى ربنا لمنقلبون
43	32	4	1	rab~i	رَبِّ	rab~	N	STEM|POS:N|LEM:rab~|ROOT:rbb|M|GEN	أَهُمْ يَقْسِمُونَ رَحْمَتَ رَبِّكَ نَحْنُ قَسَمْنَا بَيْنَهُم مَّعِيشَتَهُمْ فِى ٱلْحَيَوٰةِ ٱلدُّنْيَا وَرَفَعْنَا بَعْضَهُمْ فَوْقَ بَعْضٍ دَرَجَٰتٍ لِّيَتَّخِذَ بَعْضُهُم بَعْضًا سُخْرِيًّا وَرَحْمَتُ رَبِّكَ خَيْرٌ مِّمَّا يَجْمَعُونَ	أهم يقسمون رحمت ربك نحن قسمنا بينهم معيشتهم في الحياة الدنيا ورفعنا بعضهم فوق بعض درجات ليتخذ بعضهم بعضا سخريا ورحمت ربك خير مما يجمعون
43	32	22	1	rab~i	رَبِّ	rab~	N	STEM|POS:N|LEM:rab~|ROOT:rbb|M|GEN	أَهُمْ يَقْسِمُونَ رَحْمَتَ رَبِّكَ نَحْنُ قَسَمْنَا بَيْنَهُم مَّعِيشَتَهُمْ فِى ٱلْحَيَوٰةِ ٱلدُّنْيَا وَرَفَعْنَا بَعْضَهُمْ فَوْقَ بَعْضٍ دَرَجَٰتٍ لِّيَتَّخِذَ بَعْضُهُم بَعْضًا سُخْرِيًّا وَرَحْمَتُ رَبِّكَ خَيْرٌ مِّمَّا يَجْمَعُونَ	أهم يقسمون رحمت ربك نحن قسمنا بينهم معيشتهم في الحياة الدنيا ورفعنا بعضهم فوق بعض درجات ليتخذ بعضهم بعضا سخريا ورحمت ربك خير مما يجمعون
43	35	11	1	rab~i	رَبِّ	rab~	N	STEM|POS:N|LEM:rab~|ROOT:rbb|M|GEN	وَزُخْرُفًا وَإِن كُلُّ ذَٰلِكَ لَمَّا مَتَٰعُ ٱلْحَيَوٰةِ ٱلدُّنْيَا وَٱلْـَٔاخِرَةُ عِندَ رَبِّكَ لِلْمُتَّقِينَ	وزخرفا وإن كل ذلك لما متاع الحياة الدنيا والآخرة عند ربك للمتقين
43	46	11	1	rab~i	رَبِّ	rab~	N	STEM|POS:N|LEM:rab~|ROOT:rbb|M|GEN	وَلَقَدْ أَرْسَلْنَا مُوسَىٰ بِـَٔايَٰتِنَآ إِلَىٰ فِرْعَوْنَ وَمَلَإِي۟هِۦ فَقَالَ إِنِّى رَسُولُ رَبِّ ٱلْعَٰلَمِينَ	ولقد أرسلنا موسى بآياتنا إلى فرعون وملئه فقال إني رسول رب العالمين
43	49	6	1	rab~a	رَبَّ	rab~	N	STEM|POS:N|LEM:rab~|ROOT:rbb|M|ACC	وَقَالُوا۟ يَٰٓأَيُّهَ ٱلسَّاحِرُ ٱدْعُ لَنَا رَبَّكَ بِمَا عَهِدَ عِندَكَ إِنَّنَا لَمُهْتَدُونَ	وقالوا يا أيه الساحر ادع لنا ربك بما عهد عندك إننا لمهتدون
43	64	4	1	rab~i	رَبِّ	rab~	N	STEM|POS:N|LEM:rab~|ROOT:rbb|M|NOM	إِنَّ ٱللَّهَ هُوَ رَبِّى وَرَبُّكُمْ فَٱعْبُدُوهُ هَٰذَا صِرَٰطٌ مُّسْتَقِيمٌ	إن الله هو ربي وربكم فاعبدوه هذا صراط مستقيم
43	64	5	2	rab~u	رَبُّ	rab~	N	STEM|POS:N|LEM:rab~|ROOT:rbb|M|NOM	إِنَّ ٱللَّهَ هُوَ رَبِّى وَرَبُّكُمْ فَٱعْبُدُوهُ هَٰذَا صِرَٰطٌ مُّسْتَقِيمٌ	إن الله هو ربي وربكم فاعبدوه هذا صراط مستقيم
43	77	5	1	rab~u	رَبُّ	rab~	N	STEM|POS:N|LEM:rab~|ROOT:rbb|M|NOM	وَنَادَوْا۟ يَٰمَٰلِكُ لِيَقْضِ عَلَيْنَا رَبُّكَ قَالَ إِنَّكُم مَّٰكِثُونَ	ونادوا يا مالك ليقض علينا ربك قال إنكم ماكثون
43	82	2	1	rab~i	رَبِّ	rab~	N	STEM|POS:N|LEM:rab~|ROOT:rbb|M|GEN	سُبْحَٰنَ رَبِّ ٱلسَّمَٰوَٰتِ وَٱلْأَرْضِ رَبِّ ٱلْعَرْشِ عَمَّا يَصِفُونَ	سبحان رب السماوات والأرض رب العرش عما يصفون
43	82	5	1	rab~i	رَبِّ	rab~	N	STEM|POS:N|LEM:rab~|ROOT:rbb|M|GEN	سُبْحَٰنَ رَبِّ ٱلسَّمَٰوَٰتِ وَٱلْأَرْضِ رَبِّ ٱلْعَرْشِ عَمَّا يَصِفُونَ	سبحان رب السماوات والأرض رب العرش عما يصفون
43	88	2	2	rab~i	رَبِّ	rab~	N	STEM|POS:N|LEM:rab~|ROOT:rbb|M|NOM	وَقِيلِهِۦ يَٰرَبِّ إِنَّ هَٰٓؤُلَآءِ قَوْمٌ لَّا يُؤْمِنُونَ	وقيله يا رب إن هؤلاء قوم لا يؤمنون
44	6	3	1	r~ab~i	رَّبِّ	rab~	N	STEM|POS:N|LEM:rab~|ROOT:rbb|M|GEN	رَحْمَةً مِّن رَّبِّكَ إِنَّهُۥ هُوَ ٱلسَّمِيعُ ٱلْعَلِيمُ	رحمة من ربك إنه هو السميع العليم
44	7	1	1	rab~i	رَبِّ	rab~	N	STEM|POS:N|LEM:rab~|ROOT:rbb|M|GEN	رَبِّ ٱلسَّمَٰوَٰتِ وَٱلْأَرْضِ وَمَا بَيْنَهُمَآ إِن كُنتُم مُّوقِنِينَ	رب السماوات والأرض وما بينهما إن كنتم موقنين
44	8	7	1	rab~u	رَبُّ	rab~	N	STEM|POS:N|LEM:rab~|ROOT:rbb|M|NOM	لَآ إِلَٰهَ إِلَّا هُوَ يُحْىِۦ وَيُمِيتُ رَبُّكُمْ وَرَبُّ ءَابَآئِكُمُ ٱلْأَوَّلِينَ	لا إله إلا هو يحيي ويميت ربكم ورب آبائكم الأولين
44	8	8	2	rab~u	رَبُّ	rab~	N	STEM|POS:N|LEM:rab~|ROOT:rbb|M|NOM	لَآ إِلَٰهَ إِلَّا هُوَ يُحْىِۦ وَيُمِيتُ رَبُّكُمْ وَرَبُّ ءَابَآئِكُمُ ٱلْأَوَّلِينَ	لا إله إلا هو يحيي ويميت ربكم ورب آبائكم الأولين
44	12	1	1	r~ab~a	رَّبَّ	rab~	N	STEM|POS:N|LEM:rab~|ROOT:rbb|M|ACC	رَّبَّنَا ٱكْشِفْ عَنَّا ٱلْعَذَابَ إِنَّا مُؤْمِنُونَ	ربنا اكشف عنا العذاب إنا مؤمنون
44	20	3	2	rab~i	رَبِّ	rab~	N	STEM|POS:N|LEM:rab~|ROOT:rbb|M|GEN	وَإِنِّى عُذْتُ بِرَبِّى وَرَبِّكُمْ أَن تَرْجُمُونِ	وإني عذت بربي وربكم أن ترجمون
44	20	4	2	rab~i	رَبِّ	rab~	N	STEM|POS:N|LEM:rab~|ROOT:rbb|M|GEN	وَإِنِّى عُذْتُ بِرَبِّى وَرَبِّكُمْ أَن تَرْجُمُونِ	وإني عذت بربي وربكم أن ترجمون
44	22	2	1	rab~a	رَبَّ	rab~	N	STEM|POS:N|LEM:rab~|ROOT:rbb|M|ACC	فَدَعَا رَبَّهُۥٓ أَنَّ هَٰٓؤُلَآءِ قَوْمٌ مُّجْرِمُونَ	فدعا ربه أن هؤلاء قوم مجرمون
44	57	3	1	r~ab~i	رَّبِّ	rab~	N	STEM|POS:N|LEM:rab~|ROOT:rbb|M|GEN	فَضْلًا مِّن رَّبِّكَ ذَٰلِكَ هُوَ ٱلْفَوْزُ ٱلْعَظِيمُ	فضلا من ربك ذلك هو الفوز العظيم
45	11	6	1	rab~i	رَبِّ	rab~	N	STEM|POS:N|LEM:rab~|ROOT:rbb|M|GEN	هَٰذَا هُدًى وَٱلَّذِينَ كَفَرُوا۟ بِـَٔايَٰتِ رَبِّهِمْ لَهُمْ عَذَابٌ مِّن رِّجْزٍ أَلِيمٌ	هذا هدى والذين كفروا بآيات ربهم لهم عذاب من رجز أليم
45	15	10	1	rab~i	رَبِّ	rab~	N	STEM|POS:N|LEM:rab~|ROOT:rbb|M|GEN	مَنْ عَمِلَ صَٰلِحًا فَلِنَفْسِهِۦ وَمَنْ أَسَآءَ فَعَلَيْهَا ثُمَّ إِلَىٰ رَبِّكُمْ تُرْجَعُونَ	من عمل صالحا فلنفسه ومن أساء فعليها ثم إلى ربكم ترجعون
45	17	16	1	rab~a	رَبَّ	rab~	N	STEM|POS:N|LEM:rab~|ROOT:rbb|M|ACC	وَءَاتَيْنَٰهُم بَيِّنَٰتٍ مِّنَ ٱلْأَمْرِ فَمَا ٱخْتَلَفُوٓا۟ إِلَّا مِنۢ بَعْدِ مَا جَآءَهُمُ ٱلْعِلْمُ بَغْيًۢا بَيْنَهُمْ إِنَّ رَبَّكَ يَقْضِى بَيْنَهُمْ يَوْمَ ٱلْقِيَٰمَةِ فِيمَا كَانُوا۟ فِيهِ يَخْتَلِفُونَ	وآتيناهم بينات من الأمر فما اختلفوا إلا من بعد ما جاءهم العلم بغيا بينهم إن ربك يقضي بينهم يوم القيامة فيما كانوا فيه يختلفون
45	30	7	1	rab~u	رَبُّ	rab~	N	STEM|POS:N|LEM:rab~|ROOT:rbb|M|NOM	فَأَمَّا ٱلَّذِينَ ءَامَنُوا۟ وَعَمِلُوا۟ ٱلصَّٰلِحَٰتِ فَيُدْخِلُهُمْ رَبُّهُمْ فِى رَحْمَتِهِۦ ذَٰلِكَ هُوَ ٱلْفَوْزُ ٱلْمُبِينُ	فأما الذين آمنوا وعملوا الصالحات فيدخلهم ربهم في رحمته ذلك هو الفوز المبين
45	36	3	1	rab~i	رَبِّ	rab~	N	STEM|POS:N|LEM:rab~|ROOT:rbb|M|GEN	فَلِلَّهِ ٱلْحَمْدُ رَبِّ ٱلسَّمَٰوَٰتِ وَرَبِّ ٱلْأَرْضِ رَبِّ ٱلْعَٰلَمِينَ	فلله الحمد رب السماوات ورب الأرض رب العالمين
45	36	5	2	rab~i	رَبِّ	rab~	N	STEM|POS:N|LEM:rab~|ROOT:rbb|M|GEN	فَلِلَّهِ ٱلْحَمْدُ رَبِّ ٱلسَّمَٰوَٰتِ وَرَبِّ ٱلْأَرْضِ رَبِّ ٱلْعَٰلَمِينَ	فلله الحمد رب السماوات ورب الأرض رب العالمين
45	36	7	1	rab~i	رَبِّ	rab~	N	STEM|POS:N|LEM:rab~|ROOT:rbb|M|GEN	فَلِلَّهِ ٱلْحَمْدُ رَبِّ ٱلسَّمَٰوَٰتِ وَرَبِّ ٱلْأَرْضِ رَبِّ ٱلْعَٰلَمِينَ	فلله الحمد رب السماوات ورب الأرض رب العالمين
46	13	4	1	rab~u	رَبُّ	rab~	N	STEM|POS:N|LEM:rab~|ROOT:rbb|M|NOM	إِنَّ ٱلَّذِينَ قَالُوا۟ رَبُّنَا ٱللَّهُ ثُمَّ ٱسْتَقَٰمُوا۟ فَلَا خَوْفٌ عَلَيْهِمْ وَلَا هُمْ يَحْزَنُونَ	إن الذين قالوا ربنا الله ثم استقاموا فلا خوف عليهم ولا هم يحزنون
46	15	22	1	rab~i	رَبِّ	rab~	N	STEM|POS:N|LEM:rab~|ROOT:rbb|M|NOM	وَوَصَّيْنَا ٱلْإِنسَٰنَ بِوَٰلِدَيْهِ إِحْسَٰنًا حَمَلَتْهُ أُمُّهُۥ كُرْهًا وَوَضَعَتْهُ كُرْهًا وَحَمْلُهُۥ وَفِصَٰلُهُۥ ثَلَٰثُونَ شَهْرًا حَتَّىٰٓ إِذَا بَلَغَ أَشُدَّهُۥ وَبَلَغَ أَرْبَعِينَ سَنَةً قَالَ رَبِّ أَوْزِعْنِىٓ أَنْ أَشْكُرَ نِعْمَتَكَ ٱلَّتِىٓ أَنْعَمْتَ عَلَىَّ وَعَلَىٰ وَٰلِدَىَّ وَأَنْ أَعْمَلَ صَٰلِحًا تَرْضَىٰهُ وَأَصْلِحْ لِى فِى ذُرِّيَّتِىٓ إِنِّى تُبْتُ إِلَيْكَ وَإِنِّى مِنَ ٱلْمُسْلِمِينَ	ووصينا الإنسان بوالديه إحسانا حملته أمه كرها ووضعته كرها وحمله وفصاله ثلاثون شهرا حتى إذا بلغ أشده وبلغ أربعين سنة قال رب أوزعني أن أشكر نعمتك التي أنعمت علي وعلى والدي وأن أعمل صالحا ترضاه وأصلح لي في ذريتي إني تبت إليك وإني من المسلمين
46	25	5	1	rab~i	رَبِّ	rab~	N	STEM|POS:N|LEM:rab~|ROOT:rbb|M|GEN	تُدَمِّرُ كُلَّ شَىْءٍۭ بِأَمْرِ رَبِّهَا فَأَصْبَحُوا۟ لَا يُرَىٰٓ إِلَّا مَسَٰكِنُهُمْ كَذَٰلِكَ نَجْزِى ٱلْقَوْمَ ٱلْمُجْرِمِينَ	تدمر كل شيء بأمر ربها فأصبحوا لا يرى إلا مساكنهم كذلك نجزي القوم المجرمين
46	34	12	2	rab~i	رَبِّ	rab~	N	STEM|POS:N|LEM:rab~|ROOT:rbb|M|GEN	وَيَوْمَ يُعْرَضُ ٱلَّذِينَ كَفَرُوا۟ عَلَى ٱلنَّارِ أَلَيْسَ هَٰذَا بِٱلْحَقِّ قَالُوا۟ بَلَىٰ وَرَبِّنَا قَالَ فَذُوقُوا۟ ٱلْعَذَابَ بِمَا كُنتُمْ تَكْفُرُونَ	ويوم يعرض الذين كفروا على النار أليس هذا بالحق قالوا بلى وربنا قال فذوقوا العذاب بما كنتم تكفرون
47	2	13	1	r~ab~i	رَّبِّ	rab~	N	STEM|POS:N|LEM:rab~|ROOT:rbb|M|GEN	وَٱلَّذِينَ ءَامَنُوا۟ وَعَمِلُوا۟ ٱلصَّٰلِحَٰتِ وَءَامَنُوا۟ بِمَا نُزِّلَ عَلَىٰ مُحَمَّدٍ وَهُوَ ٱلْحَقُّ مِن رَّبِّهِمْ كَفَّرَ عَنْهُمْ سَيِّـَٔاتِهِمْ وَأَصْلَحَ بَالَهُمْ	والذين آمنوا وعملوا الصالحات وآمنوا بما نزل على محمد وهو الحق من ربهم كفر عنهم سيئاتهم وأصلح بالهم
47	3	13	1	r~ab~i	رَّبِّ	rab~	N	STEM|POS:N|LEM:rab~|ROOT:rbb|M|GEN	ذَٰلِكَ بِأَنَّ ٱلَّذِينَ كَفَرُوا۟ ٱتَّبَعُوا۟ ٱلْبَٰطِلَ وَأَنَّ ٱلَّذِينَ ءَامَنُوا۟ ٱتَّبَعُوا۟ ٱلْحَقَّ مِن رَّبِّهِمْ كَذَٰلِكَ يَضْرِبُ ٱللَّهُ لِلنَّاسِ أَمْثَٰلَهُمْ	ذلك بأن الذين كفروا اتبعوا الباطل وأن الذين آمنوا اتبعوا الحق من ربهم كذلك يضرب الله للناس أمثالهم
47	14	6	1	r~ab~i	رَّبِّ	rab~	N	STEM|POS:N|LEM:rab~|ROOT:rbb|M|GEN	أَفَمَن كَانَ عَلَىٰ بَيِّنَةٍ مِّن رَّبِّهِۦ كَمَن زُيِّنَ لَهُۥ سُوٓءُ عَمَلِهِۦ وَٱتَّبَعُوٓا۟ أَهْوَآءَهُم	أفمن كان على بينة من ربه كمن زين له سوء عمله واتبعوا أهواءهم
47	15	34	1	r~ab~i	رَّبِّ	rab~	N	STEM|POS:N|LEM:rab~|ROOT:rbb|M|GEN	مَّثَلُ ٱلْجَنَّةِ ٱلَّتِى وُعِدَ ٱلْمُتَّقُونَ فِيهَآ أَنْهَٰرٌ مِّن مَّآءٍ غَيْرِ ءَاسِنٍ وَأَنْهَٰرٌ مِّن لَّبَنٍ لَّمْ يَتَغَيَّرْ طَعْمُهُۥ وَأَنْهَٰرٌ مِّنْ خَمْرٍ لَّذَّةٍ لِّلشَّٰرِبِينَ وَأَنْهَٰرٌ مِّنْ عَسَلٍ مُّصَفًّى وَلَهُمْ فِيهَا مِن كُلِّ ٱلثَّمَرَٰتِ وَمَغْفِرَةٌ مِّن رَّبِّهِمْ كَمَنْ هُوَ خَٰلِدٌ فِى ٱلنَّارِ وَسُقُوا۟ مَآءً حَمِيمًا فَقَطَّعَ أَمْعَآءَهُمْ	مثل الجنة التي وعد المتقون فيها أنهار من ماء غير آسن وأنهار من لبن لم يتغير طعمه وأنهار من خمر لذة للشاربين وأنهار من عسل مصفى ولهم فيها من كل الثمرات ومغفرة من ربهم كمن هو خالد في النار وسقوا ماء حميما فقطع أمعاءهم
50	27	3	1	rab~a	رَبَّ	rab~	N	STEM|POS:N|LEM:rab~|ROOT:rbb|M|ACC	قَالَ قَرِينُهُۥ رَبَّنَا مَآ أَطْغَيْتُهُۥ وَلَٰكِن كَانَ فِى ضَلَٰلٍۭ بَعِيدٍ	قال قرينه ربنا ما أطغيته ولكن كان في ضلال بعيد
50	39	7	1	rab~i	رَبِّ	rab~	N	STEM|POS:N|LEM:rab~|ROOT:rbb|M|GEN	فَٱصْبِرْ عَلَىٰ مَا يَقُولُونَ وَسَبِّحْ بِحَمْدِ رَبِّكَ قَبْلَ طُلُوعِ ٱلشَّمْسِ وَقَبْلَ ٱلْغُرُوبِ	فاصبر على ما يقولون وسبح بحمد ربك قبل طلوع الشمس وقبل الغروب
51	16	4	1	rab~u	رَبُّ	rab~	N	STEM|POS:N|LEM:rab~|ROOT:rbb|M|NOM	ءَاخِذِينَ مَآ ءَاتَىٰهُمْ رَبُّهُمْ إِنَّهُمْ كَانُوا۟ قَبْلَ ذَٰلِكَ مُحْسِنِينَ	آخذين ما آتاهم ربهم إنهم كانوا قبل ذلك محسنين
51	23	1	3	rab~i	رَبِّ	rab~	N	STEM|POS:N|LEM:rab~|ROOT:rbb|M|GEN	فَوَرَبِّ ٱلسَّمَآءِ وَٱلْأَرْضِ إِنَّهُۥ لَحَقٌّ مِّثْلَ مَآ أَنَّكُمْ تَنطِقُونَ	فورب السماء والأرض إنه لحق مثل ما أنكم تنطقون
51	30	4	1	rab~u	رَبُّ	rab~	N	STEM|POS:N|LEM:rab~|ROOT:rbb|M|NOM	قَالُوا۟ كَذَٰلِكِ قَالَ رَبُّكِ إِنَّهُۥ هُوَ ٱلْحَكِيمُ ٱلْعَلِيمُ	قالوا كذلك قال ربك إنه هو الحكيم العليم
51	34	3	1	rab~i	رَبِّ	rab~	N	STEM|POS:N|LEM:rab~|ROOT:rbb|M|GEN	مُّسَوَّمَةً عِندَ رَبِّكَ لِلْمُسْرِفِينَ	مسومة عند ربك للمسرفين
51	44	4	1	rab~i	رَبِّ	rab~	N	STEM|POS:N|LEM:rab~|ROOT:rbb|M|GEN	فَعَتَوْا۟ عَنْ أَمْرِ رَبِّهِمْ فَأَخَذَتْهُمُ ٱلصَّٰعِقَةُ وَهُمْ يَنظُرُونَ	فعتوا عن أمر ربهم فأخذتهم الصاعقة وهم ينظرون
52	7	3	1	rab~i	رَبِّ	rab~	N	STEM|POS:N|LEM:rab~|ROOT:rbb|M|GEN	إِنَّ عَذَابَ رَبِّكَ لَوَٰقِعٌ	إن عذاب ربك لواقع
52	18	4	1	rab~u	رَبُّ	rab~	N	STEM|POS:N|LEM:rab~|ROOT:rbb|M|NOM	فَٰكِهِينَ بِمَآ ءَاتَىٰهُمْ رَبُّهُمْ وَوَقَىٰهُمْ رَبُّهُمْ عَذَابَ ٱلْجَحِيمِ	فاكهين بما آتاهم ربهم ووقاهم ربهم عذاب الجحيم
52	18	6	1	rab~u	رَبُّ	rab~	N	STEM|POS:N|LEM:rab~|ROOT:rbb|M|NOM	فَٰكِهِينَ بِمَآ ءَاتَىٰهُمْ رَبُّهُمْ وَوَقَىٰهُمْ رَبُّهُمْ عَذَابَ ٱلْجَحِيمِ	فاكهين بما آتاهم ربهم ووقاهم ربهم عذاب الجحيم
52	29	5	1	rab~i	رَبِّ	rab~	N	STEM|POS:N|LEM:rab~|ROOT:rbb|M|GEN	فَذَكِّرْ فَمَآ أَنتَ بِنِعْمَتِ رَبِّكَ بِكَاهِنٍ وَلَا مَجْنُونٍ	فذكر فما أنت بنعمت ربك بكاهن ولا مجنون
52	37	4	1	rab~i	رَبِّ	rab~	N	STEM|POS:N|LEM:rab~|ROOT:rbb|M|GEN	أَمْ عِندَهُمْ خَزَآئِنُ رَبِّكَ أَمْ هُمُ ٱلْمُصَۣيْطِرُونَ	أم عندهم خزائن ربك أم هم المصيطرون
52	48	3	1	rab~i	رَبِّ	rab~	N	STEM|POS:N|LEM:rab~|ROOT:rbb|M|GEN	وَٱصْبِرْ لِحُكْمِ رَبِّكَ فَإِنَّكَ بِأَعْيُنِنَا وَسَبِّحْ بِحَمْدِ رَبِّكَ حِينَ تَقُومُ	واصبر لحكم ربك فإنك بأعيننا وسبح بحمد ربك حين تقوم
52	48	8	1	rab~i	رَبِّ	rab~	N	STEM|POS:N|LEM:rab~|ROOT:rbb|M|GEN	وَٱصْبِرْ لِحُكْمِ رَبِّكَ فَإِنَّكَ بِأَعْيُنِنَا وَسَبِّحْ بِحَمْدِ رَبِّكَ حِينَ تَقُومُ	واصبر لحكم ربك فإنك بأعيننا وسبح بحمد ربك حين تقوم
53	18	5	1	rab~i	رَبِّ	rab~	N	STEM|POS:N|LEM:rab~|ROOT:rbb|M|GEN	لَقَدْ رَأَىٰ مِنْ ءَايَٰتِ رَبِّهِ ٱلْكُبْرَىٰٓ	لقد رأى من آيات ربه الكبرى
53	23	24	1	r~ab~i	رَّبِّ	rab~	N	STEM|POS:N|LEM:rab~|ROOT:rbb|M|GEN	إِنْ هِىَ إِلَّآ أَسْمَآءٌ سَمَّيْتُمُوهَآ أَنتُمْ وَءَابَآؤُكُم مَّآ أَنزَلَ ٱللَّهُ بِهَا مِن سُلْطَٰنٍ إِن يَتَّبِعُونَ إِلَّا ٱلظَّنَّ وَمَا تَهْوَى ٱلْأَنفُسُ وَلَقَدْ جَآءَهُم مِّن رَّبِّهِمُ ٱلْهُدَىٰٓ	إن هي إلا أسماء سميتموها أنتم وآباؤكم ما أنزل الله بها من سلطان إن يتبعون إلا الظن وما تهوى الأنفس ولقد جاءهم من ربهم الهدى
53	30	6	1	rab~a	رَبَّ	rab~	N	STEM|POS:N|LEM:rab~|ROOT:rbb|M|ACC	ذَٰلِكَ مَبْلَغُهُم مِّنَ ٱلْعِلْمِ إِنَّ رَبَّكَ هُوَ أَعْلَمُ بِمَن ضَلَّ عَن سَبِيلِهِۦ وَهُوَ أَعْلَمُ بِمَنِ ٱهْتَدَىٰ	ذلك مبلغهم من العلم إن ربك هو أعلم بمن ضل عن سبيله وهو أعلم بمن اهتدى
53	32	9	1	rab~a	رَبَّ	rab~	N	STEM|POS:N|LEM:rab~|ROOT:rbb|M|ACC	ٱلَّذِينَ يَجْتَنِبُونَ كَبَٰٓئِرَ ٱلْإِثْمِ وَٱلْفَوَٰحِشَ إِلَّا ٱللَّمَمَ إِنَّ رَبَّكَ وَٰسِعُ ٱلْمَغْفِرَةِ هُوَ أَعْلَمُ بِكُمْ إِذْ أَنشَأَكُم مِّنَ ٱلْأَرْضِ وَإِذْ أَنتُمْ أَجِنَّةٌ فِى بُطُونِ أُمَّهَٰتِكُمْ فَلَا تُزَكُّوٓا۟ أَنفُسَكُمْ هُوَ أَعْلَمُ بِمَنِ ٱتَّقَىٰٓ	الذين يجتنبون كبائر الإثم والفواحش إلا اللمم إن ربك واسع المغفرة هو أعلم بكم إذ أنشأكم من الأرض وإذ أنتم أجنة في بطون أمهاتكم فلا تزكوا أنفسكم هو أعلم بمن اتقى
53	42	3	1	rab~i	رَبِّ	rab~	N	STEM|POS:N|LEM:rab~|ROOT:rbb|M|GEN	وَأَنَّ إِلَىٰ رَبِّكَ ٱلْمُنتَهَىٰ	وأن إلى ربك المنتهى
53	49	3	1	rab~u	رَبُّ	rab~	N	STEM|POS:N|LEM:rab~|ROOT:rbb|M|NOM	وَأَنَّهُۥ هُوَ رَبُّ ٱلشِّعْرَىٰ	وأنه هو رب الشعرى
53	55	3	1	rab~i	رَبِّ	rab~	N	STEM|POS:N|LEM:rab~|ROOT:rbb|M|GEN	فَبِأَىِّ ءَالَآءِ رَبِّكَ تَتَمَارَىٰ	فبأي آلاء ربك تتمارى
54	10	2	1	rab~a	رَبَّ	rab~	N	STEM|POS:N|LEM:rab~|ROOT:rbb|M|ACC	فَدَعَا رَبَّهُۥٓ أَنِّى مَغْلُوبٌ فَٱنتَصِرْ	فدعا ربه أني مغلوب فانتصر
55	13	3	1	rab~i	رَبِّ	rab~	N	STEM|POS:N|LEM:rab~|ROOT:rbb|M|GEN	فَبِأَىِّ ءَالَآءِ رَبِّكُمَا تُكَذِّبَانِ	فبأي آلاء ربكما تكذبان
55	16	3	1	rab~i	رَبِّ	rab~	N	STEM|POS:N|LEM:rab~|ROOT:rbb|M|GEN	فَبِأَىِّ ءَالَآءِ رَبِّكُمَا تُكَذِّبَانِ	فبأي آلاء ربكما تكذبان
55	17	1	1	rab~u	رَبُّ	rab~	N	STEM|POS:N|LEM:rab~|ROOT:rbb|M|NOM	رَبُّ ٱلْمَشْرِقَيْنِ وَرَبُّ ٱلْمَغْرِبَيْنِ	رب المشرقين ورب المغربين
55	17	3	2	rab~u	رَبُّ	rab~	N	STEM|POS:N|LEM:rab~|ROOT:rbb|M|NOM	رَبُّ ٱلْمَشْرِقَيْنِ وَرَبُّ ٱلْمَغْرِبَيْنِ	رب المشرقين ورب المغربين
55	18	3	1	rab~i	رَبِّ	rab~	N	STEM|POS:N|LEM:rab~|ROOT:rbb|M|GEN	فَبِأَىِّ ءَالَآءِ رَبِّكُمَا تُكَذِّبَانِ	فبأي آلاء ربكما تكذبان
55	21	3	1	rab~i	رَبِّ	rab~	N	STEM|POS:N|LEM:rab~|ROOT:rbb|M|GEN	فَبِأَىِّ ءَالَآءِ رَبِّكُمَا تُكَذِّبَانِ	فبأي آلاء ربكما تكذبان
55	23	3	1	rab~i	رَبِّ	rab~	N	STEM|POS:N|LEM:rab~|ROOT:rbb|M|GEN	فَبِأَىِّ ءَالَآءِ رَبِّكُمَا تُكَذِّبَانِ	فبأي آلاء ربكما تكذبان
55	25	3	1	rab~i	رَبِّ	rab~	N	STEM|POS:N|LEM:rab~|ROOT:rbb|M|GEN	فَبِأَىِّ ءَالَآءِ رَبِّكُمَا تُكَذِّبَانِ	فبأي آلاء ربكما تكذبان
55	27	3	1	rab~i	رَبِّ	rab~	N	STEM|POS:N|LEM:rab~|ROOT:rbb|M|GEN	وَيَبْقَىٰ وَجْهُ رَبِّكَ ذُو ٱلْجَلَٰلِ وَٱلْإِكْرَامِ	ويبقى وجه ربك ذو الجلال والإكرام
55	28	3	1	rab~i	رَبِّ	rab~	N	STEM|POS:N|LEM:rab~|ROOT:rbb|M|GEN	فَبِأَىِّ ءَالَآءِ رَبِّكُمَا تُكَذِّبَانِ	فبأي آلاء ربكما تكذبان
55	30	3	1	rab~i	رَبِّ	rab~	N	STEM|POS:N|LEM:rab~|ROOT:rbb|M|GEN	فَبِأَىِّ ءَالَآءِ رَبِّكُمَا تُكَذِّبَانِ	فبأي آلاء ربكما تكذبان
55	32	3	1	rab~i	رَبِّ	rab~	N	STEM|POS:N|LEM:rab~|ROOT:rbb|M|GEN	فَبِأَىِّ ءَالَآءِ رَبِّكُمَا تُكَذِّبَانِ	فبأي آلاء ربكما تكذبان
55	34	3	1	rab~i	رَبِّ	rab~	N	STEM|POS:N|LEM:rab~|ROOT:rbb|M|GEN	فَبِأَىِّ ءَالَآءِ رَبِّكُمَا تُكَذِّبَانِ	فبأي آلاء ربكما تكذبان
55	36	3	1	rab~i	رَبِّ	rab~	N	STEM|POS:N|LEM:rab~|ROOT:rbb|M|GEN	فَبِأَىِّ ءَالَآءِ رَبِّكُمَا تُكَذِّبَانِ	فبأي آلاء ربكما تكذبان
55	38	3	1	rab~i	رَبِّ	rab~	N	STEM|POS:N|LEM:rab~|ROOT:rbb|M|GEN	فَبِأَىِّ ءَالَآءِ رَبِّكُمَا تُكَذِّبَانِ	فبأي آلاء ربكما تكذبان
55	40	3	1	rab~i	رَبِّ	rab~	N	STEM|POS:N|LEM:rab~|ROOT:rbb|M|GEN	فَبِأَىِّ ءَالَآءِ رَبِّكُمَا تُكَذِّبَانِ	فبأي آلاء ربكما تكذبان
55	42	3	1	rab~i	رَبِّ	rab~	N	STEM|POS:N|LEM:rab~|ROOT:rbb|M|GEN	فَبِأَىِّ ءَالَآءِ رَبِّكُمَا تُكَذِّبَانِ	فبأي آلاء ربكما تكذبان
55	45	3	1	rab~i	رَبِّ	rab~	N	STEM|POS:N|LEM:rab~|ROOT:rbb|M|GEN	فَبِأَىِّ ءَالَآءِ رَبِّكُمَا تُكَذِّبَانِ	فبأي آلاء ربكما تكذبان
55	46	4	1	rab~i	رَبِّ	rab~	N	STEM|POS:N|LEM:rab~|ROOT:rbb|M|GEN	وَلِمَنْ خَافَ مَقَامَ رَبِّهِۦ جَنَّتَانِ	ولمن خاف مقام ربه جنتان
55	47	3	1	rab~i	رَبِّ	rab~	N	STEM|POS:N|LEM:rab~|ROOT:rbb|M|GEN	فَبِأَىِّ ءَالَآءِ رَبِّكُمَا تُكَذِّبَانِ	فبأي آلاء ربكما تكذبان
55	49	3	1	rab~i	رَبِّ	rab~	N	STEM|POS:N|LEM:rab~|ROOT:rbb|M|GEN	فَبِأَىِّ ءَالَآءِ رَبِّكُمَا تُكَذِّبَانِ	فبأي آلاء ربكما تكذبان
55	51	3	1	rab~i	رَبِّ	rab~	N	STEM|POS:N|LEM:rab~|ROOT:rbb|M|GEN	فَبِأَىِّ ءَالَآءِ رَبِّكُمَا تُكَذِّبَانِ	فبأي آلاء ربكما تكذبان
55	53	3	1	rab~i	رَبِّ	rab~	N	STEM|POS:N|LEM:rab~|ROOT:rbb|M|GEN	فَبِأَىِّ ءَالَآءِ رَبِّكُمَا تُكَذِّبَانِ	فبأي آلاء ربكما تكذبان
55	55	3	1	rab~i	رَبِّ	rab~	N	STEM|POS:N|LEM:rab~|ROOT:rbb|M|GEN	فَبِأَىِّ ءَالَآءِ رَبِّكُمَا تُكَذِّبَانِ	فبأي آلاء ربكما تكذبان
55	57	3	1	rab~i	رَبِّ	rab~	N	STEM|POS:N|LEM:rab~|ROOT:rbb|M|GEN	فَبِأَىِّ ءَالَآءِ رَبِّكُمَا تُكَذِّبَانِ	فبأي آلاء ربكما تكذبان
55	59	3	1	rab~i	رَبِّ	rab~	N	STEM|POS:N|LEM:rab~|ROOT:rbb|M|GEN	فَبِأَىِّ ءَالَآءِ رَبِّكُمَا تُكَذِّبَانِ	فبأي آلاء ربكما تكذبان
55	61	3	1	rab~i	رَبِّ	rab~	N	STEM|POS:N|LEM:rab~|ROOT:rbb|M|GEN	فَبِأَىِّ ءَالَآءِ رَبِّكُمَا تُكَذِّبَانِ	فبأي آلاء ربكما تكذبان
55	63	3	1	rab~i	رَبِّ	rab~	N	STEM|POS:N|LEM:rab~|ROOT:rbb|M|GEN	فَبِأَىِّ ءَالَآءِ رَبِّكُمَا تُكَذِّبَانِ	فبأي آلاء ربكما تكذبان
55	65	3	1	rab~i	رَبِّ	rab~	N	STEM|POS:N|LEM:rab~|ROOT:rbb|M|GEN	فَبِأَىِّ ءَالَآءِ رَبِّكُمَا تُكَذِّبَانِ	فبأي آلاء ربكما تكذبان
55	67	3	1	rab~i	رَبِّ	rab~	N	STEM|POS:N|LEM:rab~|ROOT:rbb|M|GEN	فَبِأَىِّ ءَالَآءِ رَبِّكُمَا تُكَذِّبَانِ	فبأي آلاء ربكما تكذبان
55	69	3	1	rab~i	رَبِّ	rab~	N	STEM|POS:N|LEM:rab~|ROOT:rbb|M|GEN	فَبِأَىِّ ءَالَآءِ رَبِّكُمَا تُكَذِّبَانِ	فبأي آلاء ربكما تكذبان
55	71	3	1	rab~i	رَبِّ	rab~	N	STEM|POS:N|LEM:rab~|ROOT:rbb|M|GEN	فَبِأَىِّ ءَالَآءِ رَبِّكُمَا تُكَذِّبَانِ	فبأي آلاء ربكما تكذبان
55	73	3	1	rab~i	رَبِّ	rab~	N	STEM|POS:N|LEM:rab~|ROOT:rbb|M|GEN	فَبِأَىِّ ءَالَآءِ رَبِّكُمَا تُكَذِّبَانِ	فبأي آلاء ربكما تكذبان
55	75	3	1	rab~i	رَبِّ	rab~	N	STEM|POS:N|LEM:rab~|ROOT:rbb|M|GEN	فَبِأَىِّ ءَالَآءِ رَبِّكُمَا تُكَذِّبَانِ	فبأي آلاء ربكما تكذبان
55	77	3	1	rab~i	رَبِّ	rab~	N	STEM|POS:N|LEM:rab~|ROOT:rbb|M|GEN	فَبِأَىِّ ءَالَآءِ رَبِّكُمَا تُكَذِّبَانِ	فبأي آلاء ربكما تكذبان
55	78	3	1	rab~i	رَبِّ	rab~	N	STEM|POS:N|LEM:rab~|ROOT:rbb|M|GEN	تَبَٰرَكَ ٱسْمُ رَبِّكَ ذِى ٱلْجَلَٰلِ وَٱلْإِكْرَامِ	تبارك اسم ربك ذي الجلال والإكرام
56	74	3	1	rab~i	رَبِّ	rab~	N	STEM|POS:N|LEM:rab~|ROOT:rbb|M|GEN	فَسَبِّحْ بِٱسْمِ رَبِّكَ ٱلْعَظِيمِ	فسبح باسم ربك العظيم
56	80	3	1	r~ab~i	رَّبِّ	rab~	N	STEM|POS:N|LEM:rab~|ROOT:rbb|M|GEN	تَنزِيلٌ مِّن رَّبِّ ٱلْعَٰلَمِينَ	تنزيل من رب العالمين
56	96	3	1	rab~i	رَبِّ	rab~	N	STEM|POS:N|LEM:rab~|ROOT:rbb|M|GEN	فَسَبِّحْ بِٱسْمِ رَبِّكَ ٱلْعَظِيمِ	فسبح باسم ربك العظيم
57	8	9	2	rab~i	رَبِّ	rab~	N	STEM|POS:N|LEM:rab~|ROOT:rbb|M|GEN	وَمَا لَكُمْ لَا تُؤْمِنُونَ بِٱللَّهِ وَٱلرَّسُولُ يَدْعُوكُمْ لِتُؤْمِنُوا۟ بِرَبِّكُمْ وَقَدْ أَخَذَ مِيثَٰقَكُمْ إِن كُنتُم مُّؤْمِنِينَ	وما لكم لا تؤمنون بالله والرسول يدعوكم لتؤمنوا بربكم وقد أخذ ميثاقكم إن كنتم مؤمنين
57	19	10	1	rab~i	رَبِّ	rab~	N	STEM|POS:N|LEM:rab~|ROOT:rbb|M|GEN	وَٱلَّذِينَ ءَامَنُوا۟ بِٱللَّهِ وَرُسُلِهِۦٓ أُو۟لَٰٓئِكَ هُمُ ٱلصِّدِّيقُونَ وَٱلشُّهَدَآءُ عِندَ رَبِّهِمْ لَهُمْ أَجْرُهُمْ وَنُورُهُمْ وَٱلَّذِينَ كَفَرُوا۟ وَكَذَّبُوا۟ بِـَٔايَٰتِنَآ أُو۟لَٰٓئِكَ أَصْحَٰبُ ٱلْجَحِيمِ	والذين آمنوا بالله ورسله أولئك هم الصديقون والشهداء عند ربهم لهم أجرهم ونورهم والذين كفروا وكذبوا بآياتنا أولئك أصحاب الجحيم
57	21	5	1	r~ab~i	رَّبِّ	rab~	N	STEM|POS:N|LEM:rab~|ROOT:rbb|M|GEN	سَابِقُوٓا۟ إِلَىٰ مَغْفِرَةٍ مِّن رَّبِّكُمْ وَجَنَّةٍ عَرْضُهَا كَعَرْضِ ٱلسَّمَآءِ وَٱلْأَرْضِ أُعِدَّتْ لِلَّذِينَ ءَامَنُوا۟ بِٱللَّهِ وَرُسُلِهِۦ ذَٰلِكَ فَضْلُ ٱللَّهِ يُؤْتِيهِ مَن يَشَآءُ وَٱللَّهُ ذُو ٱلْفَضْلِ ٱلْعَظِيمِ	سابقوا إلى مغفرة من ربكم وجنة عرضها كعرض السماء والأرض أعدت للذين آمنوا بالله ورسله ذلك فضل الله يؤتيه من يشاء والله ذو الفضل العظيم
59	10	6	1	rab~a	رَبَّ	rab~	N	STEM|POS:N|LEM:rab~|ROOT:rbb|M|ACC	وَٱلَّذِينَ جَآءُو مِنۢ بَعْدِهِمْ يَقُولُونَ رَبَّنَا ٱغْفِرْ لَنَا وَلِإِخْوَٰنِنَا ٱلَّذِينَ سَبَقُونَا بِٱلْإِيمَٰنِ وَلَا تَجْعَلْ فِى قُلُوبِنَا غِلًّا لِّلَّذِينَ ءَامَنُوا۟ رَبَّنَآ إِنَّكَ رَءُوفٌ رَّحِيمٌ	والذين جاءوا من بعدهم يقولون ربنا اغفر لنا ولإخواننا الذين سبقونا بالإيمان ولا تجعل في قلوبنا غلا للذين آمنوا ربنا إنك رءوف رحيم
59	10	20	1	rab~a	رَبَّ	rab~	N	STEM|POS:N|LEM:rab~|ROOT:rbb|M|ACC	وَٱلَّذِينَ جَآءُو مِنۢ بَعْدِهِمْ يَقُولُونَ رَبَّنَا ٱغْفِرْ لَنَا وَلِإِخْوَٰنِنَا ٱلَّذِينَ سَبَقُونَا بِٱلْإِيمَٰنِ وَلَا تَجْعَلْ فِى قُلُوبِنَا غِلًّا لِّلَّذِينَ ءَامَنُوا۟ رَبَّنَآ إِنَّكَ رَءُوفٌ رَّحِيمٌ	والذين جاءوا من بعدهم يقولون ربنا اغفر لنا ولإخواننا الذين سبقونا بالإيمان ولا تجعل في قلوبنا غلا للذين آمنوا ربنا إنك رءوف رحيم
59	16	16	1	rab~a	رَبَّ	rab~	N	STEM|POS:N|LEM:rab~|ROOT:rbb|M|ACC	كَمَثَلِ ٱلشَّيْطَٰنِ إِذْ قَالَ لِلْإِنسَٰنِ ٱكْفُرْ فَلَمَّا كَفَرَ قَالَ إِنِّى بَرِىٓءٌ مِّنكَ إِنِّىٓ أَخَافُ ٱللَّهَ رَبَّ ٱلْعَٰلَمِينَ	كمثل الشيطان إذ قال للإنسان اكفر فلما كفر قال إني بريء منك إني أخاف الله رب العالمين
60	1	24	1	rab~i	رَبِّ	rab~	N	STEM|POS:N|LEM:rab~|ROOT:rbb|M|GEN	بِسْمِ ٱللَّهِ ٱلرَّحْمَٰنِ ٱلرَّحِيمِ يَٰٓأَيُّهَا ٱلَّذِينَ ءَامَنُوا۟ لَا تَتَّخِذُوا۟ عَدُوِّى وَعَدُوَّكُمْ أَوْلِيَآءَ تُلْقُونَ إِلَيْهِم بِٱلْمَوَدَّةِ وَقَدْ كَفَرُوا۟ بِمَا جَآءَكُم مِّنَ ٱلْحَقِّ يُخْرِجُونَ ٱلرَّسُولَ وَإِيَّاكُمْ أَن تُؤْمِنُوا۟ بِٱللَّهِ رَبِّكُمْ إِن كُنتُمْ خَرَجْتُمْ جِهَٰدًا فِى سَبِيلِى وَٱبْتِغَآءَ مَرْضَاتِى تُسِرُّونَ إِلَيْهِم بِٱلْمَوَدَّةِ وَأَنَا۠ أَعْلَمُ بِمَآ أَخْفَيْتُمْ وَمَآ أَعْلَنتُمْ وَمَن يَفْعَلْهُ مِنكُمْ فَقَدْ ضَلَّ سَوَآءَ ٱلسَّبِيلِ	بسم الله الرحمن الرحيم يا أيها الذين آمنوا لا تتخذوا عدوي وعدوكم أولياء تلقون إليهم بالمودة وقد كفروا بما جاءكم من الحق يخرجون الرسول وإياكم أن تؤمنوا بالله ربكم إن كنتم خرجتم جهادا في سبيلي وابتغاء مرضاتي تسرون إليهم بالمودة وأنا أعلم بما أخفيتم وما أعلنتم ومن يفعله منكم فقد ضل سواء السبيل
60	4	46	1	r~ab~a	رَّبَّ	rab~	N	STEM|POS:N|LEM:rab~|ROOT:rbb|M|ACC	قَدْ كَانَتْ لَكُمْ أُسْوَةٌ حَسَنَةٌ فِىٓ إِبْرَٰهِيمَ وَٱلَّذِينَ مَعَهُۥٓ إِذْ قَالُوا۟ لِقَوْمِهِمْ إِنَّا بُرَءَٰٓؤُا۟ مِنكُمْ وَمِمَّا تَعْبُدُونَ مِن دُونِ ٱللَّهِ كَفَرْنَا بِكُمْ وَبَدَا بَيْنَنَا وَبَيْنَكُمُ ٱلْعَدَٰوَةُ وَٱلْبَغْضَآءُ أَبَدًا حَتَّىٰ تُؤْمِنُوا۟ بِٱللَّهِ وَحْدَهُۥٓ إِلَّا قَوْلَ إِبْرَٰهِيمَ لِأَبِيهِ لَأَسْتَغْفِرَنَّ لَكَ وَمَآ أَمْلِكُ لَكَ مِنَ ٱللَّهِ مِن شَىْءٍ رَّبَّنَا عَلَيْكَ تَوَكَّلْنَا وَإِلَيْكَ أَنَبْنَا وَإِلَيْكَ ٱلْمَصِيرُ	قد كانت لكم أسوة حسنة في إبراهيم والذين معه إذ قالوا لقومهم إنا برآء منكم ومما تعبدون من دون الله كفرنا بكم وبدا بيننا وبينكم العداوة والبغضاء أبدا حتى تؤمنوا بالله وحده إلا قول إبراهيم لأبيه لأستغفرن لك وما أملك لك من الله من شيء ربنا عليك توكلنا وإليك أنبنا وإليك المصير
60	5	1	1	rab~a	رَبَّ	rab~	N	STEM|POS:N|LEM:rab~|ROOT:rbb|M|ACC	رَبَّنَا لَا تَجْعَلْنَا فِتْنَةً لِّلَّذِينَ كَفَرُوا۟ وَٱغْفِرْ لَنَا رَبَّنَآ إِنَّكَ أَنتَ ٱلْعَزِيزُ ٱلْحَكِيمُ	ربنا لا تجعلنا فتنة للذين كفروا واغفر لنا ربنا إنك أنت العزيز الحكيم
60	5	9	1	rab~a	رَبَّ	rab~	N	STEM|POS:N|LEM:rab~|ROOT:rbb|M|ACC	رَبَّنَا لَا تَجْعَلْنَا فِتْنَةً لِّلَّذِينَ كَفَرُوا۟ وَٱغْفِرْ لَنَا رَبَّنَآ إِنَّكَ أَنتَ ٱلْعَزِيزُ ٱلْحَكِيمُ	ربنا لا تجعلنا فتنة للذين كفروا واغفر لنا ربنا إنك أنت العزيز الحكيم
63	10	12	1	rab~i	رَبِّ	rab~	N	STEM|POS:N|LEM:rab~|ROOT:rbb|M|ACC	وَأَنفِقُوا۟ مِن مَّا رَزَقْنَٰكُم مِّن قَبْلِ أَن يَأْتِىَ أَحَدَكُمُ ٱلْمَوْتُ فَيَقُولَ رَبِّ لَوْلَآ أَخَّرْتَنِىٓ إِلَىٰٓ أَجَلٍ قَرِيبٍ فَأَصَّدَّقَ وَأَكُن مِّنَ ٱلصَّٰلِحِينَ	وأنفقوا من ما رزقناكم من قبل أن يأتي أحدكم الموت فيقول رب لولا أخرتني إلى أجل قريب فأصدق وأكن من الصالحين
64	7	9	2	rab~i	رَبِّ	rab~	N	STEM|POS:N|LEM:rab~|ROOT:rbb|M|GEN	زَعَمَ ٱلَّذِينَ كَفَرُوٓا۟ أَن لَّن يُبْعَثُوا۟ قُلْ بَلَىٰ وَرَبِّى لَتُبْعَثُنَّ ثُمَّ لَتُنَبَّؤُنَّ بِمَا عَمِلْتُمْ وَذَٰلِكَ عَلَى ٱللَّهِ يَسِيرٌ	زعم الذين كفروا أن لن يبعثوا قل بلى وربي لتبعثن ثم لتنبؤن بما عملتم وذلك على الله يسير
65	1	12	1	rab~a	رَبَّ	rab~	N	STEM|POS:N|LEM:rab~|ROOT:rbb|M|ACC	بِسْمِ ٱللَّهِ ٱلرَّحْمَٰنِ ٱلرَّحِيمِ يَٰٓأَيُّهَا ٱلنَّبِىُّ إِذَا طَلَّقْتُمُ ٱلنِّسَآءَ فَطَلِّقُوهُنَّ لِعِدَّتِهِنَّ وَأَحْصُوا۟ ٱلْعِدَّةَ وَٱتَّقُوا۟ ٱللَّهَ رَبَّكُمْ لَا تُخْرِجُوهُنَّ مِنۢ بُيُوتِهِنَّ وَلَا يَخْرُجْنَ إِلَّآ أَن يَأْتِينَ بِفَٰحِشَةٍ مُّبَيِّنَةٍ وَتِلْكَ حُدُودُ ٱللَّهِ وَمَن يَتَعَدَّ حُدُودَ ٱللَّهِ فَقَدْ ظَلَمَ نَفْسَهُۥ لَا تَدْرِى لَعَلَّ ٱللَّهَ يُحْدِثُ بَعْدَ ذَٰلِكَ أَمْرًا	بسم الله الرحمن الرحيم يا أيها النبي إذا طلقتم النساء فطلقوهن لعدتهن وأحصوا العدة واتقوا الله ربكم لا تخرجوهن من بيوتهن ولا يخرجن إلا أن يأتين بفاحشة مبينة وتلك حدود الله ومن يتعد حدود الله فقد ظلم نفسه لا تدري لعل الله يحدث بعد ذلك أمرا
65	8	7	1	rab~i	رَبِّ	rab~	N	STEM|POS:N|LEM:rab~|ROOT:rbb|M|GEN	وَكَأَيِّن مِّن قَرْيَةٍ عَتَتْ عَنْ أَمْرِ رَبِّهَا وَرُسُلِهِۦ فَحَاسَبْنَٰهَا حِسَابًا شَدِيدًا وَعَذَّبْنَٰهَا عَذَابًا نُّكْرًا	وكأين من قرية عتت عن أمر ربها ورسله فحاسبناها حسابا شديدا وعذبناها عذابا نكرا
66	5	2	1	rab~u	رَبُّ	rab~	N	STEM|POS:N|LEM:rab~|ROOT:rbb|M|NOM	عَسَىٰ رَبُّهُۥٓ إِن طَلَّقَكُنَّ أَن يُبْدِلَهُۥٓ أَزْوَٰجًا خَيْرًا مِّنكُنَّ مُسْلِمَٰتٍ مُّؤْمِنَٰتٍ قَٰنِتَٰتٍ تَٰٓئِبَٰتٍ عَٰبِدَٰتٍ سَٰٓئِحَٰتٍ ثَيِّبَٰتٍ وَأَبْكَارًا	عسى ربه إن طلقكن أن يبدله أزواجا خيرا منكن مسلمات مؤمنات قانتات تائبات عابدات سائحات ثيبات وأبكارا
66	8	10	1	rab~u	رَبُّ	rab~	N	STEM|POS:N|LEM:rab~|ROOT:rbb|M|NOM	يَٰٓأَيُّهَا ٱلَّذِينَ ءَامَنُوا۟ تُوبُوٓا۟ إِلَى ٱللَّهِ تَوْبَةً نَّصُوحًا عَسَىٰ رَبُّكُمْ أَن يُكَفِّرَ عَنكُمْ سَيِّـَٔاتِكُمْ وَيُدْخِلَكُمْ جَنَّٰتٍ تَجْرِى مِن تَحْتِهَا ٱلْأَنْهَٰرُ يَوْمَ لَا يُخْزِى ٱللَّهُ ٱلنَّبِىَّ وَٱلَّذِينَ ءَامَنُوا۟ مَعَهُۥ نُورُهُمْ يَسْعَىٰ بَيْنَ أَيْدِيهِمْ وَبِأَيْمَٰنِهِمْ يَقُولُونَ رَبَّنَآ أَتْمِمْ لَنَا نُورَنَا وَٱغْفِرْ لَنَآ إِنَّكَ عَلَىٰ كُلِّ شَىْءٍ قَدِيرٌ	يا أيها الذين آمنوا توبوا إلى الله توبة نصوحا عسى ربكم أن يكفر عنكم سيئاتكم ويدخلكم جنات تجري من تحتها الأنهار يوم لا يخزي الله النبي والذين آمنوا معه نورهم يسعى بين أيديهم وبأيمانهم يقولون ربنا أتمم لنا نورنا واغفر لنا إنك على كل شيء قدير
66	8	35	1	rab~a	رَبَّ	rab~	N	STEM|POS:N|LEM:rab~|ROOT:rbb|M|ACC	يَٰٓأَيُّهَا ٱلَّذِينَ ءَامَنُوا۟ تُوبُوٓا۟ إِلَى ٱللَّهِ تَوْبَةً نَّصُوحًا عَسَىٰ رَبُّكُمْ أَن يُكَفِّرَ عَنكُمْ سَيِّـَٔاتِكُمْ وَيُدْخِلَكُمْ جَنَّٰتٍ تَجْرِى مِن تَحْتِهَا ٱلْأَنْهَٰرُ يَوْمَ لَا يُخْزِى ٱللَّهُ ٱلنَّبِىَّ وَٱلَّذِينَ ءَامَنُوا۟ مَعَهُۥ نُورُهُمْ يَسْعَىٰ بَيْنَ أَيْدِيهِمْ وَبِأَيْمَٰنِهِمْ يَقُولُونَ رَبَّنَآ أَتْمِمْ لَنَا نُورَنَا وَٱغْفِرْ لَنَآ إِنَّكَ عَلَىٰ كُلِّ شَىْءٍ قَدِيرٌ	يا أيها الذين آمنوا توبوا إلى الله توبة نصوحا عسى ربكم أن يكفر عنكم سيئاتكم ويدخلكم جنات تجري من تحتها الأنهار يوم لا يخزي الله النبي والذين آمنوا معه نورهم يسعى بين أيديهم وبأيمانهم يقولون ربنا أتمم لنا نورنا واغفر لنا إنك على كل شيء قدير
66	11	10	1	rab~i	رَبِّ	rab~	N	STEM|POS:N|LEM:rab~|ROOT:rbb|M|ACC	وَضَرَبَ ٱللَّهُ مَثَلًا لِّلَّذِينَ ءَامَنُوا۟ ٱمْرَأَتَ فِرْعَوْنَ إِذْ قَالَتْ رَبِّ ٱبْنِ لِى عِندَكَ بَيْتًا فِى ٱلْجَنَّةِ وَنَجِّنِى مِن فِرْعَوْنَ وَعَمَلِهِۦ وَنَجِّنِى مِنَ ٱلْقَوْمِ ٱلظَّٰلِمِينَ	وضرب الله مثلا للذين آمنوا امرأت فرعون إذ قالت رب ابن لي عندك بيتا في الجنة ونجني من فرعون وعمله ونجني من القوم الظالمين
66	12	13	1	rab~i	رَبِّ	rab~	N	STEM|POS:N|LEM:rab~|ROOT:rbb|M|GEN	وَمَرْيَمَ ٱبْنَتَ عِمْرَٰنَ ٱلَّتِىٓ أَحْصَنَتْ فَرْجَهَا فَنَفَخْنَا فِيهِ مِن رُّوحِنَا وَصَدَّقَتْ بِكَلِمَٰتِ رَبِّهَا وَكُتُبِهِۦ وَكَانَتْ مِنَ ٱلْقَٰنِتِينَ	ومريم ابنت عمران التي أحصنت فرجها فنفخنا فيه من روحنا وصدقت بكلمات ربها وكتبه وكانت من القانتين
67	6	3	2	rab~i	رَبِّ	rab~	N	STEM|POS:N|LEM:rab~|ROOT:rbb|M|GEN	وَلِلَّذِينَ كَفَرُوا۟ بِرَبِّهِمْ عَذَابُ جَهَنَّمَ وَبِئْسَ ٱلْمَصِيرُ	وللذين كفروا بربهم عذاب جهنم وبئس المصير
67	12	4	1	rab~a	رَبَّ	rab~	N	STEM|POS:N|LEM:rab~|ROOT:rbb|M|ACC	إِنَّ ٱلَّذِينَ يَخْشَوْنَ رَبَّهُم بِٱلْغَيْبِ لَهُم مَّغْفِرَةٌ وَأَجْرٌ كَبِيرٌ	إن الذين يخشون ربهم بالغيب لهم مغفرة وأجر كبير
68	2	4	1	rab~i	رَبِّ	rab~	N	STEM|POS:N|LEM:rab~|ROOT:rbb|M|GEN	مَآ أَنتَ بِنِعْمَةِ رَبِّكَ بِمَجْنُونٍ	ما أنت بنعمة ربك بمجنون
68	7	2	1	rab~a	رَبَّ	rab~	N	STEM|POS:N|LEM:rab~|ROOT:rbb|M|ACC	إِنَّ رَبَّكَ هُوَ أَعْلَمُ بِمَن ضَلَّ عَن سَبِيلِهِۦ وَهُوَ أَعْلَمُ بِٱلْمُهْتَدِينَ	إن ربك هو أعلم بمن ضل عن سبيله وهو أعلم بالمهتدين
68	19	5	1	r~ab~i	رَّبِّ	rab~	N	STEM|POS:N|LEM:rab~|ROOT:rbb|M|GEN	فَطَافَ عَلَيْهَا طَآئِفٌ مِّن رَّبِّكَ وَهُمْ نَآئِمُونَ	فطاف عليها طائف من ربك وهم نائمون
68	29	3	1	rab~i	رَبِّ	rab~	N	STEM|POS:N|LEM:rab~|ROOT:rbb|M|GEN	قَالُوا۟ سُبْحَٰنَ رَبِّنَآ إِنَّا كُنَّا ظَٰلِمِينَ	قالوا سبحان ربنا إنا كنا ظالمين
68	32	2	1	rab~u	رَبُّ	rab~	N	STEM|POS:N|LEM:rab~|ROOT:rbb|M|NOM	عَسَىٰ رَبُّنَآ أَن يُبْدِلَنَا خَيْرًا مِّنْهَآ إِنَّآ إِلَىٰ رَبِّنَا رَٰغِبُونَ	عسى ربنا أن يبدلنا خيرا منها إنا إلى ربنا راغبون
68	32	9	1	rab~i	رَبِّ	rab~	N	STEM|POS:N|LEM:rab~|ROOT:rbb|M|GEN	عَسَىٰ رَبُّنَآ أَن يُبْدِلَنَا خَيْرًا مِّنْهَآ إِنَّآ إِلَىٰ رَبِّنَا رَٰغِبُونَ	عسى ربنا أن يبدلنا خيرا منها إنا إلى ربنا راغبون
68	34	4	1	rab~i	رَبِّ	rab~	N	STEM|POS:N|LEM:rab~|ROOT:rbb|M|GEN	إِنَّ لِلْمُتَّقِينَ عِندَ رَبِّهِمْ جَنَّٰتِ ٱلنَّعِيمِ	إن للمتقين عند ربهم جنات النعيم
68	48	3	1	rab~i	رَبِّ	rab~	N	STEM|POS:N|LEM:rab~|ROOT:rbb|M|GEN	فَٱصْبِرْ لِحُكْمِ رَبِّكَ وَلَا تَكُن كَصَاحِبِ ٱلْحُوتِ إِذْ نَادَىٰ وَهُوَ مَكْظُومٌ	فاصبر لحكم ربك ولا تكن كصاحب الحوت إذ نادى وهو مكظوم
68	49	6	1	r~ab~i	رَّبِّ	rab~	N	STEM|POS:N|LEM:rab~|ROOT:rbb|M|GEN	لَّوْلَآ أَن تَدَٰرَكَهُۥ نِعْمَةٌ مِّن رَّبِّهِۦ لَنُبِذَ بِٱلْعَرَآءِ وَهُوَ مَذْمُومٌ	لولا أن تداركه نعمة من ربه لنبذ بالعراء وهو مذموم
68	50	2	1	rab~u	رَبُّ	rab~	N	STEM|POS:N|LEM:rab~|ROOT:rbb|M|NOM	فَٱجْتَبَٰهُ رَبُّهُۥ فَجَعَلَهُۥ مِنَ ٱلصَّٰلِحِينَ	فاجتباه ربه فجعله من الصالحين
69	10	3	1	rab~i	رَبِّ	rab~	N	STEM|POS:N|LEM:rab~|ROOT:rbb|M|GEN	فَعَصَوْا۟ رَسُولَ رَبِّهِمْ فَأَخَذَهُمْ أَخْذَةً رَّابِيَةً	فعصوا رسول ربهم فأخذهم أخذة رابية
69	17	6	1	rab~i	رَبِّ	rab~	N	STEM|POS:N|LEM:rab~|ROOT:rbb|M|GEN	وَٱلْمَلَكُ عَلَىٰٓ أَرْجَآئِهَا وَيَحْمِلُ عَرْشَ رَبِّكَ فَوْقَهُمْ يَوْمَئِذٍ ثَمَٰنِيَةٌ	والملك على أرجائها ويحمل عرش ربك فوقهم يومئذ ثمانية
69	43	3	1	r~ab~i	رَّبِّ	rab~	N	STEM|POS:N|LEM:rab~|ROOT:rbb|M|GEN	تَنزِيلٌ مِّن رَّبِّ ٱلْعَٰلَمِينَ	تنزيل من رب العالمين
69	52	3	1	rab~i	رَبِّ	rab~	N	STEM|POS:N|LEM:rab~|ROOT:rbb|M|GEN	فَسَبِّحْ بِٱسْمِ رَبِّكَ ٱلْعَظِيمِ	فسبح باسم ربك العظيم
70	27	5	1	rab~i	رَبِّ	rab~	N	STEM|POS:N|LEM:rab~|ROOT:rbb|M|GEN	وَٱلَّذِينَ هُم مِّنْ عَذَابِ رَبِّهِم مُّشْفِقُونَ	والذين هم من عذاب ربهم مشفقون
70	28	3	1	rab~i	رَبِّ	rab~	N	STEM|POS:N|LEM:rab~|ROOT:rbb|M|GEN	إِنَّ عَذَابَ رَبِّهِمْ غَيْرُ مَأْمُونٍ	إن عذاب ربهم غير مأمون
70	40	3	2	rab~i	رَبِّ	rab~	N	STEM|POS:N|LEM:rab~|ROOT:rbb|M|GEN	فَلَآ أُقْسِمُ بِرَبِّ ٱلْمَشَٰرِقِ وَٱلْمَغَٰرِبِ إِنَّا لَقَٰدِرُونَ	فلا أقسم برب المشارق والمغارب إنا لقادرون
71	5	2	1	rab~i	رَبِّ	rab~	N	STEM|POS:N|LEM:rab~|ROOT:rbb|M|ACC	قَالَ رَبِّ إِنِّى دَعَوْتُ قَوْمِى لَيْلًا وَنَهَارًا	قال رب إني دعوت قومي ليلا ونهارا
71	10	3	1	rab~a	رَبَّ	rab~	N	STEM|POS:N|LEM:rab~|ROOT:rbb|M|ACC	فَقُلْتُ ٱسْتَغْفِرُوا۟ رَبَّكُمْ إِنَّهُۥ كَانَ غَفَّارًا	فقلت استغفروا ربكم إنه كان غفارا
71	21	3	1	r~ab~i	رَّبِّ	rab~	N	STEM|POS:N|LEM:rab~|ROOT:rbb|M|ACC	قَالَ نُوحٌ رَّبِّ إِنَّهُمْ عَصَوْنِى وَٱتَّبَعُوا۟ مَن لَّمْ يَزِدْهُ مَالُهُۥ وَوَلَدُهُۥٓ إِلَّا خَسَارًا	قال نوح رب إنهم عصوني واتبعوا من لم يزده ماله وولده إلا خسارا
71	26	3	1	r~ab~i	رَّبِّ	rab~	N	STEM|POS:N|LEM:rab~|ROOT:rbb|M|ACC	وَقَالَ نُوحٌ رَّبِّ لَا تَذَرْ عَلَى ٱلْأَرْضِ مِنَ ٱلْكَٰفِرِينَ دَيَّارًا	وقال نوح رب لا تذر على الأرض من الكافرين ديارا
71	28	1	1	r~ab~i	رَّبِّ	rab~	N	STEM|POS:N|LEM:rab~|ROOT:rbb|M|ACC	رَّبِّ ٱغْفِرْ لِى وَلِوَٰلِدَىَّ وَلِمَن دَخَلَ بَيْتِىَ مُؤْمِنًا وَلِلْمُؤْمِنِينَ وَٱلْمُؤْمِنَٰتِ وَلَا تَزِدِ ٱلظَّٰلِمِينَ إِلَّا تَبَارًۢا	رب اغفر لي ولوالدي ولمن دخل بيتي مؤمنا وللمؤمنين والمؤمنات ولا تزد الظالمين إلا تبارا
72	2	8	2	rab~i	رَبِّ	rab~	N	STEM|POS:N|LEM:rab~|ROOT:rbb|M|GEN	يَهْدِىٓ إِلَى ٱلرُّشْدِ فَـَٔامَنَّا بِهِۦ وَلَن نُّشْرِكَ بِرَبِّنَآ أَحَدًا	يهدي إلى الرشد فآمنا به ولن نشرك بربنا أحدا
72	3	4	1	rab~i	رَبِّ	rab~	N	STEM|POS:N|LEM:rab~|ROOT:rbb|M|GEN	وَأَنَّهُۥ تَعَٰلَىٰ جَدُّ رَبِّنَا مَا ٱتَّخَذَ صَٰحِبَةً وَلَا وَلَدًا	وأنه تعالى جد ربنا ما اتخذ صاحبة ولا ولدا
72	10	12	1	rab~u	رَبُّ	rab~	N	STEM|POS:N|LEM:rab~|ROOT:rbb|M|NOM	وَأَنَّا لَا نَدْرِىٓ أَشَرٌّ أُرِيدَ بِمَن فِى ٱلْأَرْضِ أَمْ أَرَادَ بِهِمْ رَبُّهُمْ رَشَدًا	وأنا لا ندري أشر أريد بمن في الأرض أم أراد بهم ربهم رشدا
72	13	9	2	rab~i	رَبِّ	rab~	N	STEM|POS:N|LEM:rab~|ROOT:rbb|M|GEN	وَأَنَّا لَمَّا سَمِعْنَا ٱلْهُدَىٰٓ ءَامَنَّا بِهِۦ فَمَن يُؤْمِنۢ بِرَبِّهِۦ فَلَا يَخَافُ بَخْسًا وَلَا رَهَقًا	وأنا لما سمعنا الهدى آمنا به فمن يؤمن بربه فلا يخاف بخسا ولا رهقا
72	17	7	1	rab~i	رَبِّ	rab~	N	STEM|POS:N|LEM:rab~|ROOT:rbb|M|GEN	لِّنَفْتِنَهُمْ فِيهِ وَمَن يُعْرِضْ عَن ذِكْرِ رَبِّهِۦ يَسْلُكْهُ عَذَابًا صَعَدًا	لنفتنهم فيه ومن يعرض عن ذكر ربه يسلكه عذابا صعدا
72	20	4	1	rab~i	رَبِّ	rab~	N	STEM|POS:N|LEM:rab~|ROOT:rbb|M|ACC	قُلْ إِنَّمَآ أَدْعُوا۟ رَبِّى وَلَآ أُشْرِكُ بِهِۦٓ أَحَدًا	قل إنما أدعو ربي ولا أشرك به أحدا
72	25	10	1	rab~i	رَبِّ	rab~	N	STEM|POS:N|LEM:rab~|ROOT:rbb|M|NOM	قُلْ إِنْ أَدْرِىٓ أَقَرِيبٌ مَّا تُوعَدُونَ أَمْ يَجْعَلُ لَهُۥ رَبِّىٓ أَمَدًا	قل إن أدري أقريب ما توعدون أم يجعل له ربي أمدا
72	28	6	1	rab~i	رَبِّ	rab~	N	STEM|POS:N|LEM:rab~|ROOT:rbb|M|GEN	لِّيَعْلَمَ أَن قَدْ أَبْلَغُوا۟ رِسَٰلَٰتِ رَبِّهِمْ وَأَحَاطَ بِمَا لَدَيْهِمْ وَأَحْصَىٰ كُلَّ شَىْءٍ عَدَدًۢا	ليعلم أن قد أبلغوا رسالات ربهم وأحاط بما لديهم وأحصى كل شيء عددا
73	8	3	1	rab~i	رَبِّ	rab~	N	STEM|POS:N|LEM:rab~|ROOT:rbb|M|GEN	وَٱذْكُرِ ٱسْمَ رَبِّكَ وَتَبَتَّلْ إِلَيْهِ تَبْتِيلًا	واذكر اسم ربك وتبتل إليه تبتيلا
73	9	1	1	r~ab~u	رَّبُّ	rab~	N	STEM|POS:N|LEM:rab~|ROOT:rbb|M|NOM	رَّبُّ ٱلْمَشْرِقِ وَٱلْمَغْرِبِ لَآ إِلَٰهَ إِلَّا هُوَ فَٱتَّخِذْهُ وَكِيلًا	رب المشرق والمغرب لا إله إلا هو فاتخذه وكيلا
73	19	8	1	rab~i	رَبِّ	rab~	N	STEM|POS:N|LEM:rab~|ROOT:rbb|M|GEN	إِنَّ هَٰذِهِۦ تَذْكِرَةٌ فَمَن شَآءَ ٱتَّخَذَ إِلَىٰ رَبِّهِۦ سَبِيلًا	إن هذه تذكرة فمن شاء اتخذ إلى ربه سبيلا
73	20	2	1	rab~a	رَبَّ	rab~	N	STEM|POS:N|LEM:rab~|ROOT:rbb|M|ACC	إِنَّ رَبَّكَ يَعْلَمُ أَنَّكَ تَقُومُ أَدْنَىٰ مِن ثُلُثَىِ ٱلَّيْلِ وَنِصْفَهُۥ وَثُلُثَهُۥ وَطَآئِفَةٌ مِّنَ ٱلَّذِينَ مَعَكَ وَٱللَّهُ يُقَدِّرُ ٱلَّيْلَ وَٱلنَّهَارَ عَلِمَ أَن لَّن تُحْصُوهُ فَتَابَ عَلَيْكُمْ فَٱقْرَءُوا۟ مَا تَيَسَّرَ مِنَ ٱلْقُرْءَانِ عَلِمَ أَن سَيَكُونُ مِنكُم مَّرْضَىٰ وَءَاخَرُونَ يَضْرِبُونَ فِى ٱلْأَرْضِ يَبْتَغُونَ مِن فَضْلِ ٱللَّهِ وَءَاخَرُونَ يُقَٰتِلُونَ فِى سَبِيلِ ٱللَّهِ فَٱقْرَءُوا۟ مَا تَيَسَّرَ مِنْهُ وَأَقِيمُوا۟ ٱلصَّلَوٰةَ وَءَاتُوا۟ ٱلزَّكَوٰةَ وَأَقْرِضُوا۟ ٱللَّهَ قَرْضًا حَسَنًا وَمَا تُقَدِّمُوا۟ لِأَنفُسِكُم مِّنْ خَيْرٍ تَجِدُوهُ عِندَ ٱللَّهِ هُوَ خَيْرًا وَأَعْظَمَ أَجْرًا وَٱسْتَغْفِرُوا۟ ٱللَّهَ إِنَّ ٱللَّهَ غَفُورٌ رَّحِيمٌۢ	إن ربك يعلم أنك تقوم أدنى من ثلثي الليل ونصفه وثلثه وطائفة من الذين معك والله يقدر الليل والنهار علم أن لن تحصوه فتاب عليكم فاقرءوا ما تيسر من القرآن علم أن سيكون منكم مرضى وآخرون يضربون في الأرض يبتغون من فضل الله وآخرون يقاتلون في سبيل الله فاقرءوا ما تيسر منه وأقيموا الصلاة وآتوا الزكاة وأقرضوا الله قرضا حسنا وما تقدموا لأنفسكم من خير تجدوه عند الله هو خيرا وأعظم أجرا واستغفروا الله إن الله غفور رحيم
74	3	1	2	rab~a	رَبَّ	rab~	N	STEM|POS:N|LEM:rab~|ROOT:rbb|M|ACC	وَرَبَّكَ فَكَبِّرْ	وربك فكبر
74	7	1	3	rab~i	رَبِّ	rab~	N	STEM|POS:N|LEM:rab~|ROOT:rbb|M|GEN	وَلِرَبِّكَ فَٱصْبِرْ	ولربك فاصبر
74	31	50	1	rab~i	رَبِّ	rab~	N	STEM|POS:N|LEM:rab~|ROOT:rbb|M|GEN	وَمَا جَعَلْنَآ أَصْحَٰبَ ٱلنَّارِ إِلَّا مَلَٰٓئِكَةً وَمَا جَعَلْنَا عِدَّتَهُمْ إِلَّا فِتْنَةً لِّلَّذِينَ كَفَرُوا۟ لِيَسْتَيْقِنَ ٱلَّذِينَ أُوتُوا۟ ٱلْكِتَٰبَ وَيَزْدَادَ ٱلَّذِينَ ءَامَنُوٓا۟ إِيمَٰنًا وَلَا يَرْتَابَ ٱلَّذِينَ أُوتُوا۟ ٱلْكِتَٰبَ وَٱلْمُؤْمِنُونَ وَلِيَقُولَ ٱلَّذِينَ فِى قُلُوبِهِم مَّرَضٌ وَٱلْكَٰفِرُونَ مَاذَآ أَرَادَ ٱللَّهُ بِهَٰذَا مَثَلًا كَذَٰلِكَ يُضِلُّ ٱللَّهُ مَن يَشَآءُ وَيَهْدِى مَن يَشَآءُ وَمَا يَعْلَمُ جُنُودَ رَبِّكَ إِلَّا هُوَ وَمَا هِىَ إِلَّا ذِكْرَىٰ لِلْبَشَرِ	وما جعلنا أصحاب النار إلا ملائكة وما جعلنا عدتهم إلا فتنة للذين كفروا ليستيقن الذين أوتوا الكتاب ويزداد الذين آمنوا إيمانا ولا يرتاب الذين أوتوا الكتاب والمؤمنون وليقول الذين في قلوبهم مرض والكافرون ماذا أراد الله بهذا مثلا كذلك يضل الله من يشاء ويهدي من يشاء وما يعلم جنود ربك إلا هو وما هي إلا ذكرى للبشر
75	12	2	1	rab~i	رَبِّ	rab~	N	STEM|POS:N|LEM:rab~|ROOT:rbb|M|GEN	إِلَىٰ رَبِّكَ يَوْمَئِذٍ ٱلْمُسْتَقَرُّ	إلى ربك يومئذ المستقر
75	23	2	1	rab~i	رَبِّ	rab~	N	STEM|POS:N|LEM:rab~|ROOT:rbb|M|GEN	إِلَىٰ رَبِّهَا نَاظِرَةٌ	إلى ربها ناظرة
75	30	2	1	rab~i	رَبِّ	rab~	N	STEM|POS:N|LEM:rab~|ROOT:rbb|M|GEN	إِلَىٰ رَبِّكَ يَوْمَئِذٍ ٱلْمَسَاقُ	إلى ربك يومئذ المساق
76	10	4	1	r~ab~i	رَّبِّ	rab~	N	STEM|POS:N|LEM:rab~|ROOT:rbb|M|GEN	إِنَّا نَخَافُ مِن رَّبِّنَا يَوْمًا عَبُوسًا قَمْطَرِيرًا	إنا نخاف من ربنا يوما عبوسا قمطريرا
76	21	11	1	rab~u	رَبُّ	rab~	N	STEM|POS:N|LEM:rab~|ROOT:rbb|M|NOM	عَٰلِيَهُمْ ثِيَابُ سُندُسٍ خُضْرٌ وَإِسْتَبْرَقٌ وَحُلُّوٓا۟ أَسَاوِرَ مِن فِضَّةٍ وَسَقَىٰهُمْ رَبُّهُمْ شَرَابًا طَهُورًا	عاليهم ثياب سندس خضر وإستبرق وحلوا أساور من فضة وسقاهم ربهم شرابا طهورا
76	24	3	1	rab~i	رَبِّ	rab~	N	STEM|POS:N|LEM:rab~|ROOT:rbb|M|GEN	فَٱصْبِرْ لِحُكْمِ رَبِّكَ وَلَا تُطِعْ مِنْهُمْ ءَاثِمًا أَوْ كَفُورًا	فاصبر لحكم ربك ولا تطع منهم آثما أو كفورا
76	25	3	1	rab~i	رَبِّ	rab~	N	STEM|POS:N|LEM:rab~|ROOT:rbb|M|GEN	وَٱذْكُرِ ٱسْمَ رَبِّكَ بُكْرَةً وَأَصِيلًا	واذكر اسم ربك بكرة وأصيلا
76	29	8	1	rab~i	رَبِّ	rab~	N	STEM|POS:N|LEM:rab~|ROOT:rbb|M|GEN	إِنَّ هَٰذِهِۦ تَذْكِرَةٌ فَمَن شَآءَ ٱتَّخَذَ إِلَىٰ رَبِّهِۦ سَبِيلًا	إن هذه تذكرة فمن شاء اتخذ إلى ربه سبيلا
78	36	3	1	r~ab~i	رَّبِّ	rab~	N	STEM|POS:N|LEM:rab~|ROOT:rbb|M|GEN	جَزَآءً مِّن رَّبِّكَ عَطَآءً حِسَابًا	جزاء من ربك عطاء حسابا
78	37	1	1	r~ab~i	رَّبِّ	rab~	N	STEM|POS:N|LEM:rab~|ROOT:rbb|M|GEN	رَّبِّ ٱلسَّمَٰوَٰتِ وَٱلْأَرْضِ وَمَا بَيْنَهُمَا ٱلرَّحْمَٰنِ لَا يَمْلِكُونَ مِنْهُ خِطَابًا	رب السماوات والأرض وما بينهما الرحمن لا يملكون منه خطابا
78	39	8	1	rab~i	رَبِّ	rab~	N	STEM|POS:N|LEM:rab~|ROOT:rbb|M|GEN	ذَٰلِكَ ٱلْيَوْمُ ٱلْحَقُّ فَمَن شَآءَ ٱتَّخَذَ إِلَىٰ رَبِّهِۦ مَـَٔابًا	ذلك اليوم الحق فمن شاء اتخذ إلى ربه مآبا
79	16	3	1	rab~u	رَبُّ	rab~	N	STEM|POS:N|LEM:rab~|ROOT:rbb|M|NOM	إِذْ نَادَىٰهُ رَبُّهُۥ بِٱلْوَادِ ٱلْمُقَدَّسِ طُوًى	إذ ناداه ربه بالواد المقدس طوى
79	19	3	1	rab~i	رَبِّ	rab~	N	STEM|POS:N|LEM:rab~|ROOT:rbb|M|GEN	وَأَهْدِيَكَ إِلَىٰ رَبِّكَ فَتَخْشَىٰ	وأهديك إلى ربك فتخشى
79	24	3	1	rab~u	رَبُّ	rab~	N	STEM|POS:N|LEM:rab~|ROOT:rbb|M|NOM	فَقَالَ أَنَا۠ رَبُّكُمُ ٱلْأَعْلَىٰ	فقال أنا ربكم الأعلى
79	40	5	1	rab~i	رَبِّ	rab~	N	STEM|POS:N|LEM:rab~|ROOT:rbb|M|GEN	وَأَمَّا مَنْ خَافَ مَقَامَ رَبِّهِۦ وَنَهَى ٱلنَّفْسَ عَنِ ٱلْهَوَىٰ	وأما من خاف مقام ربه ونهى النفس عن الهوى
79	44	2	1	rab~i	رَبِّ	rab~	N	STEM|POS:N|LEM:rab~|ROOT:rbb|M|GEN	إِلَىٰ رَبِّكَ مُنتَهَىٰهَآ	إلى ربك منتهاها
81	29	7	1	rab~u	رَبُّ	rab~	N	STEM|POS:N|LEM:rab~|ROOT:rbb|M|NOM	وَمَا تَشَآءُونَ إِلَّآ أَن يَشَآءَ ٱللَّهُ رَبُّ ٱلْعَٰلَمِينَ	وما تشاءون إلا أن يشاء الله رب العالمين
82	6	5	2	rab~i	رَبِّ	rab~	N	STEM|POS:N|LEM:rab~|ROOT:rbb|M|GEN	يَٰٓأَيُّهَا ٱلْإِنسَٰنُ مَا غَرَّكَ بِرَبِّكَ ٱلْكَرِيمِ	يا أيها الإنسان ما غرك بربك الكريم
83	6	4	2	rab~i	رَبِّ	rab~	N	STEM|POS:N|LEM:rab~|ROOT:rbb|M|GEN	يَوْمَ يَقُومُ ٱلنَّاسُ لِرَبِّ ٱلْعَٰلَمِينَ	يوم يقوم الناس لرب العالمين
83	15	4	1	r~ab~i	رَّبِّ	rab~	N	STEM|POS:N|LEM:rab~|ROOT:rbb|M|GEN	كَلَّآ إِنَّهُمْ عَن رَّبِّهِمْ يَوْمَئِذٍ لَّمَحْجُوبُونَ	كلا إنهم عن ربهم يومئذ لمحجوبون
84	2	2	2	rab~i	رَبِّ	rab~	N	STEM|POS:N|LEM:rab~|ROOT:rbb|M|GEN	وَأَذِنَتْ لِرَبِّهَا وَحُقَّتْ	وأذنت لربها وحقت
84	5	2	2	rab~i	رَبِّ	rab~	N	STEM|POS:N|LEM:rab~|ROOT:rbb|M|GEN	وَأَذِنَتْ لِرَبِّهَا وَحُقَّتْ	وأذنت لربها وحقت
84	6	6	1	rab~i	رَبِّ	rab~	N	STEM|POS:N|LEM:rab~|ROOT:rbb|M|GEN	يَٰٓأَيُّهَا ٱلْإِنسَٰنُ إِنَّكَ كَادِحٌ إِلَىٰ رَبِّكَ كَدْحًا فَمُلَٰقِيهِ	يا أيها الإنسان إنك كادح إلى ربك كدحا فملاقيه
84	15	3	1	rab~a	رَبَّ	rab~	N	STEM|POS:N|LEM:rab~|ROOT:rbb|M|ACC	بَلَىٰٓ إِنَّ رَبَّهُۥ كَانَ بِهِۦ بَصِيرًا	بلى إن ربه كان به بصيرا
85	12	3	1	rab~i	رَبِّ	rab~	N	STEM|POS:N|LEM:rab~|ROOT:rbb|M|GEN	إِنَّ بَطْشَ رَبِّكَ لَشَدِيدٌ	إن بطش ربك لشديد
87	1	3	1	rab~i	رَبِّ	rab~	N	STEM|POS:N|LEM:rab~|ROOT:rbb|M|GEN	بِسْمِ ٱللَّهِ ٱلرَّحْمَٰنِ ٱلرَّحِيمِ سَبِّحِ ٱسْمَ رَبِّكَ ٱلْأَعْلَى	بسم الله الرحمن الرحيم سبح اسم ربك الأعلى
87	15	3	1	rab~i	رَبِّ	rab~	N	STEM|POS:N|LEM:rab~|ROOT:rbb|M|GEN	وَذَكَرَ ٱسْمَ رَبِّهِۦ فَصَلَّىٰ	وذكر اسم ربه فصلى
89	6	5	1	rab~u	رَبُّ	rab~	N	STEM|POS:N|LEM:rab~|ROOT:rbb|M|NOM	أَلَمْ تَرَ كَيْفَ فَعَلَ رَبُّكَ بِعَادٍ	ألم تر كيف فعل ربك بعاد
89	13	3	1	rab~u	رَبُّ	rab~	N	STEM|POS:N|LEM:rab~|ROOT:rbb|M|NOM	فَصَبَّ عَلَيْهِمْ رَبُّكَ سَوْطَ عَذَابٍ	فصب عليهم ربك سوط عذاب
89	14	2	1	rab~a	رَبَّ	rab~	N	STEM|POS:N|LEM:rab~|ROOT:rbb|M|ACC	إِنَّ رَبَّكَ لَبِٱلْمِرْصَادِ	إن ربك لبالمرصاد
89	15	6	1	rab~u	رَبُّ	rab~	N	STEM|POS:N|LEM:rab~|ROOT:rbb|M|NOM	فَأَمَّا ٱلْإِنسَٰنُ إِذَا مَا ٱبْتَلَىٰهُ رَبُّهُۥ فَأَكْرَمَهُۥ وَنَعَّمَهُۥ فَيَقُولُ رَبِّىٓ أَكْرَمَنِ	فأما الإنسان إذا ما ابتلاه ربه فأكرمه ونعمه فيقول ربي أكرمن
89	15	10	1	rab~i	رَبِّ	rab~	N	STEM|POS:N|LEM:rab~|ROOT:rbb|M|NOM	فَأَمَّا ٱلْإِنسَٰنُ إِذَا مَا ٱبْتَلَىٰهُ رَبُّهُۥ فَأَكْرَمَهُۥ وَنَعَّمَهُۥ فَيَقُولُ رَبِّىٓ أَكْرَمَنِ	فأما الإنسان إذا ما ابتلاه ربه فأكرمه ونعمه فيقول ربي أكرمن
89	16	9	1	rab~i	رَبِّ	rab~	N	STEM|POS:N|LEM:rab~|ROOT:rbb|M|NOM	وَأَمَّآ إِذَا مَا ٱبْتَلَىٰهُ فَقَدَرَ عَلَيْهِ رِزْقَهُۥ فَيَقُولُ رَبِّىٓ أَهَٰنَنِ	وأما إذا ما ابتلاه فقدر عليه رزقه فيقول ربي أهانن
89	22	2	1	rab~u	رَبُّ	rab~	N	STEM|POS:N|LEM:rab~|ROOT:rbb|M|NOM	وَجَآءَ رَبُّكَ وَٱلْمَلَكُ صَفًّا صَفًّا	وجاء ربك والملك صفا صفا
89	28	3	1	rab~i	رَبِّ	rab~	N	STEM|POS:N|LEM:rab~|ROOT:rbb|M|GEN	ٱرْجِعِىٓ إِلَىٰ رَبِّكِ رَاضِيَةً مَّرْضِيَّةً	ارجعي إلى ربك راضية مرضية
91	14	5	1	rab~u	رَبُّ	rab~	N	STEM|POS:N|LEM:rab~|ROOT:rbb|M|NOM	فَكَذَّبُوهُ فَعَقَرُوهَا فَدَمْدَمَ عَلَيْهِمْ رَبُّهُم بِذَنۢبِهِمْ فَسَوَّىٰهَا	فكذبوه فعقروها فدمدم عليهم ربهم بذنبهم فسواها
92	20	4	1	rab~i	رَبِّ	rab~	N	STEM|POS:N|LEM:rab~|ROOT:rbb|M|GEN	إِلَّا ٱبْتِغَآءَ وَجْهِ رَبِّهِ ٱلْأَعْلَىٰ	إلا ابتغاء وجه ربه الأعلى
93	3	3	1	rab~u	رَبُّ	rab~	N	STEM|POS:N|LEM:rab~|ROOT:rbb|M|NOM	مَا وَدَّعَكَ رَبُّكَ وَمَا قَلَىٰ	ما ودعك ربك وما قلى
93	5	3	1	rab~u	رَبُّ	rab~	N	STEM|POS:N|LEM:rab~|ROOT:rbb|M|NOM	وَلَسَوْفَ يُعْطِيكَ رَبُّكَ فَتَرْضَىٰٓ	ولسوف يعطيك ربك فترضى
93	11	3	1	rab~i	رَبِّ	rab~	N	STEM|POS:N|LEM:rab~|ROOT:rbb|M|GEN	وَأَمَّا بِنِعْمَةِ رَبِّكَ فَحَدِّثْ	وأما بنعمة ربك فحدث
94	8	2	1	rab~i	رَبِّ	rab~	N	STEM|POS:N|LEM:rab~|ROOT:rbb|M|GEN	وَإِلَىٰ رَبِّكَ فَٱرْغَب	وإلى ربك فارغب
96	1	3	1	rab~i	رَبِّ	rab~	N	STEM|POS:N|LEM:rab~|ROOT:rbb|M|GEN	بِسْمِ ٱللَّهِ ٱلرَّحْمَٰنِ ٱلرَّحِيمِ ٱقْرَأْ بِٱسْمِ رَبِّكَ ٱلَّذِى خَلَقَ	بسم الله الرحمن الرحيم اقرأ باسم ربك الذي خلق
96	3	2	2	rab~u	رَبُّ	rab~	N	STEM|POS:N|LEM:rab~|ROOT:rbb|M|NOM	ٱقْرَأْ وَرَبُّكَ ٱلْأَكْرَمُ	اقرأ وربك الأكرم
96	8	3	1	rab~i	رَبِّ	rab~	N	STEM|POS:N|LEM:rab~|ROOT:rbb|M|GEN	إِنَّ إِلَىٰ رَبِّكَ ٱلرُّجْعَىٰٓ	إن إلى ربك الرجعى
97	4	6	1	rab~i	رَبِّ	rab~	N	STEM|POS:N|LEM:rab~|ROOT:rbb|M|GEN	تَنَزَّلُ ٱلْمَلَٰٓئِكَةُ وَٱلرُّوحُ فِيهَا بِإِذْنِ رَبِّهِم مِّن كُلِّ أَمْرٍ	تنزل الملائكة والروح فيها بإذن ربهم من كل أمر
98	8	3	1	rab~i	رَبِّ	rab~	N	STEM|POS:N|LEM:rab~|ROOT:rbb|M|GEN	جَزَآؤُهُمْ عِندَ رَبِّهِمْ جَنَّٰتُ عَدْنٍ تَجْرِى مِن تَحْتِهَا ٱلْأَنْهَٰرُ خَٰلِدِينَ فِيهَآ أَبَدًا رَّضِىَ ٱللَّهُ عَنْهُمْ وَرَضُوا۟ عَنْهُ ذَٰلِكَ لِمَنْ خَشِىَ رَبَّهُۥ	جزاؤهم عند ربهم جنات عدن تجري من تحتها الأنهار خالدين فيها أبدا رضي الله عنهم ورضوا عنه ذلك لمن خشي ربه
98	8	21	1	rab~a	رَبَّ	rab~	N	STEM|POS:N|LEM:rab~|ROOT:rbb|M|ACC	جَزَآؤُهُمْ عِندَ رَبِّهِمْ جَنَّٰتُ عَدْنٍ تَجْرِى مِن تَحْتِهَا ٱلْأَنْهَٰرُ خَٰلِدِينَ فِيهَآ أَبَدًا رَّضِىَ ٱللَّهُ عَنْهُمْ وَرَضُوا۟ عَنْهُ ذَٰلِكَ لِمَنْ خَشِىَ رَبَّهُۥ	جزاؤهم عند ربهم جنات عدن تجري من تحتها الأنهار خالدين فيها أبدا رضي الله عنهم ورضوا عنه ذلك لمن خشي ربه
99	5	2	1	rab~a	رَبَّ	rab~	N	STEM|POS:N|LEM:rab~|ROOT:rbb|M|ACC	بِأَنَّ رَبَّكَ أَوْحَىٰ لَهَا	بأن ربك أوحى لها
100	6	3	2	rab~i	رَبِّ	rab~	N	STEM|POS:N|LEM:rab~|ROOT:rbb|M|GEN	إِنَّ ٱلْإِنسَٰنَ لِرَبِّهِۦ لَكَنُودٌ	إن الإنسان لربه لكنود
100	11	2	1	rab~a	رَبَّ	rab~	N	STEM|POS:N|LEM:rab~|ROOT:rbb|M|ACC	إِنَّ رَبَّهُم بِهِمْ يَوْمَئِذٍ لَّخَبِيرٌۢ	إن ربهم بهم يومئذ لخبير
105	1	5	1	rab~u	رَبُّ	rab~	N	STEM|POS:N|LEM:rab~|ROOT:rbb|M|NOM	بِسْمِ ٱللَّهِ ٱلرَّحْمَٰنِ ٱلرَّحِيمِ أَلَمْ تَرَ كَيْفَ فَعَلَ رَبُّكَ بِأَصْحَٰبِ ٱلْفِيلِ	بسم الله الرحمن الرحيم ألم تر كيف فعل ربك بأصحاب الفيل
106	3	2	1	rab~a	رَبَّ	rab~	N	STEM|POS:N|LEM:rab~|ROOT:rbb|M|ACC	فَلْيَعْبُدُوا۟ رَبَّ هَٰذَا ٱلْبَيْتِ	فليعبدوا رب هذا البيت
108	2	2	2	rab~i	رَبِّ	rab~	N	STEM|POS:N|LEM:rab~|ROOT:rbb|M|GEN	فَصَلِّ لِرَبِّكَ وَٱنْحَرْ	فصل لربك وانحر
110	3	3	1	rab~i	رَبِّ	rab~	N	STEM|POS:N|LEM:rab~|ROOT:rbb|M|GEN	فَسَبِّحْ بِحَمْدِ رَبِّكَ وَٱسْتَغْفِرْهُ إِنَّهُۥ كَانَ تَوَّابًۢا	فسبح بحمد ربك واستغفره إنه كان توابا
113	1	3	2	rab~i	رَبِّ	rab~	N	STEM|POS:N|LEM:rab~|ROOT:rbb|M|GEN	بِسْمِ ٱللَّهِ ٱلرَّحْمَٰنِ ٱلرَّحِيمِ قُلْ أَعُوذُ بِرَبِّ ٱلْفَلَقِ	بسم الله الرحمن الرحيم قل أعوذ برب الفلق
114	1	3	2	rab~i	رَبِّ	rab~	N	STEM|POS:N|LEM:rab~|ROOT:rbb|M|GEN	بِسْمِ ٱللَّهِ ٱلرَّحْمَٰنِ ٱلرَّحِيمِ قُلْ أَعُوذُ بِرَبِّ ٱلنَّاسِ	بسم الله الرحمن الرحيم قل أعوذ برب الناس
